property_id,lot_area,land_contour,lot_config,neighborhood,bldg_type,house_style,overall_qual,overall_cond,roof_style,foundation,gr_liv_area,bedroom_abv_gr,fireplaces,yr_sold,sale_condition,lot_frontage,exterior1st,sale_type,fence,garage_type,mas_vnr_type,garage_cars,bsmt_fin_sf1,bsmt_fin_sf2,total_bsmt_sf,porcentaje_sotano_terminado,total_outdoor_space,has_outdoor_space,lot_coverage_pct,garage_age,house_age,years_since_remodel,has_been_remodeled,total_bathrooms,is_noisy,mo_sold_sin,mo_sold_cos,es_temporada_alta,total_living_porch,total_outdoor_deck,has_gas_heating,has_central_air,is_single_kitchen,has_standard_electrical,exter_qual,exter_cond,bsmt_qual,heating_qc,kitchen_qual,fireplace_qu,functional,bsmt_fin_type2,bsmt_exposure,lot_shape,garage_finish,paved_drive,land_slope,alley,log_sale_price,deterioration_index,needs_urgent_repair,edad_efectiva,penalizacion_condicion
1395,4045,Lvl,Inside,Blmngtn,TwnhsE,1Story,7,5,Hip,PConc,1500,2,1,2006,Partial,53.0,VinylSd,New,None,Attchd,BrkFace,3,1070,0,1356,0.78908554572271383,181,1,0.37082818294190356,0,0,0,0,3.0,0,-0.8660254037844386,0.50000000000000011,0,0,181,1,1,1,1,4,3,4,5,4,4,7,1,3,3,3,2,2,0,12.415433652431746,2,0,0,0
640,3982,Lvl,Inside,Blmngtn,TwnhsE,1Story,8,5,Hip,PConc,1567,1,1,2006,Partial,53.0,VinylSd,New,None,Attchd,None,3,1154,0,1520,0.75921052631578945,312,1,0.39352084379708691,0,0,0,0,3.0,0,-0.8660254037844386,0.50000000000000011,0,0,312,1,1,1,1,4,3,4,5,5,4,7,1,3,3,3,2,2,0,12.485827127509431,2,0,0,0
983,3182,Lvl,Inside,Blmngtn,1Fam,1Story,7,5,Gable,PConc,1266,2,1,2008,Normal,43.0,VinylSd,WD,None,Attchd,BrkFace,2,0,0,1266,0.0,116,1,0.39786297925832809,1,1,1,0,2.0,0,1.0,6.123233995736766e-17,0,0,116,1,1,1,1,4,3,4,5,4,4,7,1,3,3,3,2,2,0,11.982272628789678,2,0,0,0
1020,3013,Lvl,Inside,Blmngtn,TwnhsE,1Story,7,5,Gable,PConc,1506,2,1,2006,Normal,43.0,VinylSd,WD,None,Attchd,BrkFace,2,16,0,1362,0.011747430249632892,162,1,0.49983405243942913,1,1,1,0,2.0,0,0.86602540378443871,-0.49999999999999978,1,0,162,1,1,1,1,4,3,4,5,4,4,7,1,4,3,3,2,2,0,12.27134527214637,2,0,0,0
598,3922,Lvl,Inside,Blmngtn,TwnhsE,1Story,7,5,Gable,PConc,1402,2,1,2007,Partial,53.0,VinylSd,New,None,Attchd,BrkFace,3,0,0,1258,0.0,136,1,0.35747067822539519,1,1,0,1,2.0,0,0.8660254037844386,0.50000000000000011,0,0,136,1,1,1,1,4,3,5,5,4,4,7,1,3,3,3,2,2,0,12.176648984156691,2,0,1,0
444,3922,Lvl,Inside,Blmngtn,TwnhsE,1Story,7,5,Gable,PConc,1258,2,1,2007,Partial,53.0,WdShing,New,None,Attchd,BrkFace,3,0,0,1258,0.0,160,1,0.32075471698113206,0,1,0,1,2.0,0,1.2246467991473532e-16,-1.0,1,0,160,1,1,1,1,4,3,5,5,4,4,7,1,3,3,3,2,2,0,12.058152515453552,2,0,1,0
220,3010,Lvl,Inside,Blmngtn,TwnhsE,1Story,7,5,Gable,PConc,1248,2,0,2006,Partial,43.0,VinylSd,New,None,Attchd,BrkFace,2,16,0,1248,0.01282051282051282,108,1,0.41461794019933557,1,1,0,1,2.0,0,1.0,6.123233995736766e-17,0,0,108,1,1,1,1,4,3,4,5,4,0,7,1,3,3,3,2,2,0,12.0271851854705,2,0,1,0
1127,3684,Lvl,Inside,Blmngtn,TwnhsE,1Story,7,5,Hip,PConc,1555,2,1,2009,Normal,53.0,VinylSd,WD,None,Attchd,BrkFace,3,0,0,1373,0.0,163,1,0.42209554831704671,2,2,2,0,2.0,0,1.2246467991473532e-16,-1.0,1,0,163,1,1,1,1,4,3,4,5,4,3,7,1,1,3,3,2,2,0,12.066810578196666,2,0,0,0
1416,3635,Lvl,Inside,Blmngtn,TwnhsE,1Story,7,5,Hip,PConc,1569,1,1,2009,Normal,51.0,VinylSd,WD,None,Attchd,BrkFace,3,988,0,1386,0.71284271284271283,163,1,0.43163686382393396,2,2,2,0,2.5,0,0.49999999999999994,-0.86602540378443871,1,0,163,1,1,1,1,4,3,4,5,4,3,7,1,1,3,2,2,2,0,12.077670930725649,2,0,0,0
466,3072,Lvl,Inside,Blmngtn,TwnhsE,1Story,7,5,Hip,PConc,1414,2,1,2006,Normal,43.0,VinylSd,WD,None,Attchd,BrkFace,2,0,0,1375,0.0,164,1,0.46028645833333331,2,2,2,0,2.0,0,0.49999999999999994,-0.86602540378443871,1,0,164,1,1,1,1,4,3,4,5,4,3,7,1,1,3,3,2,2,0,12.093687514935382,2,0,0,0
1024,3182,Lvl,Inside,Blmngtn,TwnhsE,1Story,7,5,Gable,PConc,1504,2,1,2008,Normal,43.0,VinylSd,WD,None,Attchd,BrkFace,2,16,0,1346,0.01188707280832095,176,1,0.47265870521684478,3,3,2,1,2.0,0,0.49999999999999994,-0.86602540378443871,1,0,176,1,1,1,1,4,3,4,5,4,4,7,1,1,3,3,2,2,0,12.160028707028767,2,0,1,0
852,3196,Lvl,Inside,Blmngtn,TwnhsE,1Story,8,5,Gable,PConc,1456,2,1,2006,Normal,43.0,VinylSd,WD,None,Attchd,BrkFace,2,0,0,1273,0.0,163,1,0.45556946182728408,3,3,3,0,2.0,0,0.49999999999999994,-0.86602540378443871,1,0,163,1,1,1,1,4,3,4,5,4,3,7,1,4,3,3,2,2,0,12.2783933071098,2,0,0,0
560,3196,Lvl,Inside,Blmngtn,TwnhsE,1Story,7,5,Gable,PConc,1557,2,1,2006,Normal,43.0,VinylSd,WD,None,Attchd,BrkFace,2,0,0,1374,0.0,163,1,0.48717146433041303,3,3,2,1,2.0,0,-0.8660254037844386,0.50000000000000011,0,0,163,1,1,1,1,4,3,4,5,4,3,7,1,4,3,3,2,2,0,12.363076394339839,2,0,1,0
1005,3182,Lvl,Inside,Blmngtn,TwnhsE,1Story,7,5,Gable,PConc,1504,1,1,2009,Normal,43.0,VinylSd,WD,None,Attchd,BrkFace,2,16,0,1346,0.01188707280832095,156,1,0.47265870521684478,4,4,3,1,2.0,0,0.49999999999999994,-0.86602540378443871,1,0,156,1,1,1,1,4,3,4,5,4,4,7,1,1,3,3,2,2,0,12.106252310247962,2,0,1,0
230,3182,Lvl,Inside,Blmngtn,TwnhsE,1Story,7,5,Gable,PConc,1555,2,1,2009,Normal,43.0,VinylSd,WD,None,Attchd,BrkFace,2,16,0,1373,0.011653313911143482,163,1,0.48868636077938404,4,4,3,1,2.0,0,0.49999999999999994,-0.86602540378443871,1,0,163,1,1,1,1,4,3,4,5,4,3,7,1,3,3,3,2,2,0,12.167851432709975,2,0,1,0
791,3182,Lvl,Inside,Blmngtn,TwnhsE,1Story,7,5,Gable,PConc,1145,2,1,2009,Normal,43.0,VinylSd,WD,None,Attchd,BrkFace,2,16,0,1145,0.013973799126637555,116,1,0.35983658076681335,4,4,3,1,2.0,0,-1.0,-1.8369701987210297e-16,0,0,116,1,1,1,1,4,3,4,5,4,4,7,1,1,3,3,2,2,0,11.984178313616395,2,0,1,0
386,3182,Lvl,Inside,Blmngtn,TwnhsE,1Story,8,5,Gable,PConc,1269,2,1,2010,Normal,43.0,VinylSd,WD,None,Attchd,BrkFace,2,24,0,1256,0.019108280254777069,310,1,0.39880578252671278,6,6,5,1,2.0,0,0.86602540378443871,-0.49999999999999978,1,144,166,1,1,1,1,4,3,4,5,4,3,7,1,1,3,3,2,2,0,12.165250651009918,2,0,1,0
600,1950,Lvl,Inside,Blueste,Twnhs,2Story,6,6,Gable,CBlock,1556,3,1,2008,Normal,24.0,MetalSd,COD,GdPrv,Attchd,None,2,81,612,716,0.96787709497206709,161,1,0.79794871794871791,28,28,28,0,3.5,0,-0.49999999999999972,-0.86602540378443882,1,0,161,1,1,1,1,3,4,4,3,3,3,7,6,1,3,3,2,2,0,11.925035115797062,3,0,0,0
957,1300,Lvl,Inside,Blueste,TwnhsE,2Story,6,6,Gable,CBlock,1229,2,1,2009,Normal,24.0,MetalSd,WD,GdPrv,Attchd,None,2,285,0,561,0.50802139037433158,150,1,0.94538461538461538,29,29,29,0,1.5,0,0.49999999999999994,-0.86602540378443871,1,0,150,1,1,1,1,3,3,4,3,3,3,7,1,1,3,3,2,2,0,11.728036844587175,4,0,0,0
1379,1953,Lvl,Inside,BrDale,Twnhs,2Story,6,5,Gable,CBlock,987,2,0,2006,Normal,21.0,HdBoard,WD,None,Detchd,BrkFace,1,309,0,483,0.639751552795031,72,1,0.5053763440860215,33,33,33,0,1.5,0,1.2246467991473532e-16,-1.0,1,0,72,1,1,1,1,3,3,3,3,3,0,7,1,1,3,1,2,2,0,11.326595886778735,4,0,0,0
233,1680,Lvl,Inside,BrDale,Twnhs,2Story,6,5,Gable,CBlock,987,2,1,2006,Normal,21.0,HdBoard,WD,None,Attchd,BrkFace,1,0,0,483,0.0,0,0,0.5875,34,34,34,0,1.5,0,1.2246467991473532e-16,-1.0,1,0,0,1,1,1,1,3,3,3,3,3,1,7,1,1,3,1,2,2,0,11.456355113481834,4,0,0,0
1030,1680,Lvl,Inside,BrDale,Twnhs,2Story,6,7,Gable,CBlock,1218,3,0,2006,Normal,21.0,HdBoard,WD,None,Detchd,BrkFace,1,317,0,672,0.47172619047619047,28,1,0.725,34,34,34,0,2.0,0,0.49999999999999994,-0.86602540378443871,1,0,28,1,1,1,1,3,3,3,4,3,0,7,1,1,3,1,2,2,0,11.678439903447801,3,0,0,0
501,1890,Lvl,Inside,BrDale,Twnhs,2Story,6,5,Gable,CBlock,1218,3,0,2007,Normal,21.0,HdBoard,WD,None,Detchd,BrkFace,1,356,0,672,0.52976190476190477,172,1,0.64444444444444449,34,34,34,0,1.5,0,0.49999999999999994,-0.86602540378443871,1,0,172,1,1,1,1,3,3,3,3,3,0,7,1,1,3,1,2,2,0,11.635143097694478,4,0,0,0
838,1680,Lvl,Inside,BrDale,Twnhs,2Story,6,5,Gable,CBlock,987,2,0,2008,Normal,21.0,HdBoard,WD,None,Detchd,BrkFace,1,330,0,483,0.68322981366459623,0,0,0.5875,35,35,35,0,2.5,0,-0.50000000000000044,0.86602540378443837,0,0,0,1,1,1,1,3,3,3,3,3,0,7,1,1,3,1,2,2,0,11.512925464970229,4,0,0,0
1220,1680,Lvl,Inside,BrDale,Twnhs,2Story,6,5,Gable,CBlock,1218,3,0,2006,Abnorml,21.0,CemntBd,WD,None,None,BrkFace,0,0,0,672,0.0,201,1,0.725,-999,35,35,0,1.5,0,0.86602540378443871,-0.49999999999999978,1,0,201,1,1,1,1,3,3,3,3,3,0,7,1,1,3,0,0,2,0,11.424094251263613,4,0,0,0
433,1920,Lvl,Inside,BrDale,TwnhsE,2Story,5,5,Gable,CBlock,1365,2,0,2007,Normal,24.0,HdBoard,WD,None,Detchd,BrkFace,2,471,0,765,0.615686274509804,276,1,0.7109375,36,36,36,0,2.5,0,-0.86602540378443837,-0.50000000000000044,0,0,276,1,1,1,1,3,3,3,5,3,0,6,1,1,3,1,2,2,0,11.715866308966918,2,0,0,0
1292,1680,Lvl,Inside,BrDale,Twnhs,2Story,5,7,Gable,CBlock,1302,3,0,2009,Normal,21.0,CemntBd,WD,None,Detchd,BrkFace,1,231,0,630,0.36666666666666664,185,1,0.775,37,37,37,0,2.5,0,0.8660254037844386,0.50000000000000011,0,0,185,1,1,1,1,3,3,3,3,3,0,7,1,1,3,1,2,2,0,11.691071650353702,4,0,0,0
364,1680,Lvl,Inside,BrDale,Twnhs,2Story,6,8,Gable,CBlock,987,2,0,2009,Normal,21.0,HdBoard,WD,None,Detchd,BrkFace,1,162,0,483,0.33540372670807456,250,1,0.5875,37,37,2,1,1.5,0,0.49999999999999994,-0.86602540378443871,1,0,250,1,1,1,1,3,3,3,4,4,0,7,1,1,3,1,2,2,0,11.678439903447801,3,0,35,0
1105,2016,Lvl,Inside,BrDale,TwnhsE,2Story,5,5,Gable,CBlock,1302,3,0,2007,Normal,24.0,HdBoard,WD,None,Detchd,BrkFace,2,0,0,630,0.0,0,0,0.64583333333333337,37,37,37,0,2.5,0,0.86602540378443871,-0.49999999999999978,1,0,0,1,1,1,1,3,3,3,3,3,0,7,1,1,3,1,2,2,0,11.571194373094205,4,0,0,0
431,1680,Lvl,Inside,BrDale,Twnhs,2Story,6,5,Gable,CBlock,987,2,0,2008,Abnorml,21.0,HdBoard,COD,None,Detchd,BrkFace,1,387,0,483,0.80124223602484468,0,0,0.5875,37,37,37,0,1.5,0,-0.49999999999999972,-0.86602540378443882,1,0,0,1,1,1,1,3,3,3,3,3,0,7,1,1,3,1,2,2,0,11.355101379776661,4,0,0,0
236,1680,Lvl,Inside,BrDale,TwnhsE,2Story,6,3,Gable,CBlock,987,2,0,2008,Normal,21.0,HdBoard,WD,None,Detchd,BrkFace,1,358,0,483,0.74120082815734989,0,0,0.5875,37,37,37,0,1.5,0,-0.86602540378443837,-0.50000000000000044,0,0,0,1,1,1,1,3,3,3,3,3,0,7,1,1,3,1,2,2,0,11.401993904262946,4,0,0,0
228,1869,Lvl,Inside,BrDale,Twnhs,2Story,6,6,Gable,CBlock,987,2,0,2008,Normal,21.0,HdBoard,WD,None,Detchd,BrkFace,1,321,0,483,0.6645962732919255,0,0,0.5280898876404494,21,38,38,0,1.5,0,-1.0,-1.8369701987210297e-16,0,0,0,1,1,1,1,3,3,3,3,3,0,7,1,1,3,1,2,2,0,11.571194373094205,4,0,0,0
226,1680,Lvl,Inside,BrDale,Twnhs,2Story,5,5,Gable,CBlock,1302,3,0,2009,Abnorml,21.0,HdBoard,COD,None,Detchd,BrkFace,1,0,0,630,0.0,0,0,0.775,18,38,38,0,2.5,0,0.49999999999999994,-0.86602540378443871,1,0,0,1,1,1,1,3,3,3,3,3,0,7,1,1,3,1,2,2,0,11.626254150277232,4,0,0,0
1335,2368,Lvl,Inside,BrDale,TwnhsE,2Story,5,6,Gable,CBlock,1365,3,0,2009,Normal,24.0,HdBoard,WD,None,Attchd,None,2,765,0,765,1.0,36,1,0.57643581081081086,39,39,39,0,1.5,0,0.49999999999999994,-0.86602540378443871,1,0,36,1,1,1,1,3,3,3,3,3,0,6,1,1,3,1,2,2,0,11.736069016284437,4,0,0,0
656,1680,Lvl,Inside,BrDale,Twnhs,2Story,6,5,Gable,CBlock,1092,3,0,2010,Family,21.0,HdBoard,WD,None,Detchd,BrkFace,1,0,0,525,0.0,0,0,0.65,39,39,39,0,1.5,0,1.0,6.123233995736766e-17,0,0,0,1,1,1,1,3,3,3,3,3,0,7,1,1,3,1,2,2,0,11.385092093460344,4,0,0,0
714,9873,Lvl,Inside,BrkSide,2fmCon,1Story,4,5,Gable,CBlock,960,3,0,2006,Normal,60.0,HdBoard,WD,None,Detchd,BrkFace,2,789,0,960,0.821875,288,1,0.097234883014281376,36,36,36,0,2.0,1,0.49999999999999994,-0.86602540378443871,1,0,288,0,0,1,1,3,3,3,3,3,0,7,1,3,3,1,2,2,0,11.76756768334381,4,0,0,0
961,7207,Lvl,Inside,BrkSide,1Fam,1Story,5,7,Gable,CBlock,858,2,0,2010,Normal,50.0,Wd Sdng,WD,None,None,None,0,696,0,858,0.81118881118881114,117,1,0.11905092271402803,-999,52,2,1,2.0,0,0.8660254037844386,0.50000000000000011,0,0,117,1,1,1,1,3,4,3,4,3,0,7,1,4,2,0,2,2,0,11.665646551987892,2,0,50,1
523,5000,Lvl,Corner,BrkSide,1Fam,1.5Fin,6,7,Gable,CBlock,1664,3,2,2006,Normal,50.0,CemntBd,WD,None,Detchd,None,2,399,0,1004,0.39741035856573703,60,1,0.3328,56,59,56,1,2.0,1,-0.8660254037844386,0.50000000000000011,0,36,24,1,1,1,1,3,4,3,5,3,4,7,1,1,3,1,2,2,0,11.976659481202368,1,0,3,0
1322,6627,Lvl,Corner,BrkSide,1Fam,1Story,3,6,Hip,CBlock,720,2,0,2008,Normal,52.0,VinylSd,WD,None,Detchd,None,1,0,0,0,0.0,0,0,0.10864644635581711,53,59,58,1,1.0,1,-0.49999999999999972,-0.86602540378443882,1,0,0,0,0,1,1,3,3,0,3,3,0,7,0,0,2,1,2,2,0,11.191341840842766,4,0,1,1
460,7015,Bnk,Corner,BrkSide,1Fam,1.5Fin,5,4,Gable,CBlock,1203,3,1,2009,Normal,52.0,MetalSd,WD,None,Detchd,BrkCmn,1,185,0,709,0.26093088857545838,248,1,0.1714896650035638,59,59,59,0,2.0,0,-0.49999999999999972,-0.86602540378443882,1,248,0,1,1,1,1,3,3,3,3,4,3,7,1,1,2,1,2,2,0,11.608235644774552,4,0,0,0
1219,6240,Lvl,Inside,BrkSide,1Fam,1.5Fin,4,5,Gable,Slab,912,2,0,2006,Normal,52.0,AsbShng,WD,None,None,None,0,0,0,0,0.0,0,0,0.14615384615384616,-999,59,56,1,1.0,0,-0.49999999999999972,-0.86602540378443882,1,0,0,1,0,1,1,3,3,0,4,3,0,7,0,0,3,0,0,2,0,11.296012463406655,3,0,3,0
996,4712,Lvl,Inside,BrkSide,1Fam,1.5Fin,4,7,Gable,CBlock,1230,3,0,2006,Abnorml,51.0,MetalSd,WD,MnPrv,Detchd,None,1,384,0,747,0.51405622489959835,120,1,0.26103565365025466,60,60,56,1,2.5,1,-0.86602540378443837,-0.50000000000000044,0,63,57,1,1,1,1,3,3,3,3,3,0,7,1,1,2,1,2,1,0,11.708492248514204,4,0,4,1
78,8635,Lvl,Inside,BrkSide,1Fam,1.5Fin,5,5,Gable,CBlock,1285,2,0,2008,Normal,50.0,Wd Sdng,WD,MnPrv,Detchd,None,1,336,41,672,0.56101190476190477,0,0,0.14881297046902142,60,60,7,1,2.0,0,0.49999999999999994,0.86602540378443871,0,0,0,1,1,1,1,3,3,3,3,3,0,6,6,1,3,1,2,2,0,11.751942365440728,4,0,53,0
534,5000,Low,Inside,BrkSide,1Fam,1Story,1,3,Gable,Slab,334,1,0,2007,Normal,50.0,VinylSd,WD,None,None,None,0,0,0,0,0.0,0,0,0.0668,-999,61,57,1,1.0,0,0.49999999999999994,0.86602540378443871,0,0,0,1,0,1,0,2,2,0,2,2,0,7,0,0,3,0,0,1,0,10.578979797857352,6,1,4,0
394,7446,Lvl,Corner,BrkSide,1Fam,1Story,4,5,Gable,CBlock,788,2,2,2006,Abnorml,52.0,WdShing,WD,GdWo,None,None,0,266,0,788,0.33756345177664976,0,0,0.10582863282299221,-999,65,56,1,1.0,1,0.86602540378443871,-0.49999999999999978,1,0,0,1,1,1,0,3,3,3,3,3,3,7,1,1,3,0,2,2,0,11.512925464970229,4,0,9,0
1390,6000,Lvl,Inside,BrkSide,1Fam,1.5Fin,6,6,Gable,BrkTil,1218,3,1,2007,Normal,60.0,Wd Sdng,WD,None,Detchd,None,2,375,0,735,0.51020408163265307,0,0,0.203,4,66,57,1,1.5,0,1.0,6.123233995736766e-17,0,0,0,1,1,1,1,3,4,3,5,3,4,7,1,1,3,1,2,2,0,11.782952602183288,1,0,9,0
346,6435,Lvl,Inside,BrkSide,1Fam,1.5Fin,6,5,Gable,BrkTil,1577,3,1,2006,Normal,65.0,MetalSd,WD,None,Detchd,None,1,0,0,972,0.0,0,0,0.24506604506604507,67,67,56,1,1.0,1,-0.8660254037844386,0.50000000000000011,0,0,0,1,1,1,1,3,3,3,4,2,4,7,1,1,3,1,2,2,0,11.850825253582627,3,0,11,0
362,9144,Lvl,Inside,BrkSide,1Fam,1.5Fin,5,5,Gable,CBlock,1505,3,0,2008,Normal,52.0,MetalSd,WD,None,Detchd,None,1,399,0,883,0.45186862967157415,0,0,0.164588801399825,68,68,26,1,2.0,0,-0.49999999999999972,-0.86602540378443882,1,0,0,1,1,1,1,3,3,3,4,3,0,7,1,1,3,1,0,2,2,11.884489021402711,3,0,42,0
1324,5330,HLS,Inside,BrkSide,1Fam,1Story,4,7,Hip,CBlock,708,2,0,2009,Normal,50.0,VinylSd,WD,None,None,None,0,280,0,420,0.66666666666666663,164,1,0.13283302063789867,-999,69,59,1,1.0,0,-2.4492935982947064e-16,1.0,0,0,164,1,1,1,1,2,3,3,4,2,0,7,1,1,3,0,2,2,0,11.320553572322773,3,0,10,1
10,7420,Lvl,Corner,BrkSide,2fmCon,1.5Unf,5,6,Gable,BrkTil,1077,2,2,2008,Normal,50.0,MetalSd,WD,None,Attchd,None,1,851,0,991,0.858728557013118,4,1,0.14514824797843665,69,69,58,1,2.0,1,0.49999999999999994,0.86602540378443871,0,0,4,1,1,0,1,3,3,3,5,3,3,7,1,1,3,2,2,2,0,11.678439903447801,2,0,11,0
1286,6000,Lvl,Inside,BrkSide,1Fam,1.5Fin,6,6,Gable,CBlock,1412,4,1,2009,Normal,50.0,MetalSd,WD,None,Detchd,None,1,0,0,780,0.0,45,1,0.23533333333333334,70,70,59,1,1.0,0,0.49999999999999994,-0.86602540378443871,1,0,45,1,1,1,0,3,2,3,5,3,4,7,1,1,3,1,2,2,0,11.794337924408413,3,0,11,0
251,5350,Lvl,Inside,BrkSide,1Fam,1Story,3,2,Gable,CBlock,1306,3,0,2010,Normal,55.0,Wd Sdng,WD,GdWo,None,None,0,0,0,728,0.0,263,1,0.24411214953271029,-999,70,44,1,1.0,0,0.49999999999999994,-0.86602540378443871,1,0,263,1,1,1,1,3,1,3,5,2,0,4,1,1,2,0,2,2,0,11.245046019814627,4,0,26,0
150,6240,Lvl,Inside,BrkSide,1Fam,1.5Fin,5,4,Gable,BrkTil,1344,3,0,2006,Normal,52.0,MetalSd,WD,None,Detchd,None,1,0,0,896,0.0,314,1,0.2153846153846154,70,70,56,1,1.0,0,0.86602540378443871,-0.49999999999999978,1,0,314,1,1,1,0,3,3,4,4,3,0,7,1,1,3,1,2,2,0,11.652687407345388,3,0,14,0
1353,6000,Lvl,Inside,BrkSide,1Fam,1.5Fin,6,9,Gable,BrkTil,1176,2,0,2009,Normal,50.0,MetalSd,WD,None,Detchd,None,2,0,0,698,0.0,210,1,0.196,10,72,9,1,1.0,0,-0.49999999999999972,-0.86602540378443882,1,0,210,1,1,1,1,4,3,3,3,3,0,7,1,1,3,1,0,2,0,11.812289042195847,4,0,63,1
52,6240,Lvl,Inside,BrkSide,1Fam,1.5Fin,6,6,Gable,PConc,1176,3,1,2006,Normal,52.0,Wd Sdng,WD,MnPrv,Detchd,None,2,0,0,816,0.0,112,1,0.18846153846153846,21,72,56,1,1.0,0,-1.0,-1.8369701987210297e-16,0,0,112,1,1,1,1,3,3,3,3,3,4,7,1,1,3,1,2,2,0,11.648330101976432,4,0,16,0
695,6120,Lvl,Corner,BrkSide,1Fam,1.5Fin,5,6,Gable,BrkTil,1539,3,0,2009,Normal,51.0,Wd Sdng,WD,MnPrv,Detchd,None,2,0,0,927,0.0,112,1,0.25147058823529411,14,73,59,1,1.5,0,0.86602540378443871,-0.49999999999999978,1,0,112,1,1,1,1,3,2,3,3,3,0,7,1,1,3,1,2,2,0,11.860054996065429,5,1,14,0
711,4130,Lvl,Inside,BrkSide,1Fam,1Story,3,6,Gable,CBlock,729,2,0,2008,Normal,56.0,VinylSd,WD,None,None,None,0,0,0,270,0.0,0,0,0.1765133171912833,-999,73,5,1,1.0,0,-0.49999999999999972,-0.86602540378443882,1,0,0,1,1,1,1,4,3,3,4,3,0,2,1,1,2,0,0,2,0,10.858998997563564,3,0,68,1
1099,6000,Lvl,Inside,BrkSide,1Fam,1.5Fin,4,6,Gable,BrkTil,1324,3,0,2009,Normal,50.0,MetalSd,WD,None,Detchd,None,1,672,0,672,1.0,0,0,0.22066666666666668,73,73,59,1,1.0,0,-0.49999999999999972,-0.86602540378443882,1,0,0,1,1,1,1,3,3,3,3,3,0,7,1,1,3,1,2,2,0,11.759785542901755,4,0,14,1
637,6120,Lvl,Inside,BrkSide,1Fam,1Story,2,3,Gable,BrkTil,800,1,1,2009,Normal,51.0,AsbShng,ConLw,None,None,None,0,0,0,264,0.0,0,0,0.13071895424836602,-999,73,59,1,1.0,0,0.49999999999999994,0.86602540378443871,0,0,0,0,0,1,0,2,2,3,2,2,1,3,1,1,3,0,0,2,0,11.002099841204238,6,1,14,0
585,6120,Lvl,Inside,BrkSide,1Fam,1.5Fin,4,7,Gable,BrkTil,1573,3,0,2009,Normal,51.0,AsbShng,WD,None,Detchd,None,1,0,0,884,0.0,174,1,0.25702614379084965,74,74,14,1,1.0,0,-0.49999999999999972,-0.86602540378443882,1,174,0,1,1,1,1,3,3,3,5,4,0,7,1,1,3,1,2,2,0,11.798104407203891,2,0,60,1
1256,6240,Lvl,Inside,BrkSide,1Fam,1.5Fin,6,6,Gable,BrkTil,1367,3,1,2007,Normal,52.0,Wd Sdng,WD,None,Detchd,None,1,425,0,884,0.48076923076923078,120,1,0.21907051282051282,29,76,57,1,1.0,0,-0.50000000000000044,0.86602540378443837,0,120,0,1,1,1,0,3,3,3,3,3,4,7,1,1,3,1,2,2,0,11.755871643580617,4,0,19,0
1146,6240,Lvl,Inside,BrkSide,1Fam,1.5Fin,5,6,Gable,BrkTil,1576,3,1,2006,Family,52.0,MetalSd,WD,None,Detchd,None,1,0,0,1042,0.0,0,0,0.25256410256410255,78,78,56,1,1.0,0,-0.86602540378443837,-0.50000000000000044,0,0,0,1,1,1,1,3,3,3,5,3,4,7,1,1,3,1,2,2,0,11.911701584927597,2,0,22,0
16,6120,Lvl,Corner,BrkSide,1Fam,1.5Unf,7,8,Gable,BrkTil,854,2,0,2007,Normal,51.0,Wd Sdng,WD,GdPrv,Detchd,None,2,0,0,832,0.0,160,1,0.13954248366013072,16,78,6,1,1.0,0,-0.49999999999999972,-0.86602540378443882,1,0,160,1,1,1,0,3,3,3,5,3,0,7,1,1,3,1,2,2,0,11.790557201568507,2,0,72,1
443,6240,Lvl,Inside,BrkSide,1Fam,1.5Fin,5,7,Gable,PConc,1573,3,1,2008,Normal,52.0,MetalSd,WD,None,Detchd,None,2,0,0,1078,0.0,0,0,0.25208333333333333,78,78,16,1,2.0,0,1.2246467991473532e-16,-1.0,1,0,0,1,1,1,1,3,3,3,3,3,4,7,1,1,3,1,1,2,0,12.000891794590137,4,0,62,1
147,6120,Lvl,Corner,BrkSide,1Fam,1Story,5,7,Gable,BrkTil,875,2,0,2009,Normal,51.0,Wd Sdng,WD,None,Detchd,None,1,209,0,715,0.29230769230769232,48,1,0.14297385620915032,78,78,16,1,2.0,0,-0.50000000000000044,0.86602540378443837,0,0,48,1,1,1,0,3,3,3,3,3,0,7,1,1,3,1,2,2,0,11.561715629139661,4,0,62,1
590,9100,Lvl,Inside,BrkSide,1Fam,1Story,5,6,Gable,BrkTil,935,2,0,2008,Normal,50.0,VinylSd,WD,None,Detchd,None,1,0,0,742,0.0,0,0,0.10274725274725274,20,78,48,1,1.0,1,-0.86602540378443837,-0.50000000000000044,0,0,0,1,1,1,0,3,3,3,3,3,0,7,1,1,3,1,1,2,0,11.283512300642423,4,0,30,0
1401,6000,Lvl,Corner,BrkSide,1Fam,1.5Fin,6,7,Gable,BrkTil,1158,3,1,2008,Normal,50.0,WdShing,WD,None,BuiltIn,None,1,0,0,862,0.0,112,1,0.193,79,79,58,1,1.0,0,-0.49999999999999972,-0.86602540378443882,1,112,0,1,1,1,1,3,3,3,3,3,4,7,1,1,3,2,2,2,0,11.695247021764184,4,0,21,0
936,5825,Lvl,Inside,BrkSide,1Fam,1Story,4,5,Gable,PConc,747,1,0,2006,Normal,52.0,MetalSd,WD,None,Detchd,BrkFace,2,0,0,600,0.0,32,1,0.12824034334763948,53,80,53,1,1.0,0,1.2246467991473532e-16,-1.0,1,32,0,1,1,1,1,3,4,2,4,3,0,7,1,2,2,1,2,2,0,11.288531131754366,2,0,27,0
913,6120,Lvl,Inside,BrkSide,1Fam,1Story,5,7,Gable,BrkTil,1015,3,0,2006,Abnorml,51.0,MetalSd,WD,MnPrv,Detchd,None,1,489,0,768,0.63671875,232,1,0.16584967320261437,81,81,56,1,1.0,0,-0.49999999999999972,-0.86602540378443882,1,232,0,1,0,1,1,3,3,3,3,3,0,6,1,1,3,1,2,2,0,11.385092093460344,4,0,25,0
30,6324,Lvl,Inside,BrkSide,1Fam,1Story,4,6,Gable,BrkTil,520,1,0,2008,Normal,60.0,MetalSd,WD,None,Detchd,None,1,0,0,520,0.0,136,1,0.08222643896268185,88,81,58,1,1.0,1,0.49999999999999994,-0.86602540378443871,1,87,49,1,0,1,1,3,3,3,2,2,0,7,1,1,2,1,2,2,0,11.134589024250317,5,0,23,1
1136,6180,Lvl,Corner,BrkSide,1Fam,1Story,6,5,Gable,BrkTil,986,2,1,2007,Normal,60.0,Wd Sdng,WD,None,Detchd,None,1,0,0,960,0.0,128,1,0.15954692556634303,81,81,57,1,1.0,0,0.49999999999999994,-0.86602540378443871,1,0,128,1,0,1,1,3,3,3,3,3,4,7,1,1,3,1,2,2,0,11.532728092266408,4,0,24,0
498,9120,Lvl,Inside,BrkSide,1Fam,1.5Fin,7,6,Gable,PConc,1820,4,0,2008,Normal,60.0,Wd Sdng,WD,GdPrv,Detchd,None,1,329,0,1026,0.32066276803118909,100,1,0.19956140350877194,83,83,58,1,3.0,0,1.2246467991473532e-16,-1.0,1,0,100,1,1,1,1,3,4,3,5,3,0,7,1,1,3,1,0,2,2,12.122691036591123,1,0,25,0
438,6000,Lvl,Inside,BrkSide,1Fam,1.5Unf,6,7,Gable,PConc,904,2,0,2009,Normal,50.0,Wd Sdng,WD,None,Detchd,None,1,0,0,884,0.0,105,1,0.15066666666666667,83,83,5,1,1.0,0,0.49999999999999994,0.86602540378443871,0,105,0,1,1,1,1,4,3,3,4,3,0,7,1,1,3,1,2,2,0,11.686878772093667,3,0,78,1
977,5900,Bnk,Inside,BrkSide,1Fam,1Story,4,7,Gable,PConc,869,2,0,2006,Normal,51.0,Wd Sdng,WD,None,None,None,0,0,0,440,0.0,0,0,0.14728813559322035,-999,83,48,1,1.0,0,-0.86602540378443837,-0.50000000000000044,0,0,0,1,1,1,0,3,3,4,3,2,0,7,1,1,2,0,2,2,0,11.356271654924852,4,0,35,1
556,6380,Lvl,Inside,BrkSide,1Fam,1.5Unf,5,6,Gable,BrkTil,1048,2,1,2006,Normal,58.0,MetalSd,WD,None,Detchd,None,1,0,0,993,0.0,116,1,0.16426332288401255,84,84,56,1,1.0,0,-0.86602540378443837,-0.50000000000000044,0,116,0,1,1,1,0,3,3,3,3,3,4,7,1,1,3,1,2,2,0,11.635143097694478,4,0,28,0
276,7264,Lvl,Inside,BrkSide,1Fam,1.5Fin,7,7,Gable,BrkTil,1548,3,0,2009,Normal,55.0,Wd Sdng,WD,None,Detchd,None,2,0,0,952,0.0,218,1,0.21310572687224669,31,84,2,1,2.5,0,-0.8660254037844386,0.50000000000000011,0,144,74,0,0,1,1,4,4,3,4,5,0,7,1,1,3,1,2,2,0,12.230765258120545,2,0,82,1
1203,6000,Lvl,Corner,BrkSide,1Fam,1.5Fin,5,8,Gable,BrkTil,1348,3,1,2009,Normal,50.0,Wd Sdng,WD,None,Detchd,None,1,0,0,884,0.0,208,1,0.22466666666666665,49,84,12,1,2.0,0,0.49999999999999994,-0.86602540378443871,1,208,0,1,1,1,1,3,3,3,5,3,2,7,1,1,3,1,0,2,0,11.669929213779893,2,0,72,1
827,6130,Lvl,Inside,BrkSide,1Fam,1.5Unf,5,6,Gable,BrkTil,784,2,0,2008,Normal,50.0,MetalSd,WD,None,None,None,0,784,0,784,1.0,116,1,0.12789559543230017,-999,84,58,1,2.0,0,0.49999999999999994,-0.86602540378443871,1,116,0,1,1,1,1,3,3,3,4,4,0,7,1,1,3,0,2,2,0,11.603679828238693,3,0,26,0
547,8737,Bnk,Inside,BrkSide,1Fam,1.5Fin,6,7,Gable,BrkTil,1635,3,1,2007,Normal,70.0,BrkFace,WD,None,Detchd,None,2,300,0,1065,0.28169014084507044,182,1,0.18713517225592308,57,84,57,1,1.5,0,0.49999999999999994,-0.86602540378443871,1,144,38,1,1,1,0,3,3,4,5,3,4,7,1,1,2,1,2,2,0,12.254862809699606,2,0,27,0
762,6911,Lvl,FR2,BrkSide,1Fam,1Story,5,5,Gable,PConc,1301,2,0,2009,Normal,60.0,Wd Sdng,WD,None,Detchd,None,2,405,0,1145,0.35371179039301309,0,0,0.18825061496165532,44,85,59,1,1.0,1,-0.8660254037844386,0.50000000000000011,0,0,0,1,1,1,1,3,3,3,3,2,0,6,1,2,3,1,2,2,0,11.512925464970229,4,0,26,0
697,6000,Lvl,Inside,BrkSide,1Fam,1Story,5,7,Gable,CBlock,616,2,0,2006,Normal,50.0,Wd Sdng,WD,None,Detchd,None,1,616,0,616,1.0,129,1,0.10266666666666667,85,85,56,1,1.0,0,1.2246467991473532e-16,-1.0,1,129,0,1,1,1,1,3,3,3,4,3,0,7,1,1,3,1,2,2,0,11.396391648714276,3,0,29,0
1415,13053,Bnk,Inside,BrkSide,1Fam,1.5Fin,6,7,Gambrel,BrkTil,1848,4,1,2008,Normal,64.0,Wd Sdng,WD,None,Detchd,None,2,0,0,833,0.0,220,1,0.14157664904619627,86,85,8,1,1.5,0,1.2246467991473532e-16,-1.0,1,220,0,1,1,1,1,3,3,3,4,4,4,7,1,1,3,1,0,2,2,12.240474072247506,3,0,77,1
808,21384,Lvl,Inside,BrkSide,1Fam,2Story,5,6,Gable,CBlock,1576,3,1,2009,Normal,144.0,Wd Sdng,WD,None,Attchd,None,2,1309,0,1324,0.98867069486404835,312,1,0.073699962588851475,86,86,5,1,3.5,0,0.49999999999999994,-0.86602540378443871,1,0,312,1,1,1,1,3,3,3,5,4,3,7,1,4,3,2,2,2,0,12.317166693035761,2,0,81,1
1140,8731,Lvl,Inside,BrkSide,1Fam,1Story,5,5,Gable,BrkTil,1167,3,1,2007,Normal,98.0,Stucco,WD,None,Detchd,None,2,645,0,915,0.70491803278688525,342,1,0.13366166533043181,35,87,57,1,1.0,0,0.49999999999999994,-0.86602540378443871,1,342,0,1,1,1,1,3,2,3,3,3,4,3,1,1,2,1,2,2,0,11.877568578558138,5,1,30,0
1398,6120,Lvl,Inside,BrkSide,1Fam,2Story,5,8,Gable,BrkTil,1513,4,0,2007,Normal,51.0,MetalSd,WD,None,Detchd,None,1,0,0,939,0.0,174,1,0.24722222222222223,74,87,3,1,1.5,0,0.49999999999999994,-0.86602540378443871,1,150,24,1,1,1,1,3,3,3,5,3,0,7,1,2,3,1,0,2,0,11.831379196088763,2,0,84,1
532,6155,Lvl,FR3,BrkSide,1Fam,2Story,6,8,Gable,BrkTil,1362,3,0,2008,Normal,60.0,Wd Sdng,WD,None,Detchd,None,2,0,0,611,0.0,84,1,0.22128350934199836,88,88,9,1,2.0,1,1.2246467991473532e-16,-1.0,1,84,0,1,1,1,1,3,3,2,5,3,0,7,1,2,2,3,2,2,0,11.759785542901755,2,0,79,1
1264,13515,Lvl,Inside,BrkSide,1Fam,2Story,6,6,Gambrel,PConc,1824,3,1,2007,Normal,60.0,Wd Sdng,WD,GdPrv,Detchd,None,2,0,0,764,0.0,126,1,0.13496115427302996,67,88,57,1,1.0,0,-0.49999999999999972,-0.86602540378443882,1,126,0,1,1,1,0,3,3,3,5,3,4,7,1,1,3,1,0,2,2,12.103486056755072,2,0,31,0
587,10267,Lvl,Inside,BrkSide,1Fam,1Story,6,7,Gable,BrkTil,838,2,0,2008,Normal,55.0,Stucco,WD,MnWw,Detchd,None,1,210,606,816,1.0,112,1,0.081620726599785726,47,90,8,1,2.0,1,0.49999999999999994,-0.86602540378443871,1,112,0,1,1,1,1,3,4,3,5,2,0,7,5,2,3,3,0,2,0,11.77528972943772,1,0,82,1
290,8730,Lvl,Inside,BrkSide,1Fam,2Story,6,7,Gable,BrkTil,1396,3,0,2007,Normal,60.0,Wd Sdng,WD,None,Detchd,None,1,0,0,698,0.0,259,1,0.15990836197021763,4,92,4,1,1.0,1,-0.49999999999999972,-0.86602540378443882,1,259,0,1,1,1,0,3,3,3,5,3,0,7,1,1,3,1,2,2,0,11.941944326032129,2,0,88,1
329,11888,Bnk,Inside,BrkSide,1Fam,2.5Unf,6,6,Gable,BrkTil,2134,5,0,2009,Normal,52.0,Wd Sdng,WD,None,Detchd,None,2,0,0,844,0.0,328,1,0.17950874831763122,79,93,15,1,2.0,0,-0.49999999999999972,-0.86602540378443882,1,268,60,1,0,1,0,3,3,3,4,4,0,7,1,1,2,1,2,2,2,12.276065017350209,3,0,78,1
1444,8854,Lvl,Inside,BrkSide,1Fam,1.5Unf,6,6,Gable,BrkTil,952,2,1,2009,Normal,52.0,Wd Sdng,WD,None,Detchd,None,1,0,0,952,0.0,138,1,0.10752202394398012,93,93,59,1,1.0,0,0.49999999999999994,-0.86602540378443871,1,40,98,0,0,1,0,3,3,3,2,2,4,7,1,1,3,1,1,2,0,11.703545824578878,5,0,34,0
185,7438,Lvl,Inside,BrkSide,1Fam,1.5Fin,5,8,Gable,PConc,1252,3,0,2006,Normal,92.0,AsbShng,WD,MnPrv,Attchd,None,2,0,0,504,0.0,104,1,0.16832481849959666,20,98,15,1,1.0,1,1.2246467991473532e-16,-1.0,1,0,104,1,1,1,1,3,3,2,4,3,0,7,1,1,2,1,2,2,0,11.751942365440728,3,0,83,1
975,11414,Lvl,Corner,BrkSide,1Fam,2Story,7,8,Gable,BrkTil,2019,3,0,2009,Normal,60.0,HdBoard,WD,GdPrv,Detchd,None,2,0,0,728,0.0,644,1,0.17688803224110741,12,99,16,1,1.0,1,-0.8660254037844386,0.50000000000000011,0,0,644,1,0,1,1,3,4,4,3,4,0,7,1,1,2,1,2,2,0,12.028738630247258,3,0,83,1
801,12798,HLS,Inside,ClearCr,1Fam,2Story,6,5,Gable,PConc,1688,4,0,2008,Normal,79.0,VinylSd,WD,None,Attchd,None,2,462,0,616,0.75,702,1,0.13189560868885764,11,11,11,0,3.5,1,0.49999999999999994,-0.86602540378443871,1,185,517,1,1,1,1,3,3,4,4,4,0,7,1,4,2,2,2,1,0,12.206072645530174,3,0,0,0
683,2887,HLS,Inside,ClearCr,1Fam,1Story,6,5,Gable,PConc,1291,2,1,2008,Normal,80.0,Wd Sdng,WD,None,Attchd,None,2,1003,0,1291,0.77691711851278078,307,1,0.4471770003463803,12,12,11,1,2.0,0,-0.50000000000000044,0.86602540378443837,0,0,307,1,1,1,1,3,3,4,5,4,4,7,1,2,3,1,2,2,0,12.061046873479915,2,0,1,0
1066,14000,Lvl,Inside,ClearCr,1Fam,2Story,7,5,Gable,PConc,2260,3,0,2010,Normal,80.0,Wd Sdng,WD,None,Attchd,None,2,1201,0,1306,0.91960183767228176,340,1,0.16142857142857142,14,14,13,1,3.5,0,0.86602540378443871,-0.49999999999999978,1,0,340,1,1,1,1,4,3,5,5,4,0,7,1,4,3,2,2,1,0,12.70076888736628,2,0,1,0
385,53107,Low,Corner,ClearCr,1Fam,2Story,6,5,Gable,PConc,1953,3,2,2007,Normal,80.0,HdBoard,WD,None,Attchd,None,2,985,0,1580,0.62341772151898733,447,1,0.036774813113148924,15,15,15,0,3.5,1,1.2246467991473532e-16,-1.0,1,0,447,1,1,1,1,4,3,4,5,4,2,7,1,3,1,3,2,1,0,12.388394202324129,2,0,0,0
177,10029,Lvl,Corner,ClearCr,1Fam,2Story,6,5,Gable,PConc,2060,4,1,2007,Normal,97.0,Plywood,WD,None,Attchd,BrkFace,2,831,0,1151,0.72198088618592526,420,1,0.20540432745039386,19,19,18,1,3.0,0,-1.0,-1.8369701987210297e-16,0,192,228,1,1,1,1,4,3,4,3,3,3,7,1,1,2,1,2,2,0,12.259613412458204,4,0,1,0
352,5271,Low,Inside,ClearCr,1Fam,1Story,7,5,Gable,PConc,1453,2,1,2006,Abnorml,80.0,Wd Sdng,WD,None,Attchd,None,2,1082,0,1453,0.74466620784583615,264,1,0.27565926769114019,20,20,20,0,2.5,0,-2.4492935982947064e-16,1.0,0,184,80,1,1,1,1,3,3,4,4,4,3,7,1,4,2,2,2,1,0,12.154779351142624,3,0,0,0
452,70761,Low,Inside,ClearCr,1Fam,1Story,7,5,Gable,CBlock,1533,2,2,2006,Normal,62.0,Plywood,WD,None,Attchd,None,2,655,0,1533,0.4272667971298108,254,1,0.021664476194513928,31,31,31,0,3.0,0,-2.4492935982947064e-16,1.0,0,0,254,1,1,1,1,3,3,4,3,4,3,7,1,4,2,1,2,1,0,12.542544882151386,4,0,0,0
1271,23595,Low,Inside,ClearCr,1Fam,1Story,7,6,Shed,PConc,1524,0,1,2010,Normal,80.0,Plywood,WD,None,Attchd,None,2,1258,0,1332,0.94444444444444442,268,1,0.0645899554990464,31,31,31,0,2.5,0,0.86602540378443871,-0.49999999999999978,1,0,268,1,1,1,1,4,3,4,3,4,3,7,1,4,3,3,2,0,0,12.468436909997665,4,0,0,0
280,10005,Lvl,Inside,ClearCr,1Fam,2Story,7,5,Hip,CBlock,2022,4,1,2008,Normal,83.0,Plywood,WD,None,Attchd,BrkFace,2,392,0,1160,0.33793103448275863,405,1,0.20209895052473764,31,31,31,0,2.5,0,1.0,6.123233995736766e-17,0,0,405,1,1,1,1,3,3,4,5,3,3,7,1,1,3,3,2,2,0,12.165250651009918,2,0,0,0
707,115149,Low,CulDSac,ClearCr,1Fam,1Story,7,5,Gable,CBlock,1824,2,2,2007,Normal,80.0,Plywood,WD,None,Attchd,Stone,2,1219,0,1643,0.74193548387096775,428,1,0.015840345986504443,36,36,5,1,3.0,0,1.2246467991473532e-16,-1.0,1,0,428,1,1,1,1,3,3,4,3,4,3,7,1,4,1,1,2,0,0,12.618182296357007,4,0,31,0
121,21453,Low,CulDSac,ClearCr,1Fam,SLvl,6,5,Flat,CBlock,988,1,2,2006,Normal,80.0,Plywood,WD,None,Attchd,None,2,938,0,938,1.0,260,1,0.046054164918659393,37,37,37,0,2.0,0,-0.8660254037844386,0.50000000000000011,0,130,130,1,1,1,1,3,3,3,5,3,3,7,1,4,2,1,2,0,0,12.100712129872347,2,0,0,0
819,8816,Lvl,Inside,ClearCr,1Fam,SLvl,6,7,Gable,CBlock,1052,3,0,2010,Normal,80.0,HdBoard,WD,MnPrv,Attchd,BrkFace,2,504,0,1010,0.499009900990099,0,0,0.11932849364791288,39,39,39,0,2.0,0,1.2246467991473532e-16,-1.0,1,0,0,1,1,1,1,3,3,3,4,3,0,7,1,3,3,1,2,2,0,11.951180395901384,3,0,0,0
790,12205,Low,Inside,ClearCr,1Fam,2Story,6,8,Gable,CBlock,2087,5,0,2007,Normal,80.0,HdBoard,WD,None,Attchd,BrkFace,2,568,0,832,0.68269230769230771,301,1,0.17099549365014338,41,41,0,1,2.5,0,-0.49999999999999972,-0.86602540378443882,1,0,301,1,1,1,1,3,3,3,4,4,0,7,1,4,2,3,2,2,0,12.141534124392603,3,0,41,1
1288,36500,Low,Inside,ClearCr,1Fam,1Story,5,5,Gable,CBlock,1582,4,0,2006,Normal,80.0,Wd Sdng,WD,None,Attchd,BrkCmn,2,812,0,1624,0.5,366,1,0.04334246575342466,42,42,42,0,2.5,0,1.2246467991473532e-16,-1.0,1,0,366,1,1,1,1,3,4,3,2,3,0,7,1,3,2,1,0,1,0,12.154779351142624,4,0,0,0
829,28698,Low,CulDSac,ClearCr,1Fam,2Story,5,5,Flat,PConc,2126,3,0,2009,Abnorml,80.0,Plywood,WD,None,Attchd,None,2,249,764,1013,1.0,711,1,0.074081817548261208,42,42,42,0,3.0,0,1.2246467991473532e-16,-1.0,1,225,486,1,1,1,1,3,3,3,3,3,0,5,5,4,1,3,2,0,0,12.128111104060462,4,0,0,0
359,6930,Lvl,Inside,ClearCr,1Fam,SLvl,5,4,Hip,CBlock,1352,3,0,2006,Abnorml,92.0,Wd Sdng,WD,None,BuiltIn,BrkFace,1,300,294,1062,0.559322033898305,462,1,0.1950937950937951,48,48,48,0,1.5,0,-0.49999999999999972,-0.86602540378443882,1,294,168,1,1,1,0,3,3,3,5,4,0,5,3,3,2,1,2,2,0,11.77528972943772,2,0,0,0
154,13500,Lvl,Inside,ClearCr,1Fam,1Story,6,7,Flat,CBlock,1252,1,1,2008,Normal,80.0,BrkFace,WD,None,Attchd,None,2,429,1080,1602,0.94194756554307113,409,1,0.092740740740740735,48,48,33,1,2.0,0,1.0,6.123233995736766e-17,0,0,409,1,1,1,1,3,3,4,4,3,4,7,5,4,3,2,2,2,0,12.367340793126296,3,0,15,0
250,159000,Low,CulDSac,ClearCr,1Fam,1.5Fin,6,7,Gable,CBlock,2144,4,2,2007,Normal,80.0,Wd Sdng,WD,None,Attchd,BrkCmn,2,697,0,1444,0.48268698060941828,98,1,0.013484276729559748,49,49,1,1,2.5,0,1.2246467991473532e-16,-1.0,1,0,98,1,1,1,1,4,3,4,4,4,3,7,1,4,1,3,2,0,0,12.531772785169476,3,0,48,1
372,17120,Lvl,Inside,ClearCr,1Fam,1.5Fin,4,4,Gable,CBlock,1588,4,1,2008,Normal,80.0,WdShing,WD,None,Detchd,None,2,0,0,0,0.0,59,1,0.0927570093457944,17,49,49,0,2.0,1,-0.49999999999999972,-0.86602540378443882,1,0,59,1,1,1,1,3,3,0,3,3,4,5,0,0,3,3,0,2,0,11.808813773969108,4,0,0,0
1263,11250,Lvl,Inside,ClearCr,1Fam,1.5Fin,4,5,Gable,CBlock,1788,5,2,2009,Normal,80.0,Wd Sdng,WD,None,Attchd,None,1,0,0,1104,0.0,120,1,0.15893333333333334,52,52,20,1,2.0,0,-0.50000000000000044,0.86602540378443837,0,0,120,1,1,1,0,3,3,3,5,3,3,5,1,3,3,1,2,2,0,11.992260421644849,2,0,32,0
70,15593,Lvl,Corner,ClearCr,1Fam,1.5Fin,7,4,Gable,CBlock,2287,3,1,2006,Normal,81.0,BrkFace,WD,None,Attchd,None,2,603,0,1304,0.46242331288343558,135,1,0.14666837683575965,53,53,53,0,2.0,0,-0.49999999999999972,-0.86602540378443882,1,114,21,0,1,1,1,4,3,3,3,3,3,7,1,1,3,3,2,2,0,12.323855681186558,4,0,0,0
272,39104,Low,CulDSac,ClearCr,1Fam,1Story,7,7,Flat,CBlock,1363,2,2,2008,Normal,73.0,Plywood,WD,None,Attchd,None,2,226,1063,1385,0.93068592057761734,81,1,0.034855769230769232,54,54,3,1,2.0,0,0.86602540378443871,-0.49999999999999978,1,0,81,1,1,1,1,3,3,4,5,3,3,4,6,4,2,1,2,0,0,12.394624752074764,2,0,51,1
167,10708,Lvl,Inside,ClearCr,1Fam,1Story,5,5,Hip,CBlock,1867,2,3,2009,Normal,80.0,Wd Sdng,COD,GdWo,Attchd,None,1,379,768,1617,0.70933828076685224,618,1,0.17435562196488608,54,54,16,1,2.0,0,-0.50000000000000044,0.86602540378443837,0,142,476,1,1,1,0,4,3,3,5,3,4,7,4,1,2,3,2,2,0,12.154779351142624,2,0,38,0
458,53227,Low,CulDSac,ClearCr,1Fam,1Story,4,6,Flat,CBlock,1663,2,2,2008,Normal,80.0,Plywood,WD,None,Attchd,None,2,1116,0,1364,0.81818181818181823,361,1,0.031243541811486652,54,54,14,1,2.0,0,1.0,6.123233995736766e-17,0,0,361,1,1,1,1,3,3,4,5,4,4,6,1,4,2,3,2,1,0,12.4529327234617,2,0,40,1
1174,18030,Bnk,Inside,ClearCr,1Fam,1.5Fin,5,6,Gable,CBlock,3086,3,1,2007,Normal,138.0,MetalSd,WD,MnPrv,None,None,0,152,469,1598,0.38861076345431789,122,1,0.171159179145868,-999,61,13,1,3.0,0,1.0,6.123233995736766e-17,0,0,122,1,1,1,1,3,3,3,3,5,4,3,4,1,2,0,2,2,0,12.208569525728761,4,0,48,1
940,24090,Lvl,Inside,ClearCr,1Fam,2Story,7,7,Gable,CBlock,2403,4,2,2010,Normal,80.0,MetalSd,COD,None,Attchd,None,1,0,0,1032,0.0,374,1,0.099750933997509339,70,70,60,1,2.0,0,1.2246467991473532e-16,-1.0,1,318,56,1,1,1,1,3,4,3,5,3,3,7,1,2,3,1,2,2,0,12.406561506279576,1,0,10,0
849,45600,Bnk,Inside,ClearCr,1Fam,1.5Fin,6,8,Gable,BrkTil,2358,5,1,2008,Normal,75.0,Wd Sdng,WD,None,Detchd,None,2,0,0,907,0.0,701,1,0.051710526315789471,100,100,11,1,3.0,0,-1.0,-1.8369701987210297e-16,0,175,526,1,1,1,1,3,3,3,3,3,4,7,1,1,1,1,2,2,0,12.388394202324129,4,0,89,1
1403,6762,Lvl,Inside,CollgCr,1Fam,1Story,7,5,Gable,PConc,1294,2,1,2006,Partial,64.0,VinylSd,New,None,Attchd,None,2,0,0,1286,0.0,223,1,0.19136350192250814,0,0,0,0,2.0,0,-0.49999999999999972,-0.86602540378443882,1,0,223,1,1,1,1,4,3,4,5,4,4,7,1,3,3,2,2,2,0,12.174989532116426,2,0,0,0
221,8990,Lvl,Inside,CollgCr,1Fam,1Story,7,5,Gable,PConc,1498,2,0,2006,Partial,73.0,VinylSd,New,None,Attchd,None,2,0,0,1498,0.0,384,1,0.16662958843159065,0,0,0,0,2.0,0,0.86602540378443871,-0.49999999999999978,1,0,384,1,1,1,1,4,3,4,5,4,0,7,1,2,2,2,2,2,0,12.230277334226992,2,0,0,0
1052,11175,Lvl,Corner,CollgCr,1Fam,1Story,7,5,Gable,PConc,1316,3,1,2007,Partial,103.0,VinylSd,New,None,Attchd,None,2,0,0,1316,0.0,20,1,0.11776286353467562,0,0,0,0,2.0,0,-0.8660254037844386,0.50000000000000011,0,0,20,1,1,1,1,4,3,4,5,4,4,7,1,3,2,3,2,2,0,12.206777397134413,2,0,0,0
113,9965,Lvl,Inside,CollgCr,1Fam,2Story,7,5,Gable,PConc,2696,4,1,2007,Partial,77.0,VinylSd,New,None,BuiltIn,Stone,3,984,0,1264,0.77848101265822789,472,1,0.27054691419969895,0,0,0,0,3.5,0,-0.8660254037844386,0.50000000000000011,0,168,304,1,1,1,1,4,3,5,5,5,4,7,1,3,3,3,2,2,0,12.858319703517948,2,0,0,0
1022,7406,Lvl,Inside,CollgCr,1Fam,1Story,7,5,Gable,PConc,1220,2,0,2006,Partial,64.0,VinylSd,New,None,Attchd,Stone,2,684,0,1199,0.57047539616346954,159,1,0.16473129894679989,0,0,0,0,3.0,0,-0.49999999999999972,-0.86602540378443882,1,0,159,1,1,1,1,4,3,4,5,4,0,7,1,3,3,2,2,2,0,12.175613438045465,2,0,0,0
262,9588,Lvl,Inside,CollgCr,1Fam,2Story,8,5,Gable,PConc,2574,3,1,2007,Partial,69.0,CemntBd,New,None,BuiltIn,Stone,3,0,0,1482,0.0,148,1,0.26846057571964954,0,0,0,0,2.5,0,-0.50000000000000044,0.86602540378443837,0,0,148,1,1,1,1,4,3,5,5,5,4,7,1,1,2,3,2,2,0,12.528156144699286,2,0,0,0
291,15611,Lvl,Inside,CollgCr,1Fam,2Story,8,5,Gable,PConc,1919,3,1,2006,Partial,120.0,VinylSd,New,None,Attchd,None,2,0,0,1079,0.0,51,1,0.12292614182307347,0,0,0,0,2.5,0,-0.49999999999999972,-0.86602540378443882,1,0,51,1,1,1,1,4,3,4,5,4,4,7,1,3,3,2,2,2,0,12.359780370124389,2,0,0,0
429,6762,Lvl,Inside,CollgCr,1Fam,1Story,7,5,Gable,PConc,1208,2,0,2007,Partial,64.0,VinylSd,New,None,Attchd,BrkFace,2,664,0,1208,0.54966887417218546,159,1,0.17864537119195503,0,0,0,0,3.0,0,-1.0,-1.8369701987210297e-16,0,0,159,1,1,1,1,4,3,4,5,4,0,7,1,1,3,2,2,2,0,12.182804018590819,2,0,0,0
939,8760,Lvl,Inside,CollgCr,1Fam,2Story,7,5,Gable,PConc,1962,3,0,2006,Partial,73.0,VinylSd,New,None,Attchd,None,3,464,0,1391,0.3335729690869878,90,1,0.22397260273972602,0,0,0,0,2.5,0,-0.86602540378443837,-0.50000000000000044,0,0,90,1,1,1,1,4,3,4,5,4,0,7,1,2,3,2,2,2,0,12.38755635142507,2,0,0,0
120,8461,Lvl,Inside,CollgCr,1Fam,2Story,6,5,Gable,PConc,1456,3,1,2006,Partial,65.0,VinylSd,New,None,Attchd,None,2,0,0,728,0.0,24,1,0.17208367805223967,1,1,0,1,2.5,0,-0.49999999999999972,-0.86602540378443882,1,0,24,1,1,1,1,4,3,4,5,4,4,7,1,1,3,3,2,2,0,12.007560729337492,2,0,1,0
777,11210,Lvl,Inside,CollgCr,1Fam,1Story,7,5,Gable,PConc,1614,3,0,2006,Partial,86.0,VinylSd,New,None,Attchd,BrkFace,3,20,0,1614,0.012391573729863693,203,1,0.14397859054415701,1,1,0,1,2.0,0,-0.49999999999999972,-0.86602540378443882,1,0,203,1,1,1,1,4,3,4,5,4,0,7,1,3,2,2,2,2,0,12.308177868467327,2,0,1,0
1122,10084,Lvl,Inside,CollgCr,1Fam,1Story,7,5,Gable,PConc,1552,3,0,2006,Partial,84.0,VinylSd,New,None,Attchd,BrkFace,3,24,0,1552,0.015463917525773196,164,1,0.15390717969059897,1,1,0,1,2.0,0,-0.49999999999999972,-0.86602540378443882,1,0,164,1,1,1,1,4,3,4,5,4,0,7,1,3,3,2,2,2,0,12.26857785088157,2,0,1,0
1075,8556,Lvl,Inside,CollgCr,1Fam,1Story,7,5,Gable,PConc,1240,2,0,2007,Normal,74.0,VinylSd,WD,None,Attchd,None,3,0,0,1240,0.0,233,1,0.14492753623188406,1,1,1,0,2.0,0,0.49999999999999994,-0.86602540378443871,1,0,233,1,1,1,1,4,3,4,5,4,0,7,1,3,3,2,2,2,0,12.175613438045465,2,0,0,0
1345,11103,Lvl,Corner,CollgCr,1Fam,2Story,7,5,Gable,PConc,1456,3,1,2007,Partial,85.0,VinylSd,New,None,Attchd,None,2,0,0,728,0.0,0,0,0.13113572908223003,1,1,1,0,2.5,0,-0.49999999999999972,-0.86602540378443882,1,0,0,1,1,1,1,4,3,4,5,4,3,7,1,1,2,3,2,2,0,11.956553034172742,2,0,0,0
383,9245,Lvl,Inside,CollgCr,1Fam,2Story,7,5,Gable,PConc,1797,3,0,2007,Normal,79.0,VinylSd,WD,None,Attchd,None,2,0,0,939,0.0,197,1,0.19437533802055165,1,1,1,0,2.5,0,0.86602540378443871,-0.49999999999999978,1,0,197,1,1,1,1,4,3,4,5,4,0,7,1,3,2,2,2,2,0,12.271392111650817,2,0,0,0
104,10402,Lvl,Corner,CollgCr,1Fam,1Story,7,5,Gable,PConc,1226,3,0,2010,Normal,94.0,VinylSd,WD,None,Attchd,None,3,0,0,1226,0.0,36,1,0.1178619496250721,1,1,1,0,2.0,0,0.49999999999999994,-0.86602540378443871,1,0,36,1,1,1,1,3,3,4,5,4,0,7,1,1,2,2,2,2,0,12.200557464842063,2,0,0,0
1143,9965,Lvl,Inside,CollgCr,1Fam,2Story,8,5,Hip,PConc,2828,4,1,2007,Partial,77.0,VinylSd,New,None,BuiltIn,Stone,3,1150,0,1466,0.78444747612551158,269,1,0.28379327646763675,1,1,0,1,4.0,0,0.86602540378443871,-0.49999999999999978,1,0,269,1,1,1,1,4,3,5,5,4,3,7,1,4,3,2,2,2,0,12.959538518762063,2,0,1,0
994,8846,Lvl,Inside,CollgCr,1Fam,2Story,6,5,Gable,PConc,1500,3,0,2006,Partial,68.0,VinylSd,New,None,Attchd,None,2,0,0,750,0.0,35,1,0.16956816640289396,1,1,0,1,2.5,0,-0.86602540378443837,-0.50000000000000044,0,0,35,1,1,1,1,3,3,4,5,4,0,7,1,1,3,2,2,2,0,12.066235700342375,2,0,1,0
1096,9317,Lvl,Inside,CollgCr,1Fam,1Story,6,5,Gable,PConc,1314,3,1,2007,Normal,78.0,VinylSd,WD,None,Attchd,None,2,24,0,1314,0.0182648401826484,22,1,0.14103252119781046,1,1,1,0,2.0,0,1.0,6.123233995736766e-17,0,0,22,1,1,1,1,4,3,4,4,4,4,7,1,1,2,2,2,2,0,12.08069081199846,3,0,0,0
402,8767,Lvl,Inside,CollgCr,1Fam,1Story,7,5,Gable,PConc,1310,3,1,2006,Partial,65.0,VinylSd,New,None,Attchd,None,2,24,0,1310,0.0183206106870229,0,0,0.14942397627466636,1,1,1,0,2.0,0,-0.49999999999999972,-0.86602540378443882,1,0,0,1,1,1,1,4,3,4,5,4,4,7,1,3,2,3,2,2,0,12.013640144985491,2,0,0,0
1317,10226,Lvl,Inside,CollgCr,1Fam,1Story,8,5,Gable,PConc,1630,3,1,2009,Normal,61.0,VinylSd,WD,None,Attchd,Stone,3,0,0,1622,0.0,214,1,0.15939761392528848,1,1,1,0,3.0,0,0.49999999999999994,0.86602540378443871,0,0,214,1,1,1,1,4,3,5,5,5,4,7,1,4,2,2,2,2,0,12.596400426884427,2,0,0,0
142,11645,Lvl,Inside,CollgCr,1Fam,1Story,7,5,Gable,PConc,1734,3,0,2006,Normal,78.0,VinylSd,WD,None,Attchd,None,2,1300,0,1734,0.74971164936562862,184,1,0.14890510948905109,1,1,1,0,3.0,0,0.49999999999999994,0.86602540378443871,0,0,184,1,1,1,1,4,3,4,5,4,0,7,1,3,3,3,2,2,0,12.468436909997665,2,0,0,0
14,10652,Lvl,Inside,CollgCr,1Fam,1Story,7,5,Gable,PConc,1494,3,1,2007,Partial,91.0,VinylSd,New,None,Attchd,Stone,3,0,0,1494,0.0,193,1,0.14025535110777318,1,1,0,1,2.0,0,-0.86602540378443837,-0.50000000000000044,0,0,193,1,1,1,1,4,3,4,5,4,4,7,1,3,2,2,2,2,0,12.540757571577291,2,0,1,0
33,11049,Lvl,Corner,CollgCr,1Fam,1Story,8,5,Gable,PConc,1234,3,0,2008,Normal,85.0,VinylSd,WD,None,Attchd,None,2,0,0,1234,0.0,30,1,0.11168431532265363,1,1,1,0,2.0,0,0.49999999999999994,0.86602540378443871,0,0,30,1,1,1,1,4,3,5,5,4,0,7,1,3,3,2,2,2,0,12.100156419938624,2,0,0,0
964,11923,Lvl,Corner,CollgCr,1Fam,1Story,9,5,Gable,PConc,1800,2,0,2009,Normal,122.0,VinylSd,WD,None,Attchd,None,2,0,0,1800,0.0,424,1,0.15096871592719954,2,2,2,0,2.0,0,0.49999999999999994,-0.86602540378443871,1,0,424,1,1,1,1,4,3,5,5,5,0,7,1,1,2,3,2,2,0,12.384218830913648,2,0,0,0
769,9100,Lvl,Inside,CollgCr,1Fam,1Story,7,5,Hip,PConc,1836,3,1,2006,Normal,70.0,VinylSd,WD,None,Attchd,None,2,24,0,1860,0.012903225806451613,153,1,0.20175824175824175,2,2,1,1,2.0,0,-0.8660254037844386,0.50000000000000011,0,0,153,1,1,1,1,4,3,4,5,4,4,7,1,1,3,3,2,2,0,12.28690119819279,2,0,1,0
1238,12393,Lvl,FR2,CollgCr,1Fam,2Story,7,5,Gable,PConc,1948,4,1,2006,Normal,41.0,VinylSd,WD,None,BuiltIn,None,2,0,0,847,0.0,148,1,0.15718550794803518,2,2,1,1,2.5,0,-1.0,-1.8369701987210297e-16,0,0,148,1,1,1,1,4,3,4,5,4,4,7,1,1,1,3,2,2,0,12.180754837545884,2,0,1,0
728,7314,Lvl,Inside,CollgCr,1Fam,1Story,7,5,Gable,PConc,1232,2,0,2009,Normal,64.0,VinylSd,WD,None,Attchd,Stone,2,724,0,1232,0.58766233766233766,132,1,0.16844407984686902,2,2,2,0,3.0,0,0.8660254037844386,0.50000000000000011,0,0,132,1,1,1,1,4,3,4,5,4,0,7,1,3,3,2,2,2,0,12.178187442040638,2,0,0,0
58,11645,Lvl,Corner,CollgCr,1Fam,2Story,7,5,Gable,PConc,1720,3,0,2006,Normal,89.0,VinylSd,WD,None,Attchd,None,2,0,0,860,0.0,70,1,0.14770287677114641,2,2,2,0,2.5,0,-0.86602540378443837,-0.50000000000000044,0,0,70,1,1,1,1,4,3,4,5,4,0,7,1,1,2,2,2,2,0,12.188417710291453,2,0,0,0
757,10769,Lvl,Inside,CollgCr,1Fam,2Story,8,5,Gable,PConc,1768,3,0,2009,Normal,68.0,VinylSd,WD,None,Attchd,None,2,20,0,866,0.023094688221709007,249,1,0.16417494660599871,2,2,2,0,2.5,0,0.86602540378443871,-0.49999999999999978,1,0,249,1,1,1,1,4,3,4,5,4,0,7,1,3,2,2,2,2,0,12.26434155365415,2,0,0,0
1079,4435,Lvl,Inside,CollgCr,TwnhsE,1Story,6,5,Gable,PConc,848,1,1,2006,Normal,37.0,VinylSd,WD,None,Attchd,BrkFace,2,662,0,848,0.78066037735849059,140,1,0.19120631341600902,2,2,2,0,2.0,0,0.49999999999999994,-0.86602540378443871,1,0,140,1,1,1,1,4,3,4,5,4,4,7,1,2,3,2,2,2,0,11.956970055045868,2,0,0,0
1312,8814,Lvl,Inside,CollgCr,1Fam,1Story,7,5,Gable,PConc,1274,3,0,2007,Partial,68.0,VinylSd,New,None,Attchd,BrkFace,2,925,0,1274,0.72605965463108324,362,1,0.14454277286135694,2,2,0,1,3.0,0,0.49999999999999994,0.86602540378443871,0,0,362,1,1,1,1,4,3,4,5,4,0,7,1,1,3,2,2,2,0,12.220961258023925,2,0,2,0
1167,10475,Lvl,Corner,CollgCr,1Fam,1Story,8,5,Gable,PConc,1694,3,0,2010,Normal,64.0,VinylSd,WD,None,Attchd,Stone,3,0,0,1694,0.0,193,1,0.1617183770883055,2,2,2,0,2.0,0,0.8660254037844386,0.50000000000000011,0,0,193,1,1,1,1,4,3,4,5,4,0,7,1,3,2,2,2,2,0,12.41044104151805,2,0,0,0
479,10637,Lvl,Inside,CollgCr,1Fam,1Story,8,5,Hip,PConc,1718,3,1,2009,Normal,79.0,VinylSd,WD,None,Attchd,Stone,3,1288,0,1705,0.75542521994134892,252,1,0.16151170442794022,2,2,1,1,3.0,0,-1.0,-1.8369701987210297e-16,0,0,252,1,1,1,1,4,3,5,5,4,4,7,1,4,3,2,2,2,0,12.601487417784837,2,0,1,0
1208,9135,Lvl,Inside,CollgCr,1Fam,1Story,6,5,Gable,PConc,1700,3,0,2006,Normal,70.0,VinylSd,WD,None,Attchd,BrkFace,2,340,0,1682,0.20214030915576695,215,1,0.18609742747673783,3,3,3,0,3.0,0,0.49999999999999994,-0.86602540378443871,1,0,215,1,1,1,1,4,3,4,5,4,0,7,1,3,3,2,2,2,0,12.206072645530174,2,0,0,0
306,10386,Lvl,Inside,CollgCr,1Fam,1Story,8,5,Gable,PConc,2000,3,0,2007,Normal,80.0,CemntBd,WD,None,Attchd,Stone,3,1464,0,2000,0.732,168,1,0.19256691700365877,3,3,2,1,3.0,0,-0.49999999999999972,-0.86602540378443882,1,0,168,1,1,1,1,4,3,4,5,4,0,7,1,1,3,3,2,2,0,12.631013530138995,2,0,1,0
1445,8500,Lvl,FR2,CollgCr,1Fam,1Story,7,5,Gable,PConc,1422,3,0,2007,Normal,63.0,VinylSd,WD,None,Attchd,BrkFace,2,0,0,1422,0.0,252,1,0.16729411764705882,3,3,3,0,2.0,0,-0.50000000000000044,0.86602540378443837,0,0,252,1,1,1,1,4,3,4,5,4,0,7,1,3,3,2,2,2,0,12.098487434850236,2,0,0,0
803,8199,Lvl,Inside,CollgCr,1Fam,2Story,7,5,Gable,PConc,1456,3,1,2008,Normal,63.0,WdShing,WD,None,Attchd,None,2,648,0,728,0.89010989010989006,54,1,0.17758263202829613,3,3,3,0,3.5,0,-0.8660254037844386,0.50000000000000011,0,0,54,1,1,1,1,4,3,4,5,4,4,7,1,3,3,3,2,2,0,12.149502294041779,2,0,0,0
258,8814,Lvl,Inside,CollgCr,1Fam,1Story,7,5,Gable,PConc,1604,3,1,2009,Abnorml,68.0,VinylSd,WD,None,Attchd,Stone,2,1334,0,1604,0.83167082294264338,233,1,0.1819832085318811,3,3,3,0,3.5,0,1.0,6.123233995736766e-17,0,0,233,1,1,1,1,4,3,4,5,4,4,7,1,1,3,2,2,2,0,12.301382825334498,2,0,0,0
1034,8125,Lvl,Inside,CollgCr,1Fam,1Story,7,5,Gable,PConc,1654,3,0,2006,Normal,70.0,VinylSd,WD,None,Attchd,Stone,3,986,0,1654,0.596130592503023,136,1,0.20356923076923078,4,4,4,0,3.0,0,0.8660254037844386,0.50000000000000011,0,0,136,1,1,1,1,4,3,4,5,4,0,7,1,1,3,1,2,2,0,12.345834587905333,2,0,0,0
671,8633,Lvl,FR2,CollgCr,1Fam,2Story,6,5,Gable,PConc,1476,3,0,2009,Normal,64.0,VinylSd,WD,None,Attchd,None,2,193,0,738,0.26151761517615174,135,1,0.17097185219506544,4,4,4,0,3.5,0,0.8660254037844386,0.50000000000000011,0,0,135,1,1,1,1,4,3,4,5,4,0,7,1,1,3,3,2,2,0,12.063932878369052,2,0,0,0
217,8450,Lvl,Inside,CollgCr,1Fam,1Story,7,5,Gable,PConc,1436,3,0,2008,Normal,65.0,VinylSd,WD,None,Attchd,BrkFace,2,946,0,1436,0.658774373259053,237,1,0.16994082840236685,4,4,4,0,3.0,0,0.86602540378443871,-0.49999999999999978,1,0,237,1,1,1,1,4,3,4,5,4,0,7,1,2,3,1,2,2,0,12.254862809699606,2,0,0,0
1055,11367,Lvl,Corner,CollgCr,1Fam,2Story,8,5,Gable,PConc,1989,3,1,2006,Normal,90.0,VinylSd,WD,None,Attchd,BrkFace,2,932,0,1065,0.8751173708920188,259,1,0.17498020585906571,4,4,4,0,3.5,0,-0.50000000000000044,0.86602540378443837,0,0,259,1,1,1,1,4,3,4,5,4,4,7,1,2,3,3,2,2,0,12.449018824140563,2,0,0,0
959,8450,Lvl,Inside,CollgCr,1Fam,1Story,7,5,Gable,PConc,1337,3,0,2007,Normal,65.0,VinylSd,WD,None,Attchd,None,2,699,0,1337,0.52281226626776367,39,1,0.15822485207100592,4,4,4,0,3.0,0,-0.8660254037844386,0.50000000000000011,0,0,39,1,1,1,1,4,3,4,5,4,0,7,1,2,3,2,2,2,0,12.128111104060462,2,0,0,0
812,4438,Lvl,Inside,CollgCr,TwnhsE,1Story,6,5,Gable,PConc,848,1,1,2008,Normal,70.0,VinylSd,ConLD,None,Attchd,BrkFace,2,662,0,848,0.78066037735849059,140,1,0.1910770617395223,4,4,4,0,2.0,0,1.2246467991473532e-16,-1.0,1,0,140,1,1,1,1,4,3,4,5,4,4,7,1,4,3,3,2,2,0,11.881034786534624,2,0,0,0
1442,4426,Lvl,Inside,CollgCr,TwnhsE,1Story,6,5,Gable,PConc,848,1,1,2008,Normal,70.0,VinylSd,WD,None,Attchd,BrkFace,2,697,0,848,0.82193396226415094,149,1,0.19159511974694984,4,4,4,0,2.0,0,0.49999999999999994,-0.86602540378443871,1,0,149,1,1,1,1,4,3,4,5,4,3,7,1,3,3,2,2,2,0,11.913712983527281,2,0,0,0
691,4426,Lvl,Inside,CollgCr,TwnhsE,1Story,6,5,Gable,PConc,848,1,1,2008,Normal,70.0,VinylSd,WD,None,Attchd,BrkFace,2,697,0,848,0.82193396226415094,149,1,0.19159511974694984,4,4,4,0,2.0,0,0.49999999999999994,-0.86602540378443871,1,0,149,1,1,1,1,4,3,4,5,4,3,7,1,4,3,2,2,2,0,11.856515169360305,2,0,0,0
249,11317,Lvl,Inside,CollgCr,1Fam,2Story,7,5,Gable,PConc,1668,3,0,2007,Normal,72.0,VinylSd,WD,None,Attchd,BrkFace,2,0,0,840,0.0,212,1,0.14738888397985331,4,4,4,0,2.5,0,-1.0,-1.8369701987210297e-16,0,0,212,1,1,1,1,4,3,4,5,4,0,7,1,1,3,2,2,2,0,12.100712129872347,2,0,0,0
591,8320,Lvl,Inside,CollgCr,1Fam,2Story,7,5,Gable,PConc,1582,3,0,2008,Normal,64.0,VinylSd,WD,None,Attchd,None,2,490,0,770,0.63636363636363635,45,1,0.19014423076923076,4,4,4,0,2.5,0,-1.0,-1.8369701987210297e-16,0,0,45,1,1,1,1,4,3,4,5,4,0,7,1,1,3,2,2,2,0,12.132964173709535,2,0,0,0
375,8200,Lvl,Inside,CollgCr,1Fam,2Story,7,5,Gable,PConc,1928,4,1,2007,Normal,65.0,VinylSd,WD,None,BuiltIn,None,2,0,0,847,0.0,148,1,0.23512195121951218,4,4,3,1,2.5,0,-0.49999999999999972,-0.86602540378443882,1,0,148,1,1,1,1,4,3,4,5,4,4,7,1,1,3,3,2,2,0,12.299107511497363,2,0,1,0
68,10665,Lvl,Inside,CollgCr,1Fam,1Story,7,5,Gable,PConc,1479,3,0,2007,Normal,72.0,VinylSd,WD,None,Attchd,BrkFace,2,1013,0,1453,0.69717825189263594,173,1,0.13867791842475385,4,4,4,0,3.0,0,1.2246467991473532e-16,-1.0,1,0,173,1,1,1,1,4,3,4,5,4,0,7,1,3,2,2,2,2,0,12.328290278254423,2,0,0,0
1000,6762,Lvl,Inside,CollgCr,1Fam,1Story,7,5,Gable,PConc,1208,2,0,2010,Normal,64.0,VinylSd,WD,None,Attchd,Stone,2,686,0,1187,0.577927548441449,166,1,0.17864537119195503,4,4,4,0,3.0,0,0.8660254037844386,0.50000000000000011,0,0,166,1,1,1,1,4,3,4,5,4,0,7,1,3,3,2,2,2,0,12.235631447771718,2,0,0,0
204,4438,Lvl,Inside,CollgCr,TwnhsE,1Story,6,5,Gable,PConc,848,1,1,2008,Normal,70.0,VinylSd,WD,None,Attchd,BrkFace,2,662,0,848,0.78066037735849059,149,1,0.1910770617395223,4,4,4,0,2.0,0,0.49999999999999994,0.86602540378443871,0,0,149,1,1,1,1,4,3,4,5,4,4,7,1,3,3,2,2,2,0,11.911701584927597,2,0,0,0
851,4435,Lvl,Inside,CollgCr,TwnhsE,1Story,6,5,Gable,PConc,848,1,0,2007,Normal,36.0,VinylSd,WD,None,Attchd,BrkFace,2,659,0,848,0.777122641509434,140,1,0.19120631341600902,4,4,4,0,2.0,0,-0.50000000000000044,0.86602540378443837,0,0,140,1,1,1,1,4,3,4,5,4,0,7,1,3,3,3,2,2,0,11.786762130599957,2,0,0,0
1339,13450,Lvl,Corner,CollgCr,1Fam,2Story,7,5,Gable,PConc,1861,3,0,2006,Normal,95.0,VinylSd,WD,None,BuiltIn,None,2,700,0,916,0.76419213973799127,237,1,0.138364312267658,4,4,4,0,3.5,0,1.2246467991473532e-16,-1.0,1,0,237,1,1,1,1,4,3,4,5,4,0,7,1,1,2,2,2,2,0,12.206072645530174,2,0,0,0
949,14006,Lvl,Inside,CollgCr,1Fam,2Story,7,5,Gable,PConc,1776,3,1,2006,Normal,65.0,VinylSd,WD,None,Attchd,BrkFace,2,0,0,936,0.0,240,1,0.12680279880051407,4,4,4,0,2.5,0,0.8660254037844386,0.50000000000000011,0,0,240,1,1,1,1,4,3,4,5,4,3,7,1,0,2,2,2,2,0,12.167851432709975,2,0,0,0
934,8487,Lvl,FR2,CollgCr,1Fam,1Story,7,5,Gable,PConc,1500,3,0,2009,Normal,63.0,VinylSd,WD,None,Attchd,BrkFace,2,20,0,1500,0.013333333333333334,228,1,0.17674089784376104,5,5,5,0,2.0,0,-0.86602540378443837,-0.50000000000000044,0,0,228,1,1,1,1,4,3,4,5,4,0,7,1,3,3,2,2,2,0,12.154779351142624,2,0,0,0
1083,8749,Lvl,Inside,CollgCr,1Fam,1Story,7,5,Gable,PConc,1459,3,1,2007,Normal,70.0,VinylSd,WD,None,Attchd,BrkFace,2,0,0,1459,0.0,231,1,0.16676191564750256,5,5,5,0,2.0,0,-1.0,-1.8369701987210297e-16,0,0,231,1,1,1,1,4,3,4,5,4,4,7,1,1,3,2,2,2,0,12.165250651009918,2,0,0,0
1423,4435,Lvl,Inside,CollgCr,TwnhsE,1Story,6,5,Gable,PConc,848,1,0,2008,Normal,37.0,VinylSd,WD,None,Attchd,BrkFace,2,686,0,848,0.80896226415094341,140,1,0.19120631341600902,5,5,5,0,2.0,0,1.0,6.123233995736766e-17,0,0,140,1,1,1,1,4,3,4,5,4,0,7,1,3,3,3,2,2,0,11.824079893607152,2,0,0,0
303,13704,Lvl,Corner,CollgCr,1Fam,1Story,7,5,Gable,PConc,1541,3,1,2006,Normal,118.0,VinylSd,WD,None,Attchd,BrkFace,3,0,0,1541,0.0,549,1,0.11244892002335084,5,5,4,1,2.0,0,0.49999999999999994,0.86602540378443871,0,0,549,1,1,1,1,4,3,4,5,4,3,7,1,1,2,2,2,2,0,12.230765258120545,2,0,1,0
740,9313,Lvl,Inside,CollgCr,1Fam,2Story,7,5,Gable,PConc,1728,3,0,2009,Normal,65.0,VinylSd,WD,None,Attchd,None,2,0,0,864,0.0,243,1,0.18554708472028347,5,5,5,0,2.5,0,0.86602540378443871,-0.49999999999999978,1,0,243,1,1,1,1,4,3,4,5,4,0,7,1,1,2,2,2,2,0,12.154779351142624,2,0,0,0
1,8450,Lvl,Inside,CollgCr,1Fam,2Story,7,5,Gable,PConc,1710,3,0,2008,Normal,65.0,VinylSd,WD,None,Attchd,BrkFace,2,706,0,856,0.82476635514018692,61,1,0.20236686390532543,5,5,5,0,3.5,0,0.8660254037844386,0.50000000000000011,0,0,61,1,1,1,1,4,3,4,5,4,0,7,1,1,3,2,2,2,0,12.247694320220994,2,0,0,0
684,11248,Lvl,Corner,CollgCr,1Fam,1Story,9,5,Hip,PConc,1668,3,1,2007,Normal,90.0,VinylSd,WD,None,Attchd,Stone,3,1059,0,1626,0.6512915129151291,302,1,0.14829302987197723,5,5,5,0,3.0,0,-0.49999999999999972,-0.86602540378443882,1,0,302,1,1,1,1,4,3,4,5,4,3,7,1,3,2,3,2,2,0,12.560244459250788,2,0,0,0
821,7226,Lvl,CulDSac,CollgCr,1Fam,2Story,7,5,Gable,PConc,1640,3,0,2008,Normal,72.0,VinylSd,WD,None,Attchd,None,2,0,0,798,0.0,45,1,0.22695820647661225,5,5,5,0,2.5,0,1.2246467991473532e-16,-1.0,1,0,45,1,1,1,1,4,3,4,5,4,0,7,1,1,2,2,2,2,0,12.117241431823558,2,0,0,0
1343,9375,Lvl,Inside,CollgCr,1Fam,2Story,8,5,Gable,PConc,2169,3,1,2007,Normal,70.0,VinylSd,WD,None,Attchd,BrkFace,2,0,0,1284,0.0,279,1,0.23136,5,5,5,0,2.5,0,-0.86602540378443837,-0.50000000000000044,0,0,279,1,1,1,1,4,3,4,5,4,4,7,1,1,3,2,2,2,0,12.339291489316397,2,0,0,0
1319,14781,Lvl,CulDSac,CollgCr,1Fam,1Story,8,5,Hip,PConc,1787,3,1,2006,Normal,70.0,VinylSd,WD,None,Attchd,BrkFace,3,0,0,1753,0.0,348,1,0.12089845071375414,5,5,4,1,2.0,0,-0.86602540378443837,-0.50000000000000044,0,0,348,1,1,1,1,4,3,4,5,4,3,7,1,4,1,2,2,2,0,12.524526376648708,2,0,1,0
1241,8158,Lvl,Inside,CollgCr,1Fam,2Story,7,5,Gable,PConc,1768,3,0,2008,Normal,65.0,VinylSd,WD,None,Attchd,BrkFace,2,550,0,884,0.62217194570135748,63,1,0.21671978426084826,5,5,5,0,3.5,0,-0.49999999999999972,-0.86602540378443882,1,0,63,1,1,1,1,4,3,4,5,4,0,7,1,1,3,2,2,2,0,12.323411137947407,2,0,0,0
23,9742,Lvl,Inside,CollgCr,1Fam,1Story,8,5,Hip,PConc,1795,3,1,2008,Normal,75.0,VinylSd,WD,None,Attchd,BrkFace,2,0,0,1777,0.0,330,1,0.18425374666392938,6,6,6,0,2.0,0,-1.0,-1.8369701987210297e-16,0,0,330,1,1,1,1,4,3,4,5,4,4,7,1,1,3,2,2,2,0,12.345834587905333,2,0,0,0
1279,9473,Lvl,Inside,CollgCr,1Fam,2Story,8,5,Gable,PConc,2031,3,1,2008,Normal,75.0,VinylSd,WD,None,Attchd,None,2,804,0,1128,0.71276595744680848,211,1,0.21439881769238889,6,6,6,0,3.5,0,1.0,6.123233995736766e-17,0,0,211,1,1,1,1,4,3,4,5,4,4,7,1,1,3,2,2,2,0,12.375815420117268,2,0,0,0
705,8400,Lvl,Inside,CollgCr,1Fam,1Story,7,5,Gable,PConc,1484,3,0,2010,Normal,70.0,VinylSd,WD,None,Attchd,BrkFace,2,712,0,1473,0.48336727766463,179,1,0.17666666666666667,6,6,5,1,3.0,0,0.49999999999999994,-0.86602540378443871,1,144,35,1,1,1,1,4,3,4,5,4,0,7,1,3,3,2,2,2,0,12.269047444691562,2,0,1,0
594,4435,Lvl,Inside,CollgCr,TwnhsE,1Story,6,5,Gable,PConc,848,1,0,2009,Normal,70.0,VinylSd,WD,None,Attchd,BrkFace,2,685,0,848,0.80778301886792447,140,1,0.19120631341600902,6,6,6,0,2.0,0,0.49999999999999994,-0.86602540378443871,1,0,140,1,1,1,1,4,3,4,5,4,0,7,1,3,3,3,2,2,0,11.849397701591441,2,0,0,0
984,11250,Lvl,Corner,CollgCr,1Fam,2Story,8,5,Gable,PConc,2290,4,1,2008,Normal,70.0,CemntBd,WD,None,Attchd,None,2,0,0,1128,0.0,0,0,0.20355555555555555,6,6,6,0,2.5,0,0.49999999999999994,-0.86602540378443871,1,0,0,1,1,1,1,4,3,4,5,4,4,7,1,2,3,1,2,2,0,12.452542022147879,2,0,0,0
1391,9100,Lvl,Inside,CollgCr,1Fam,1Story,7,5,Gable,PConc,1525,3,0,2006,Normal,70.0,VinylSd,WD,None,Attchd,BrkFace,2,1400,0,1525,0.91803278688524592,255,1,0.16758241758241757,6,6,6,0,3.0,0,-1.0,-1.8369701987210297e-16,0,0,255,1,1,1,1,4,3,4,5,4,0,7,1,3,3,2,2,2,0,12.367340793126296,2,0,0,0
605,12803,Lvl,Inside,CollgCr,1Fam,1Story,7,5,Gable,PConc,1494,3,1,2008,Normal,88.0,VinylSd,WD,None,Attchd,BrkFace,2,922,0,1494,0.61713520749665329,228,1,0.11669140045301882,6,6,6,0,3.0,0,-1.0,-1.8369701987210297e-16,0,0,228,1,1,1,1,4,3,4,5,4,3,7,1,2,2,2,2,2,0,12.30591798049989,2,0,0,0
1369,4435,Lvl,Inside,CollgCr,TwnhsE,1Story,6,5,Gable,PConc,848,1,0,2009,Normal,70.0,VinylSd,WD,None,Attchd,BrkFace,2,685,0,848,0.80778301886792447,140,1,0.19120631341600902,6,6,5,1,2.0,0,1.2246467991473532e-16,-1.0,1,0,140,1,1,1,1,4,3,4,5,4,0,7,1,3,3,3,2,2,0,11.877568578558138,2,0,1,0
338,9135,Lvl,Inside,CollgCr,1Fam,1Story,7,5,Gable,PConc,1536,3,0,2008,Normal,70.0,VinylSd,WD,None,Attchd,BrkFace,2,810,0,1536,0.52734375,266,1,0.16814449917898194,6,6,5,1,3.0,0,-2.4492935982947064e-16,1.0,0,0,266,1,1,1,1,4,3,4,5,4,0,7,1,3,3,2,2,2,0,12.273731294003989,2,0,1,0
237,8773,Lvl,FR2,CollgCr,1Fam,1Story,7,5,Gable,PConc,1414,3,0,2010,Normal,65.0,VinylSd,WD,None,Attchd,BrkFace,2,24,0,1414,0.016973125884016973,237,1,0.1611763364869486,6,6,6,0,2.0,0,0.49999999999999994,-0.86602540378443871,1,0,237,1,1,1,1,4,3,4,5,4,0,7,1,3,3,2,2,2,0,12.130810161029627,2,0,0,0
722,4426,Lvl,Inside,CollgCr,TwnhsE,1Story,6,5,Gable,PConc,848,1,0,2010,Normal,70.0,VinylSd,WD,None,Attchd,BrkFace,2,662,0,848,0.78066037735849059,160,1,0.19159511974694984,6,6,6,0,2.0,0,0.49999999999999994,-0.86602540378443871,1,0,160,1,1,1,1,4,3,4,5,4,0,7,1,3,3,2,2,2,0,11.870599909242044,2,0,0,0
1370,10635,Lvl,FR2,CollgCr,1Fam,1Story,8,5,Hip,PConc,1668,3,1,2010,Normal,48.0,VinylSd,WD,None,Attchd,BrkFace,2,370,972,1657,0.80989740494870244,262,1,0.15684062059238363,7,7,7,0,3.0,0,0.49999999999999994,-0.86602540378443871,1,0,262,1,1,1,1,4,3,4,5,4,3,7,6,3,1,3,2,2,0,12.354492650648448,2,0,0,0
3,11250,Lvl,Inside,CollgCr,1Fam,2Story,7,5,Gable,PConc,1786,3,1,2008,Normal,68.0,VinylSd,WD,None,Attchd,BrkFace,2,486,0,920,0.52826086956521734,42,1,0.15875555555555557,7,7,6,1,3.5,0,-1.0,-1.8369701987210297e-16,0,0,42,1,1,1,1,4,3,4,5,4,3,7,1,2,2,2,2,2,0,12.317166693035761,2,0,1,0
1281,9808,Lvl,Inside,CollgCr,1Fam,1Story,7,5,Gable,PConc,1573,3,0,2009,Normal,67.0,VinylSd,WD,None,Attchd,BrkFace,2,788,0,1573,0.50095359186268273,72,1,0.16037928221859707,7,7,7,0,3.0,0,1.0,6.123233995736766e-17,0,0,72,1,1,1,1,4,3,4,5,4,0,7,1,1,2,2,2,2,0,12.332705296463539,2,0,0,0
833,9548,Lvl,CulDSac,CollgCr,1Fam,2Story,7,6,Gable,PConc,1829,3,1,2010,Normal,44.0,VinylSd,WD,None,Attchd,BrkFace,2,483,0,941,0.5132837407013815,231,1,0.19155844155844157,7,7,7,0,3.5,0,0.49999999999999994,0.86602540378443871,0,0,231,1,1,1,1,4,3,4,5,4,3,7,1,1,2,2,2,2,0,12.375815420117268,2,0,0,0
1038,9240,Lvl,Inside,CollgCr,1Fam,2Story,8,5,Gable,PConc,2263,3,1,2008,Normal,70.0,VinylSd,WD,None,BuiltIn,BrkFace,2,0,0,1055,0.0,234,1,0.24491341991341992,7,7,6,1,2.5,0,-1.0,-1.8369701987210297e-16,0,189,45,1,1,1,1,4,3,4,5,4,3,7,1,1,3,3,2,2,0,12.567237494741757,2,0,1,0
97,10264,Lvl,Inside,CollgCr,1Fam,1Story,7,5,Gable,PConc,1588,3,0,2006,Normal,78.0,VinylSd,WD,None,Attchd,BrkFace,2,1162,0,1588,0.73173803526448367,187,1,0.15471551052221355,7,7,7,0,2.0,0,-0.86602540378443837,-0.50000000000000044,0,0,187,1,1,1,1,4,3,4,5,4,0,7,1,3,2,2,2,2,0,12.273731294003989,2,0,0,0
1189,8935,Lvl,Inside,CollgCr,1Fam,2Story,7,5,Gable,PConc,1660,3,0,2009,Normal,68.0,VinylSd,WD,None,Attchd,BrkFace,2,0,0,831,0.0,212,1,0.18578623391158366,7,7,7,0,2.5,0,-0.49999999999999972,-0.86602540378443882,1,0,212,1,1,1,1,4,3,4,5,4,0,7,1,1,2,2,2,2,0,12.180754837545884,2,0,0,0
259,12435,Lvl,Inside,CollgCr,1Fam,2Story,7,5,Gable,PConc,1792,3,1,2008,Normal,80.0,VinylSd,WD,None,Attchd,BrkFace,2,361,0,963,0.37487019730010385,341,1,0.14410936871733013,7,7,7,0,2.5,0,0.49999999999999994,-0.86602540378443871,1,245,96,1,1,1,1,4,3,4,5,4,3,7,1,1,3,2,2,2,0,12.352335152508426,2,0,0,0
783,16285,Lvl,Inside,CollgCr,1Fam,1Story,7,5,Gable,PConc,1430,3,0,2009,Normal,67.0,VinylSd,WD,None,Attchd,None,2,0,0,1413,0.0,33,1,0.087810868897758673,8,8,7,1,2.0,0,1.2246467991473532e-16,-1.0,1,0,33,1,1,1,1,4,3,4,5,4,0,7,1,1,1,2,2,2,0,12.139398512262181,2,0,1,0
1199,9100,Lvl,Inside,CollgCr,1Fam,1Story,7,5,Gable,PConc,1212,3,0,2009,Normal,70.0,VinylSd,WD,None,Attchd,None,2,0,0,1212,0.0,356,1,0.13318681318681319,8,8,8,0,2.0,0,1.2246467991473532e-16,-1.0,1,0,356,1,1,1,1,4,3,4,5,4,0,7,1,1,3,2,2,2,0,12.089538829274222,2,0,0,0
613,11885,Lvl,Inside,CollgCr,1Fam,2Story,8,5,Gable,PConc,1872,3,1,2009,Normal,70.0,VinylSd,WD,None,BuiltIn,BrkFace,2,990,0,1299,0.76212471131639725,282,1,0.15750946571308372,8,8,8,0,3.5,0,-0.50000000000000044,0.86602540378443837,0,0,282,1,1,1,1,4,3,4,5,5,3,7,1,3,3,2,2,2,0,12.474189562487116,2,0,0,0
929,11838,Lvl,Inside,CollgCr,1Fam,1Story,8,5,Hip,PConc,1788,3,1,2009,Normal,70.0,VinylSd,WD,None,Attchd,None,2,0,0,1753,0.0,353,1,0.15103902686264573,8,8,8,0,2.0,0,1.2246467991473532e-16,-1.0,1,0,353,1,1,1,1,4,3,4,5,5,3,7,1,3,3,2,2,2,0,12.373703486914124,2,0,0,0
1355,10316,Lvl,Inside,CollgCr,1Fam,2Story,7,5,Gable,PConc,1865,3,1,2008,Normal,70.0,VinylSd,WD,None,Attchd,None,3,735,0,992,0.74092741935483875,184,1,0.18078712679333075,8,8,8,0,3.5,0,1.2246467991473532e-16,-1.0,1,0,184,1,1,1,1,4,3,4,5,4,3,7,1,1,2,2,2,2,0,12.367340793126296,2,0,0,0
1373,9750,Lvl,Corner,CollgCr,1Fam,2Story,7,6,Gable,PConc,2097,3,1,2006,Normal,75.0,VinylSd,WD,None,Detchd,None,2,975,0,1108,0.87996389891696747,423,1,0.21507692307692308,8,8,8,0,3.5,0,1.2246467991473532e-16,-1.0,1,0,423,1,1,1,1,3,3,4,5,4,3,7,1,3,3,2,2,2,0,12.521977676925694,2,0,0,0
1411,12420,Lvl,Inside,CollgCr,1Fam,2Story,7,5,Gable,PConc,1840,3,0,2009,Normal,79.0,VinylSd,WD,None,Attchd,None,2,666,0,944,0.70550847457627119,45,1,0.14814814814814814,8,8,8,0,3.5,0,1.2246467991473532e-16,-1.0,1,0,45,1,1,1,1,4,3,4,5,4,0,7,1,1,3,2,2,2,0,12.345834587905333,2,0,0,0
139,9066,Lvl,Inside,CollgCr,1Fam,2Story,8,5,Gable,PConc,1852,3,2,2008,Normal,73.0,VinylSd,WD,GdPrv,Attchd,BrkFace,3,668,0,1004,0.66533864541832666,330,1,0.20427972645047429,9,9,8,1,2.5,0,-2.4492935982947064e-16,1.0,0,0,330,1,1,1,1,4,3,4,5,4,3,7,1,2,2,3,2,2,0,12.345834587905333,2,0,1,0
302,16226,Lvl,Inside,CollgCr,1Fam,2Story,8,5,Gable,PConc,2452,4,1,2007,Normal,66.0,VinylSd,WD,None,BuiltIn,None,2,281,0,1028,0.2733463035019455,258,1,0.1511154936521632,9,9,8,1,2.5,0,0.49999999999999994,-0.86602540378443871,1,0,258,1,1,1,1,4,3,4,5,4,3,7,1,1,0,3,2,2,0,12.495003937382387,2,0,1,0
519,9531,Lvl,CulDSac,CollgCr,1Fam,2Story,6,5,Gable,PConc,1796,3,0,2007,Normal,70.0,VinylSd,WD,MnPrv,Attchd,None,2,706,0,794,0.889168765743073,36,1,0.18843772951421678,9,9,9,0,3.5,0,0.49999999999999994,-0.86602540378443871,1,0,36,1,1,1,1,3,3,4,5,3,0,7,1,2,2,2,2,2,0,12.259613412458204,2,0,0,0
540,11423,Lvl,Inside,CollgCr,1Fam,1Story,8,5,Gable,PConc,1601,3,1,2010,Normal,70.0,VinylSd,WD,MnPrv,Attchd,BrkFace,2,1358,0,1581,0.8589500316255535,180,1,0.14015582596515802,9,9,8,1,3.0,0,0.49999999999999994,-0.86602540378443871,1,0,180,1,1,1,1,4,3,4,5,4,3,7,1,3,3,2,2,2,0,12.513557345278134,2,0,1,0
611,11050,Lvl,Inside,CollgCr,1Fam,2Story,9,5,Hip,PConc,2153,3,2,2009,Normal,70.0,VinylSd,WD,None,Attchd,BrkFace,3,904,0,1440,0.62777777777777777,395,1,0.194841628959276,9,9,9,0,3.5,0,0.49999999999999994,-0.86602540378443871,1,0,395,1,1,1,1,4,3,5,5,5,5,7,1,2,3,3,2,2,0,12.653958469522291,2,0,0,0
1204,9750,Lvl,Inside,CollgCr,1Fam,1Story,7,5,Gable,PConc,1630,3,1,2009,Normal,75.0,VinylSd,WD,None,Attchd,BrkFace,2,0,0,1630,0.0,308,1,0.16717948717948719,9,9,8,1,2.0,0,-0.8660254037844386,0.50000000000000011,0,0,308,1,1,1,1,4,3,4,5,4,3,7,1,1,3,1,2,2,0,12.269047444691562,2,0,1,0
1367,9179,Lvl,Inside,CollgCr,1Fam,2Story,7,5,Gable,PConc,1790,3,0,2008,Abnorml,68.0,VinylSd,WD,None,Attchd,BrkFace,2,633,0,873,0.72508591065292094,88,1,0.19501034971129752,9,9,9,0,3.5,0,1.2246467991473532e-16,-1.0,1,0,88,1,1,1,1,4,3,4,5,4,0,7,1,1,2,2,2,2,0,12.170445467887022,2,0,0,0
753,9236,Lvl,Inside,CollgCr,1Fam,1Story,6,5,Gable,PConc,1494,3,0,2006,Normal,79.0,VinylSd,WD,None,Attchd,None,2,1200,0,1479,0.81135902636916835,195,1,0.1617583369423993,9,9,9,0,3.0,0,-0.49999999999999972,-0.86602540378443882,1,0,195,1,1,1,1,3,4,4,5,4,0,7,1,4,2,2,2,2,0,12.287652632522597,1,0,0,0
389,9382,Lvl,CulDSac,CollgCr,1Fam,1Story,7,5,Gable,PConc,1479,3,0,2008,Normal,93.0,VinylSd,WD,None,Attchd,BrkFace,2,0,0,1468,0.0,145,1,0.15764229375399702,9,9,8,1,2.0,0,-0.49999999999999972,-0.86602540378443882,1,0,145,1,1,1,1,4,3,4,5,4,0,7,1,1,2,2,2,2,0,12.160028707028767,2,0,1,0
537,8924,Lvl,CulDSac,CollgCr,1Fam,2Story,7,5,Gable,PConc,1724,3,0,2008,Normal,57.0,VinylSd,WD,None,Attchd,None,2,0,0,880,0.0,275,1,0.19318691169878979,10,10,9,1,2.5,0,-0.49999999999999972,-0.86602540378443882,1,0,275,1,1,1,1,3,3,4,5,4,0,7,1,3,2,3,2,2,0,12.144197241812087,2,0,1,0
377,8846,Lvl,CulDSac,CollgCr,1Fam,SFoyer,5,5,Gable,PConc,914,2,0,2006,Normal,57.0,VinylSd,WD,None,Detchd,None,2,298,0,870,0.34252873563218389,0,0,0.10332353606149672,8,10,10,0,1.0,0,-0.49999999999999972,-0.86602540378443882,1,0,0,1,1,1,1,4,3,4,5,3,0,7,1,3,2,1,2,2,0,11.904967552746252,2,0,0,0
733,11404,Lvl,Inside,CollgCr,1Fam,2Story,7,5,Gable,PConc,2031,3,1,2008,Normal,75.0,VinylSd,WD,None,Attchd,BrkFace,2,252,0,1153,0.21856027753686036,276,1,0.17809540512101016,10,10,9,1,2.5,0,-0.49999999999999972,-0.86602540378443882,1,0,276,1,1,1,1,4,3,4,5,4,3,7,1,3,2,3,2,2,0,12.312682380588432,2,0,1,0
193,9017,Lvl,Inside,CollgCr,1Fam,1Story,7,5,Gable,PConc,1431,3,0,2009,Normal,68.0,VinylSd,WD,None,Attchd,None,2,560,0,1431,0.39133473095737248,35,1,0.15870023289342353,10,10,10,0,3.0,0,-1.0,-1.8369701987210297e-16,0,0,35,1,1,1,1,4,3,4,5,4,0,7,1,3,2,3,2,2,0,12.165250651009918,2,0,0,0
144,10335,Lvl,Inside,CollgCr,1Fam,1Story,7,5,Gable,PConc,1501,3,0,2009,Normal,78.0,VinylSd,WD,None,Attchd,BrkFace,2,679,0,1490,0.4557046979865772,173,1,0.14523463957426222,10,10,10,0,3.0,0,1.2246467991473532e-16,-1.0,1,0,173,1,1,1,1,4,3,4,5,4,0,7,1,4,2,2,2,2,0,12.225875272826354,2,0,0,0
95,9337,Lvl,Inside,CollgCr,1Fam,2Story,6,5,Gable,PConc,1786,3,0,2007,Normal,69.0,VinylSd,WD,None,Attchd,None,2,648,0,824,0.78640776699029125,162,1,0.19128199635857343,10,10,10,0,3.5,0,0.49999999999999994,-0.86602540378443871,1,0,162,1,1,1,1,3,4,4,5,4,0,7,1,1,2,2,2,2,0,12.229545001715316,1,0,0,0
477,13125,Lvl,Inside,CollgCr,1Fam,1Story,6,5,Gable,PConc,1493,3,1,2008,Normal,75.0,VinylSd,WD,None,Attchd,BrkFace,2,994,0,1478,0.67253044654939109,179,1,0.11375238095238095,11,11,10,1,3.0,0,0.86602540378443871,-0.49999999999999978,1,0,179,1,1,1,1,3,3,4,5,4,3,7,1,4,3,3,2,1,0,12.249610947544657,2,0,1,0
1202,10400,Lvl,Corner,CollgCr,1Fam,2Story,7,5,Gable,PConc,1779,3,0,2009,Normal,80.0,VinylSd,WD,None,Attchd,None,2,0,0,866,0.0,234,1,0.1710576923076923,11,11,11,0,2.5,0,1.0,6.123233995736766e-17,0,0,234,1,1,1,1,3,3,4,5,4,0,7,1,3,3,2,2,2,0,12.195517131590657,2,0,0,0
214,13568,Lvl,CulDSac,CollgCr,1Fam,1Story,5,5,Gable,PConc,990,3,0,2006,Normal,43.0,VinylSd,WD,None,Attchd,None,2,716,0,990,0.72323232323232323,224,1,0.072965801886792456,10,11,11,0,1.5,0,-0.49999999999999972,-0.86602540378443882,1,0,224,1,1,1,1,3,3,4,5,3,0,7,1,1,1,1,2,2,0,11.957611286231675,2,0,0,0
872,8750,Lvl,Inside,CollgCr,1Fam,2Story,6,5,Gable,PConc,1682,3,0,2010,Normal,70.0,VinylSd,WD,None,Attchd,BrkFace,2,505,0,804,0.62810945273631846,77,1,0.19222857142857142,12,12,12,0,2.5,0,1.2246467991473532e-16,-1.0,1,0,77,1,1,1,1,3,3,4,5,4,0,7,1,1,3,2,2,2,0,12.208569525728761,2,0,0,0
1448,10000,Lvl,Inside,CollgCr,1Fam,2Story,8,5,Gable,PConc,2090,3,1,2007,Normal,80.0,VinylSd,WD,None,Attchd,BrkFace,2,1079,0,1220,0.88442622950819672,65,1,0.209,12,12,11,1,3.5,0,-2.4492935982947064e-16,1.0,0,0,65,1,1,1,1,4,3,4,5,4,3,7,1,1,3,2,2,2,0,12.388394202324129,2,0,1,0
816,12137,Lvl,CulDSac,CollgCr,1Fam,1Story,7,5,Gable,PConc,1661,3,0,2010,Normal,48.0,VinylSd,WD,None,Attchd,BrkFace,2,0,0,1649,0.0,34,1,0.13685424734283597,12,12,12,0,2.0,0,0.49999999999999994,-0.86602540378443871,1,0,34,1,1,1,1,3,3,4,5,4,0,7,1,1,1,2,2,2,0,12.323411137947407,2,0,0,0
356,11249,Lvl,Inside,CollgCr,1Fam,1Story,6,5,Gable,PConc,1200,3,0,2007,Normal,105.0,VinylSd,WD,None,Attchd,None,2,334,544,1200,0.73166666666666669,26,1,0.10667614899102143,12,12,12,0,3.0,0,-0.86602540378443837,-0.50000000000000044,0,0,26,1,1,1,1,4,4,4,5,4,0,7,4,1,1,2,2,2,0,12.086725887897607,1,0,0,0
140,15426,Lvl,Inside,CollgCr,1Fam,2Story,6,5,Gable,PConc,1764,3,0,2009,Normal,65.0,VinylSd,WD,MnPrv,Attchd,None,2,821,0,928,0.884698275862069,375,1,0.11435239206534423,12,12,12,0,3.5,0,-0.86602540378443837,-0.50000000000000044,0,0,375,1,1,1,1,3,3,4,5,4,0,7,1,1,2,2,2,2,0,12.352335152508426,2,0,0,0
65,9375,Lvl,Inside,CollgCr,1Fam,2Story,7,5,Gable,PConc,2034,3,0,2009,Normal,70.0,VinylSd,WD,GdPrv,Attchd,BrkFace,2,739,0,1057,0.69914853358561968,612,1,0.21696,11,12,11,1,3.5,0,0.8660254037844386,0.50000000000000011,0,0,612,1,1,1,1,3,3,4,5,4,0,7,1,1,3,2,2,2,0,12.299107511497363,2,0,1,0
653,8750,Lvl,Inside,CollgCr,1Fam,2Story,7,5,Gable,PConc,1716,2,1,2009,Normal,70.0,VinylSd,WD,None,Attchd,None,2,0,0,880,0.0,120,1,0.19611428571428571,13,13,13,0,2.5,0,-0.49999999999999972,-0.86602540378443882,1,0,120,1,1,1,1,4,3,4,5,4,3,7,1,1,3,2,2,2,0,12.160028707028767,2,0,0,0
607,12464,Low,Corner,CollgCr,1Fam,1Story,5,5,Gable,PConc,1040,3,0,2009,Normal,82.0,VinylSd,WD,GdPrv,Detchd,None,2,732,0,1040,0.7038461538461539,168,1,0.0834403080872914,9,13,13,0,2.0,0,-0.50000000000000044,0.86602540378443837,0,0,168,1,1,1,1,3,4,4,4,4,0,7,1,1,1,1,2,1,0,11.931635799828413,2,0,0,0
1080,8775,Lvl,Inside,CollgCr,1Fam,1Story,5,5,Gable,PConc,990,3,0,2007,Normal,65.0,VinylSd,WD,None,Attchd,None,1,495,0,990,0.5,64,1,0.11282051282051282,11,13,13,0,1.0,0,0.86602540378443871,-0.49999999999999978,1,0,64,1,1,1,1,3,3,4,4,3,0,7,1,1,3,1,2,2,0,11.744037185933616,3,0,0,0
90,8070,Lvl,Inside,CollgCr,1Fam,1Story,4,5,Gable,PConc,990,3,0,2007,Normal,60.0,VinylSd,WD,None,None,None,0,588,0,990,0.593939393939394,0,0,0.12267657992565056,-999,13,12,1,2.0,0,-0.86602540378443837,-0.50000000000000044,0,0,0,1,1,1,1,3,3,4,5,3,0,7,1,1,3,0,2,2,0,11.724805824005728,2,0,1,0
436,10667,Lvl,CulDSac,CollgCr,1Fam,2Story,7,6,Gable,PConc,1661,3,1,2009,Normal,43.0,VinylSd,ConLw,None,Attchd,None,2,385,344,799,0.91239048811013768,219,1,0.15571388394112684,13,13,13,0,3.5,0,0.86602540378443871,-0.49999999999999978,1,0,219,1,1,1,1,4,3,4,5,4,3,7,5,3,1,2,2,2,0,12.26434155365415,2,0,0,0
839,9525,Lvl,Inside,CollgCr,1Fam,1Story,5,6,Gable,PConc,1099,3,0,2008,Normal,75.0,VinylSd,WD,None,Attchd,None,1,0,0,1099,0.0,278,1,0.11538057742782153,9,13,2,1,1.5,0,1.2246467991473532e-16,-1.0,1,0,278,1,1,1,1,3,3,4,5,4,0,7,1,1,3,1,2,2,0,11.877568578558138,2,0,11,0
1017,11883,Lvl,Inside,CollgCr,1Fam,1Story,7,5,Hip,PConc,1504,3,1,2009,Normal,73.0,VinylSd,WD,None,Attchd,BrkFace,2,690,0,1504,0.45877659574468083,181,1,0.1265673651434823,13,13,13,0,3.0,0,1.2246467991473532e-16,-1.0,1,0,181,1,1,1,1,4,3,4,5,4,3,7,1,4,3,3,2,2,0,12.220961258023925,2,0,0,0
1048,9245,Lvl,Inside,CollgCr,1Fam,1Story,5,5,Gable,PConc,990,3,0,2008,Normal,57.0,VinylSd,WD,None,Detchd,None,2,686,0,990,0.692929292929293,0,0,0.10708491076257437,12,14,13,1,1.5,0,0.8660254037844386,0.50000000000000011,0,0,0,1,1,1,1,3,3,4,5,3,0,7,1,1,1,1,2,2,0,11.884489021402711,2,0,1,0
445,8750,Lvl,Inside,CollgCr,1Fam,2Story,7,5,Gable,PConc,1908,4,1,2008,Normal,70.0,VinylSd,WD,None,Attchd,None,2,642,0,915,0.70163934426229513,277,1,0.21805714285714287,14,14,13,1,3.5,0,-0.49999999999999972,-0.86602540378443882,1,0,277,1,1,1,1,4,4,4,5,4,3,7,1,1,3,1,2,2,0,12.254862809699606,1,0,1,0
1308,8072,Lvl,Inside,CollgCr,1Fam,1Story,5,5,Gable,PConc,990,3,0,2009,Normal,60.0,VinylSd,WD,None,Detchd,None,2,746,0,990,0.7535353535353535,64,1,0.12264618434093162,9,15,14,1,2.0,0,0.49999999999999994,-0.86602540378443871,1,0,64,1,1,1,1,3,4,4,5,3,0,7,1,1,3,1,2,2,0,11.835008964139341,1,0,1,0
37,10859,Lvl,Corner,CollgCr,1Fam,1Story,5,5,Gable,PConc,1097,3,0,2009,Normal,112.0,VinylSd,WD,None,Attchd,None,2,0,0,1097,0.0,456,1,0.10102219357215213,14,15,14,1,1.5,0,1.2246467991473532e-16,-1.0,1,0,456,1,1,1,1,3,3,4,5,3,0,7,1,1,3,1,2,2,0,11.884489021402711,2,0,1,0
1332,10780,Lvl,Inside,CollgCr,1Fam,SLvl,5,5,Gable,CBlock,954,3,0,2006,Normal,55.0,MetalSd,WD,None,Detchd,None,2,483,0,911,0.53018660812294183,0,0,0.088497217068645634,30,30,30,0,1.0,0,-0.49999999999999972,-0.86602540378443882,1,0,0,1,1,1,1,3,3,3,4,3,0,7,1,3,2,1,2,2,0,11.794337924408413,3,0,0,0
857,10970,Low,Inside,CollgCr,1Fam,SLvl,6,6,Gable,CBlock,1026,3,0,2008,Normal,70.0,Plywood,WD,MnPrv,Detchd,None,2,505,435,940,1.0,34,1,0.0935278030993619,27,30,30,0,2.0,0,-0.8660254037844386,0.50000000000000011,0,34,0,1,1,1,1,3,3,4,3,3,0,7,2,4,2,1,2,1,0,11.898187865760873,4,0,0,0
880,7000,Lvl,CulDSac,CollgCr,1Fam,1Story,5,8,Gable,CBlock,864,3,0,2009,Normal,70.0,VinylSd,WD,GdWo,Attchd,BrkFace,1,646,0,864,0.74768518518518523,0,0,0.12342857142857143,31,31,4,1,2.0,0,-0.49999999999999972,-0.86602540378443882,1,0,0,1,1,1,1,4,4,3,5,3,0,7,1,1,2,1,2,2,0,11.824079893607152,1,0,27,0
465,8430,HLS,Inside,CollgCr,1Fam,1Story,5,5,Gable,CBlock,1040,3,0,2009,Normal,60.0,HdBoard,WD,None,None,BrkFace,0,616,0,1040,0.59230769230769231,0,0,0.12336892052194544,-999,31,31,0,2.0,0,-0.86602540378443837,-0.50000000000000044,0,0,0,1,1,1,1,3,3,4,3,3,0,7,1,1,3,0,2,1,0,11.728036844587175,4,0,0,0
1006,8385,Lvl,Inside,CollgCr,1Fam,SLvl,5,8,Gable,CBlock,985,3,0,2008,Normal,65.0,HdBoard,WD,None,Attchd,BrkFace,1,595,0,985,0.60406091370558379,210,1,0.1174716756112105,31,31,31,0,2.0,0,-0.50000000000000044,0.86602540378443837,0,0,210,1,1,1,1,4,3,4,3,3,0,7,1,3,3,1,2,2,0,11.917723684090689,4,0,0,0
912,9286,Lvl,CulDSac,CollgCr,1Fam,1Story,5,7,Gable,CBlock,1268,3,0,2009,Normal,70.0,HdBoard,WD,None,Detchd,None,1,196,0,1268,0.15457413249211358,173,1,0.13654964462631919,31,32,20,1,1.5,0,-0.8660254037844386,0.50000000000000011,0,0,173,1,1,1,1,3,3,4,3,4,0,7,1,3,2,1,2,1,0,11.874090314181814,4,0,12,0
1283,8800,Lvl,Inside,CollgCr,1Fam,1Story,5,7,Gable,CBlock,1040,3,0,2009,Normal,61.0,HdBoard,WD,None,Detchd,None,2,532,144,1040,0.65,288,1,0.11818181818181818,32,32,1,1,2.0,0,-1.0,-1.8369701987210297e-16,0,288,0,1,1,1,1,3,3,4,3,4,0,7,3,2,2,1,2,2,0,11.921718363171067,4,0,31,0
151,10356,Lvl,Corner,CollgCr,1Fam,1Story,5,6,Gable,CBlock,969,3,0,2007,Normal,120.0,HdBoard,WD,MnPrv,Attchd,None,2,716,0,969,0.73890608875128994,0,0,0.093568945538818074,32,32,32,0,1.5,0,0.49999999999999994,0.86602540378443871,0,0,0,1,1,1,1,3,3,3,3,3,0,7,1,3,3,1,2,2,0,11.711776323715394,4,0,0,0
215,10900,Lvl,FR2,CollgCr,1Fam,2Story,6,7,Gable,CBlock,1392,3,0,2010,Normal,70.0,HdBoard,WD,MnPrv,Attchd,BrkFace,1,378,0,689,0.548621190130624,36,1,0.12770642201834861,33,33,33,0,1.5,0,1.0,6.123233995736766e-17,0,0,36,1,1,1,1,3,3,4,5,3,0,7,1,1,2,3,2,2,0,11.993807212363148,2,0,0,0
595,7990,Lvl,Inside,CollgCr,1Fam,1Story,5,6,Hip,CBlock,924,3,0,2008,Normal,88.0,HdBoard,WD,MnPrv,Detchd,None,1,0,0,924,0.0,0,0,0.11564455569461828,27,33,33,0,1.0,0,0.86602540378443871,-0.49999999999999978,1,0,0,1,1,1,1,3,3,4,3,3,0,7,1,1,2,1,2,2,0,11.608235644774552,4,0,0,0
44,9200,Lvl,CulDSac,CollgCr,1Fam,1Story,5,6,Hip,CBlock,938,3,0,2008,Normal,70.0,VinylSd,WD,MnPrv,Detchd,None,1,280,491,938,0.82196162046908317,145,1,0.10195652173913043,31,33,28,1,2.0,0,-0.49999999999999972,-0.86602540378443882,1,0,145,1,1,1,1,3,3,4,3,3,0,7,4,3,2,1,2,2,0,11.777210959615614,4,0,5,0
1340,9560,Lvl,Corner,CollgCr,1Fam,1Story,5,7,Hip,CBlock,864,3,0,2006,Normal,120.0,MetalSd,WD,None,Attchd,None,1,360,0,864,0.41666666666666669,0,0,0.090376569037656909,34,34,34,0,1.0,0,1.2246467991473532e-16,-1.0,1,0,0,1,1,1,1,3,4,3,5,3,0,7,1,2,2,2,2,2,0,11.763684183317412,1,0,0,0
234,10650,Lvl,Corner,CollgCr,1Fam,1Story,5,6,Gable,CBlock,894,3,0,2010,Normal,75.0,HdBoard,WD,MnPrv,Attchd,None,1,182,712,894,1.0,365,1,0.08394366197183098,34,34,34,0,2.0,0,0.8660254037844386,0.50000000000000011,0,0,365,1,1,1,1,3,3,3,3,3,0,7,5,3,3,1,2,2,0,11.761346823468706,4,0,0,0
304,9800,Lvl,Corner,CollgCr,1Fam,1Story,5,7,Gable,PConc,894,3,0,2006,Abnorml,70.0,VinylSd,WD,GdWo,Attchd,None,2,894,0,894,1.0,256,1,0.091224489795918365,31,34,34,0,2.0,0,-0.49999999999999972,-0.86602540378443882,1,0,256,1,1,1,1,3,3,3,3,3,0,7,1,1,3,1,2,2,0,11.917723684090689,4,0,0,0
1026,7700,Lvl,Corner,CollgCr,1Fam,1Story,5,5,Gable,CBlock,882,3,0,2007,Normal,70.0,VinylSd,WD,MnPrv,Detchd,None,2,138,468,882,0.68707482993197277,96,1,0.11454545454545455,27,35,35,0,2.0,0,1.0,6.123233995736766e-17,0,0,96,1,1,1,1,3,3,3,3,3,0,7,3,1,3,1,2,2,0,11.630708500626612,4,0,0,0
60,7200,Bnk,Inside,CollgCr,1Fam,1Story,5,7,Gable,CBlock,780,2,0,2008,Normal,60.0,HdBoard,WD,MnPrv,Detchd,None,1,632,0,780,0.81025641025641026,196,1,0.10833333333333334,35,36,36,0,1.0,0,0.49999999999999994,0.86602540378443871,0,0,196,1,1,1,1,3,3,3,5,3,0,7,1,3,3,1,2,2,0,11.735268696113669,2,0,0,0
195,7180,Lvl,Inside,CollgCr,1Fam,1Story,5,7,Hip,CBlock,864,3,0,2008,Normal,60.0,HdBoard,WD,None,Detchd,None,1,390,0,864,0.4513888888888889,0,0,0.12033426183844011,19,36,36,0,1.0,0,0.49999999999999994,-0.86602540378443871,1,0,0,1,1,1,1,3,3,3,3,3,0,7,1,3,2,1,2,2,0,11.751942365440728,4,0,0,0
397,7200,Low,Inside,CollgCr,1Fam,1Story,5,5,Hip,CBlock,894,2,0,2009,Normal,60.0,MetalSd,WD,None,Detchd,None,2,777,0,894,0.86912751677852351,215,1,0.12416666666666666,24,37,37,0,1.0,0,-1.0,-1.8369701987210297e-16,0,0,215,1,1,1,1,3,3,3,3,3,0,7,1,3,3,2,2,2,0,11.719939634354555,4,0,0,0
720,9920,Lvl,Inside,CollgCr,1Fam,1Story,5,6,Gable,CBlock,971,3,1,2006,Normal,69.0,HdBoard,WD,None,Attchd,None,1,523,0,971,0.5386199794026777,0,0,0.097883064516129034,37,37,37,0,1.5,0,0.49999999999999994,-0.86602540378443871,1,0,0,1,1,1,1,3,3,4,3,3,1,7,1,4,2,1,2,2,0,11.763684183317412,4,0,0,0
1407,8445,Lvl,Corner,CollgCr,1Fam,SFoyer,5,7,Gable,CBlock,768,2,0,2009,Normal,70.0,HdBoard,WD,MnPrv,Detchd,None,2,656,0,768,0.85416666666666663,58,1,0.090941385435168734,21,37,2,1,2.0,0,1.0,6.123233995736766e-17,0,0,58,1,1,1,1,3,3,4,3,3,0,7,1,3,3,1,2,2,0,11.798104407203891,4,0,35,0
953,7200,Lvl,Inside,CollgCr,1Fam,SFoyer,5,8,Gable,CBlock,768,2,0,2009,Normal,60.0,WdShing,WD,MnPrv,Detchd,None,1,660,0,768,0.859375,192,1,0.10666666666666667,35,37,6,1,1.5,0,0.86602540378443871,-0.49999999999999978,1,0,192,1,1,1,1,3,4,4,4,3,0,7,1,3,3,3,2,2,0,11.804848531679264,2,0,31,0
848,15523,Lvl,CulDSac,CollgCr,1Fam,1Story,5,6,Gable,CBlock,864,3,1,2009,Normal,36.0,HdBoard,WD,None,Attchd,None,1,460,0,864,0.53240740740740744,0,0,0.055659344198930621,37,37,37,0,2.0,0,-0.86602540378443837,-0.50000000000000044,0,0,0,1,1,1,1,3,3,3,5,3,2,7,1,3,2,1,2,2,0,11.801856756822442,2,0,0,0
1182,5587,HLS,Inside,Crawfor,TwnhsE,1Story,8,5,Hip,PConc,1652,2,1,2008,Partial,64.0,CemntBd,New,None,Attchd,Stone,2,1480,0,1600,0.925,368,1,0.29568641489171288,0,0,0,0,3.5,0,-0.50000000000000044,0.86602540378443837,0,153,215,1,1,1,1,5,3,5,5,4,4,7,1,4,2,3,2,1,0,12.8802918162046,2,0,0,0
252,4750,HLS,Inside,Crawfor,TwnhsE,1Story,8,5,Hip,PConc,1625,2,1,2007,Family,44.0,VinylSd,WD,None,Attchd,Stone,2,1573,0,1573,1.0,276,1,0.34210526315789475,1,1,0,1,3.5,0,-2.4492935982947064e-16,1.0,0,153,123,1,1,1,1,4,3,4,5,4,4,7,1,4,2,3,2,1,0,12.367340793126296,2,0,1,0
1406,3842,HLS,Inside,Crawfor,TwnhsE,1Story,8,5,Hip,PConc,1646,2,1,2008,Normal,44.0,CemntBd,WD,None,Attchd,Stone,2,1373,0,1594,0.8613550815558344,336,1,0.42842269651223319,4,4,3,1,3.5,0,0.49999999999999994,0.86602540378443871,0,155,181,1,1,1,1,4,3,5,5,4,4,7,1,4,2,3,2,1,0,12.524526376648708,2,0,1,0
727,21695,Lvl,Corner,Crawfor,1Fam,1Story,6,9,Hip,CBlock,1680,3,1,2009,Normal,74.0,Wd Sdng,WD,None,Attchd,BrkFace,2,808,0,880,0.91818181818181821,518,1,0.077437197510947228,21,21,2,1,3.0,0,-2.4492935982947064e-16,1.0,0,182,336,1,1,1,1,4,4,4,5,4,4,7,1,1,2,3,2,2,0,12.310432660854417,1,0,19,0
599,12984,Bnk,Inside,Crawfor,1Fam,1Story,5,6,Gable,CBlock,1647,3,1,2006,Normal,80.0,Plywood,WD,None,Attchd,BrkFace,2,1283,147,1430,1.0,0,0,0.12684842883548983,29,29,29,0,3.0,0,1.0,6.123233995736766e-17,0,0,0,1,1,1,1,3,3,4,5,4,3,7,2,2,3,3,2,2,0,12.289954129510877,2,0,0,0
1420,16381,Lvl,Inside,Crawfor,1Fam,1Story,6,5,Gable,CBlock,1844,3,1,2006,Normal,74.0,Plywood,WD,None,Attchd,BrkFace,2,1110,0,1844,0.60195227765726678,289,1,0.11256944020511568,37,37,37,0,3.0,0,-2.4492935982947064e-16,1.0,0,216,73,1,1,1,1,4,4,3,4,4,3,7,1,3,2,2,2,2,0,12.314927050442256,2,0,0,0
1153,14115,Lvl,Inside,Crawfor,1Fam,1Story,6,7,Gable,PConc,1811,2,1,2006,Abnorml,90.0,Stone,WD,None,Attchd,None,2,296,547,1073,0.78564771668219946,280,1,0.12830322352107687,50,50,2,1,1.0,0,-0.49999999999999972,-0.86602540378443882,1,280,0,1,1,1,1,3,3,3,5,5,4,7,6,1,2,3,2,2,0,12.345834587905333,2,0,48,1
674,14442,Lvl,Inside,Crawfor,1Fam,1Story,6,7,Hip,PConc,1839,3,2,2007,Normal,110.0,CemntBd,WD,None,Attchd,BrkFace,2,1186,0,1477,0.80297901150981721,287,1,0.12733693394266721,50,50,3,1,3.0,0,1.2246467991473532e-16,-1.0,1,200,87,1,1,1,1,3,3,3,5,4,3,7,1,1,3,3,2,2,0,12.458774999085929,2,0,47,1
530,32668,Lvl,CulDSac,Crawfor,1Fam,1Story,6,3,Hip,PConc,2515,4,2,2007,Alloca,74.0,Wd Sdng,WD,None,Attchd,None,2,1219,0,2035,0.599017199017199,200,1,0.076986653605975272,32,50,32,1,4.0,0,1.0,6.123233995736766e-17,0,200,0,1,1,0,1,4,3,3,3,3,3,3,1,1,2,2,2,2,0,12.209187788430318,4,0,18,0
1311,17500,Lvl,Inside,Crawfor,1Fam,1Story,7,8,Gable,PConc,1902,3,2,2010,Normal,100.0,BrkFace,WD,None,Attchd,None,2,1406,0,1902,0.73922187171398523,369,1,0.10868571428571429,51,51,8,1,3.0,0,0.49999999999999994,-0.86602540378443871,1,162,207,1,1,1,1,4,4,4,3,5,3,7,1,3,3,3,2,2,0,12.721885810807203,3,0,43,1
504,15602,Lvl,Inside,Crawfor,1Fam,1Story,7,8,Gable,CBlock,1801,1,2,2010,Normal,100.0,BrkFace,WD,GdWo,Attchd,None,2,1247,0,1501,0.83077948034643567,215,1,0.11543391872836815,51,51,13,1,3.0,0,1.0,6.123233995736766e-17,0,161,54,1,1,1,1,3,3,3,3,3,3,7,1,1,2,3,2,2,0,12.574181967094569,4,0,38,0
301,15750,Lvl,Corner,Crawfor,2fmCon,1Story,5,5,Hip,CBlock,1336,2,2,2006,Normal,90.0,MetalSd,WD,None,Attchd,BrkFace,1,841,0,1165,0.72188841201716736,0,0,0.084825396825396832,53,53,53,0,2.0,0,1.2246467991473532e-16,-1.0,1,0,0,1,1,1,1,3,3,3,3,3,4,7,1,2,3,1,2,2,0,11.964001084330445,4,0,0,0
1162,14778,Low,CulDSac,Crawfor,1Fam,1Story,6,7,Hip,CBlock,1640,3,1,2008,Normal,74.0,HdBoard,WD,None,Detchd,BrkFace,2,728,0,1296,0.56172839506172845,324,1,0.11097577480037894,15,54,2,1,2.0,0,-0.50000000000000044,0.86602540378443837,0,216,108,1,1,1,1,4,3,3,5,4,4,7,1,1,2,1,2,2,0,12.319401330837177,2,0,52,1
114,21000,Bnk,Corner,Crawfor,1Fam,1Story,6,5,Hip,CBlock,2259,3,2,2007,Abnorml,74.0,Wd Sdng,COD,MnPrv,Basment,BrkFace,2,35,869,1809,0.49972360420121614,478,1,0.10757142857142857,54,54,54,0,3.0,0,-0.8660254037844386,0.50000000000000011,0,192,286,1,1,1,1,3,4,4,3,4,4,7,3,2,3,1,2,2,0,12.287652632522597,3,0,0,0
914,6270,HLS,Inside,Crawfor,Duplex,2Story,5,6,Gable,CBlock,2002,4,0,2007,Normal,82.0,MetalSd,WD,None,2Types,None,3,284,0,1001,0.28371628371628371,0,0,0.31929824561403508,58,58,57,1,2.0,0,-0.86602540378443837,-0.50000000000000044,0,0,0,1,0,0,0,3,3,3,3,3,0,7,1,1,3,1,2,2,0,11.884489021402711,4,0,1,0
300,14000,Lvl,Inside,Crawfor,1Fam,1Story,6,8,Gable,CBlock,1152,3,1,2009,Family,80.0,HdBoard,WD,GdPrv,Attchd,None,1,0,0,1092,0.0,36,1,0.082285714285714281,59,59,5,1,1.5,0,-0.86602540378443837,-0.50000000000000044,0,0,36,1,1,1,1,3,4,3,5,4,4,7,1,1,3,1,2,2,0,11.973509872299472,1,0,54,1
956,7136,HLS,Inside,Crawfor,Duplex,2Story,6,6,Gable,CBlock,1958,4,0,2007,Normal,82.0,MetalSd,WD,None,Attchd,BrkFace,2,484,0,979,0.4943820224719101,0,0,0.27438340807174888,61,61,57,1,2.0,0,-0.86602540378443837,-0.50000000000000044,0,0,0,1,0,0,0,3,3,4,3,3,0,7,1,1,2,1,2,2,0,11.884489021402711,4,0,4,0
115,7259,Lvl,Inside,Crawfor,1Fam,2Story,6,8,Gambrel,CBlock,2320,3,1,2007,Normal,61.0,Wd Sdng,WD,MnPrv,Detchd,None,1,774,150,1028,0.89883268482490275,224,1,0.31960325113652016,62,62,5,1,3.5,0,-0.49999999999999972,-0.86602540378443882,1,0,224,1,1,1,1,3,3,3,5,4,3,7,2,1,2,1,2,1,0,12.466511981588081,2,0,57,1
853,7128,Lvl,Inside,Crawfor,1Fam,2.5Unf,7,5,Gable,CBlock,1646,4,2,2007,Normal,53.0,MetalSd,WD,MnPrv,Detchd,None,1,364,0,918,0.39651416122004357,126,1,0.23092031425364759,66,66,57,1,2.0,0,-0.86602540378443837,-0.50000000000000044,0,126,0,1,1,1,1,3,4,3,4,3,4,7,1,1,3,1,2,2,0,12.007621706806335,2,0,9,0
1076,13125,Lvl,Inside,Crawfor,1Fam,2Story,7,6,Gable,CBlock,1740,3,2,2007,Normal,75.0,Wd Sdng,CWD,None,Attchd,None,1,410,0,800,0.5125,0,0,0.13257142857142856,67,67,23,1,1.5,0,-0.49999999999999972,-0.86602540378443882,1,0,0,1,1,1,1,3,3,3,3,3,4,7,1,1,3,1,2,2,0,12.299107511497363,4,0,44,1
1302,7500,Bnk,Inside,Crawfor,1Fam,2Story,6,7,Gable,CBlock,1494,3,2,2009,Normal,74.0,Wd Sdng,WD,None,Attchd,None,1,547,0,771,0.70946822308690016,224,1,0.1992,67,67,59,1,1.0,0,-0.50000000000000044,0.86602540378443837,0,224,0,1,1,1,1,3,3,3,2,4,4,7,1,1,2,1,1,2,0,12.086725887897607,5,0,8,0
1148,12000,Bnk,Inside,Crawfor,1Fam,2Story,7,7,Gable,CBlock,1564,3,1,2009,Normal,75.0,MetalSd,WD,None,Attchd,None,1,275,0,704,0.390625,0,0,0.13033333333333333,68,68,59,1,1.5,0,-0.49999999999999972,-0.86602540378443882,1,0,0,1,1,1,1,3,3,3,5,2,4,7,1,1,3,1,2,2,0,12.069680020624618,2,0,9,0
1035,6305,Bnk,Inside,Crawfor,1Fam,1Story,5,7,Gable,PConc,954,2,1,2007,Normal,50.0,MetalSd,WD,MnPrv,Basment,None,1,0,0,920,0.0,0,0,0.15130848532910388,69,69,57,1,1.0,0,1.2246467991473532e-16,-1.0,1,0,0,1,1,1,1,3,4,2,5,2,4,7,1,1,3,1,2,2,0,11.693161515273161,1,0,12,0
967,9600,HLS,Inside,Crawfor,1Fam,1.5Fin,5,7,Gable,BrkTil,1308,2,2,2009,Normal,130.0,MetalSd,WD,None,Detchd,None,1,428,0,728,0.58791208791208793,70,1,0.13625,69,69,59,1,2.5,0,1.2246467991473532e-16,-1.0,1,0,70,1,1,1,1,4,4,3,5,3,3,5,1,1,2,1,2,2,0,11.982929094215963,1,0,10,0
1458,9042,Lvl,Inside,Crawfor,1Fam,2Story,7,9,Gable,Stone,2340,4,2,2010,Normal,66.0,CemntBd,WD,GdPrv,Attchd,None,1,275,0,1152,0.23871527777777779,60,1,0.258792302587923,69,69,4,1,2.0,0,0.49999999999999994,-0.86602540378443871,1,0,60,1,1,1,1,5,4,3,5,4,4,7,1,1,3,2,2,2,0,12.493129522588037,1,0,65,1
219,15660,Lvl,Corner,Crawfor,1Fam,1.5Fin,7,9,Gable,CBlock,1954,3,2,2008,Normal,74.0,VinylSd,WD,None,Attchd,BrkFace,2,341,0,798,0.42731829573934837,269,1,0.1247765006385696,69,69,2,1,2.0,0,0.49999999999999994,-0.86602540378443871,1,150,119,1,1,1,1,4,4,3,5,4,3,7,1,1,2,1,2,2,0,12.649154617209645,1,0,67,1
908,11500,Lvl,Inside,Crawfor,1Fam,1.5Fin,7,7,Gable,CBlock,2057,3,1,2006,Normal,86.0,BrkFace,WD,None,Attchd,None,1,223,0,1017,0.21927236971484759,322,1,0.17886956521739131,70,70,19,1,1.5,0,1.2246467991473532e-16,-1.0,1,322,0,1,1,1,1,4,3,4,4,4,4,7,1,1,2,3,2,2,0,12.429216196844383,3,0,51,1
1269,14100,Lvl,Inside,Crawfor,1Fam,1.5Fin,8,9,Gable,CBlock,3447,4,2,2008,Normal,74.0,Stucco,WD,GdWo,BuiltIn,BrkFace,3,192,0,728,0.26373626373626374,326,1,0.244468085106383,26,73,11,1,3.5,0,0.49999999999999994,-0.86602540378443871,1,0,326,1,1,1,1,3,4,3,5,4,4,7,1,2,2,1,2,1,0,12.850554654108839,1,0,62,1
609,12168,HLS,Inside,Crawfor,1Fam,2Story,8,6,Gable,PConc,3194,4,2,2007,Alloca,78.0,BrkFace,WD,None,Basment,None,2,428,0,965,0.44352331606217615,0,0,0.26249178172255094,73,73,9,1,2.5,0,-1.0,-1.8369701987210297e-16,0,0,0,1,1,1,1,3,3,4,3,3,4,7,1,2,3,1,2,1,0,12.791356180214175,4,0,64,1
464,11988,HLS,Inside,Crawfor,1Fam,2Story,6,7,Hip,CBlock,1660,3,1,2008,Normal,74.0,Stucco,WD,None,Detchd,None,1,326,0,715,0.45594405594405596,0,0,0.13847180513847179,69,74,13,1,1.5,0,-0.86602540378443837,-0.50000000000000044,0,0,0,1,1,1,0,3,3,3,2,3,4,7,1,1,2,1,2,1,0,12.147913731356642,5,0,61,1
1175,16560,Lvl,Inside,Crawfor,1Fam,2Story,6,8,Gable,BrkTil,2345,4,1,2006,Normal,80.0,Wd Sdng,WD,None,Detchd,None,2,503,0,952,0.52836134453781514,0,0,0.14160628019323671,74,74,56,1,2.5,0,-0.49999999999999972,-0.86602540378443882,1,0,0,1,1,1,1,3,3,4,3,3,4,7,1,1,2,1,2,2,0,12.384218830913648,4,0,18,0
1060,11275,HLS,Corner,Crawfor,1Fam,1.5Fin,6,7,Gable,CBlock,1991,3,1,2007,Normal,74.0,MetalSd,WD,None,Detchd,BrkFace,2,297,557,854,1.0,19,1,0.17658536585365853,30,75,57,1,1.5,0,1.0,6.123233995736766e-17,0,19,0,1,1,1,1,3,3,3,3,3,4,7,2,2,2,1,2,1,0,12.301382825334498,4,0,18,0
191,10570,Bnk,Inside,Crawfor,1Fam,2Story,8,8,Hip,CBlock,2727,3,2,2007,Normal,70.0,BrkFace,WD,None,Detchd,None,2,297,0,853,0.34818288393903868,74,1,0.25799432355723745,75,75,13,1,2.5,0,-2.4492935982947064e-16,1.0,0,0,74,1,1,1,1,4,3,4,3,4,3,3,1,1,3,1,2,1,0,12.66032791780777,4,0,62,1
658,7200,HLS,Inside,Crawfor,1Fam,2Story,7,6,Gable,BrkTil,1502,3,1,2008,Normal,60.0,Stucco,WD,MnPrv,Attchd,None,1,0,0,776,0.0,112,1,0.20861111111111111,77,77,8,1,1.5,0,0.8660254037844386,0.50000000000000011,0,112,0,1,1,1,1,3,2,4,3,3,4,7,1,1,3,2,1,1,0,11.911701584927597,5,1,69,1
1245,11435,HLS,Corner,Crawfor,1Fam,2Story,8,7,Gable,PConc,1517,3,2,2006,Normal,74.0,BrkFace,WD,None,Detchd,None,2,0,0,792,0.0,0,0,0.13266287713161345,75,77,56,1,1.0,0,1.2246467991473532e-16,-1.0,1,0,0,1,1,1,1,3,3,4,2,4,4,7,1,1,2,1,2,1,0,12.345834587905333,5,0,21,0
515,10594,Lvl,Inside,Crawfor,1Fam,1.5Unf,5,5,Gable,BrkTil,789,2,0,2007,Normal,55.0,Wd Sdng,WD,MnPrv,Detchd,None,1,0,0,768,0.0,112,1,0.074476118557674151,81,81,57,1,1.0,0,1.2246467991473532e-16,-1.0,1,112,0,0,0,1,1,3,3,3,2,3,0,7,1,1,3,1,2,2,0,11.477298287327077,5,0,24,0
1344,7558,Bnk,Inside,Crawfor,1Fam,1.5Fin,6,6,Gable,BrkTil,1913,3,1,2009,Normal,57.0,BrkFace,WD,None,Detchd,None,2,0,0,896,0.0,0,0,0.25310928817147393,80,81,59,1,1.5,0,1.0,6.123233995736766e-17,0,0,0,1,1,1,1,3,3,3,4,3,3,7,1,1,3,1,2,2,0,12.083905011555967,3,0,22,0
520,10918,Lvl,Inside,Crawfor,1Fam,2Story,7,9,Gambrel,BrkTil,2080,3,2,2009,Normal,53.0,MetalSd,WD,MnPrv,Detchd,None,1,0,0,1276,0.0,145,1,0.19051108261586372,83,83,5,1,1.5,0,1.2246467991473532e-16,-1.0,1,145,0,1,1,1,1,4,3,4,5,4,4,7,1,1,3,1,2,2,0,12.363076394339839,2,0,78,1
670,11600,Lvl,Inside,Crawfor,1Fam,1Story,4,5,Gable,BrkTil,1180,2,1,2006,Normal,80.0,MetalSd,WD,None,Detchd,None,1,0,0,700,0.0,67,1,0.10172413793103448,84,84,56,1,1.0,0,-0.49999999999999972,-0.86602540378443882,1,67,0,1,1,1,1,3,3,2,5,2,4,7,1,1,3,1,2,2,0,11.831379196088763,2,0,28,0
1013,10592,Lvl,Inside,Crawfor,1Fam,2Story,6,7,Hip,PConc,1502,3,2,2007,Normal,55.0,Wd Sdng,WD,None,Detchd,None,1,0,0,602,0.0,261,1,0.14180513595166164,84,84,11,1,1.5,0,-0.86602540378443837,-0.50000000000000044,0,165,96,1,1,1,1,3,4,3,3,4,3,7,1,1,3,1,2,2,0,12.013700752882718,3,0,73,1
1441,11526,Bnk,Inside,Crawfor,1Fam,2.5Fin,6,7,Gable,BrkTil,2555,3,1,2008,Normal,79.0,MetalSd,WD,None,Detchd,None,2,0,0,588,0.0,431,1,0.22167273989241715,15,86,14,1,2.0,0,-1.0,-1.8369701987210297e-16,0,0,431,1,1,1,1,3,3,5,2,3,4,6,1,1,2,3,2,1,0,12.160028707028767,5,0,72,1
182,7588,Lvl,Inside,Crawfor,1Fam,2Story,7,6,Gable,BrkTil,1802,4,1,2006,Normal,54.0,Stucco,WD,None,Detchd,None,1,352,0,793,0.44388398486759145,40,1,0.23748023194517659,86,86,56,1,1.5,0,-0.49999999999999972,-0.86602540378443882,1,40,0,1,1,1,1,3,3,2,4,3,4,7,1,1,3,1,2,2,0,12.206572520571825,3,0,30,0
93,13360,HLS,Inside,Crawfor,1Fam,1Story,5,7,Gable,BrkTil,964,2,0,2009,Normal,80.0,Wd Sdng,WD,None,Detchd,None,2,713,0,876,0.8139269406392694,44,1,0.0721556886227545,88,88,3,1,2.0,0,-0.86602540378443837,-0.50000000000000044,0,44,0,1,1,1,1,3,4,4,5,3,0,7,1,1,2,1,2,2,1,12.004568269319446,1,0,85,1
1179,7681,Lvl,FR2,Crawfor,1Fam,1.5Fin,5,6,Gable,BrkTil,1343,3,1,2009,Normal,54.0,Wd Sdng,WD,None,Detchd,None,1,0,0,731,0.0,294,1,0.17484702512693659,88,88,59,1,1.5,0,-0.49999999999999972,-0.86602540378443882,1,102,192,1,1,1,1,3,3,3,5,3,4,7,1,1,2,1,2,2,0,11.95053502640496,2,0,29,0
861,7642,Lvl,Corner,Crawfor,1Fam,1.5Fin,7,8,Gable,BrkTil,1426,3,1,2007,Normal,55.0,Wd Sdng,WD,GdPrv,Detchd,None,1,0,0,912,0.0,240,1,0.18660036639623134,82,89,9,1,1.5,0,1.2246467991473532e-16,-1.0,1,0,240,1,1,1,1,4,3,3,4,4,4,7,1,1,3,1,2,2,0,12.154516158615772,3,0,80,1
418,22420,Lvl,Inside,Crawfor,1Fam,2Story,6,6,Hip,BrkTil,2624,4,1,2007,Normal,86.0,Wd Sdng,WD,None,Detchd,None,3,1128,0,1370,0.82335766423357659,0,0,0.11703835860838536,89,89,57,1,3.5,1,-0.50000000000000044,0.86602540378443837,0,0,0,0,0,1,0,3,3,4,3,3,4,7,1,1,2,1,0,2,0,12.384218830913648,4,0,32,0
4,9550,Lvl,Corner,Crawfor,1Fam,2Story,7,5,Gable,BrkTil,1717,3,1,2006,Abnorml,60.0,Wd Sdng,WD,None,Detchd,None,3,216,0,756,0.2857142857142857,307,1,0.17979057591623038,8,91,36,1,2.0,0,0.8660254037844386,0.50000000000000011,0,272,35,1,1,1,1,3,3,3,4,4,4,7,1,1,2,1,2,2,0,11.849397701591441,3,0,55,0
1236,13132,Lvl,Inside,Crawfor,1Fam,2Story,5,5,Gable,BrkTil,1784,4,0,2006,Normal,96.0,Wd Sdng,WD,None,Detchd,None,1,0,0,747,0.0,243,1,0.13585135546756016,92,92,56,1,1.5,0,-0.49999999999999972,-0.86602540378443882,1,0,243,1,1,1,0,3,3,4,4,3,0,7,1,2,3,1,0,2,0,11.841415931849784,3,0,36,0
408,15576,Lvl,Inside,Crawfor,1Fam,2Story,6,7,Gable,BrkTil,1680,4,0,2008,Normal,63.0,Wd Sdng,WD,None,Attchd,None,1,0,0,840,0.0,160,1,0.10785824345146379,48,93,32,1,2.0,0,1.0,6.123233995736766e-17,0,160,0,1,1,1,1,3,3,4,5,3,0,7,1,1,3,1,2,2,0,12.083905011555967,2,0,61,1
439,4280,Lvl,Inside,Crawfor,1Fam,1Story,5,6,Gable,PConc,694,2,1,2007,Normal,40.0,WdShing,WD,MnPrv,Detchd,None,1,365,0,440,0.82954545454545459,34,1,0.16214953271028038,17,94,5,1,1.0,0,1.0,6.123233995736766e-17,0,34,0,1,0,1,1,3,3,3,3,4,4,7,1,1,3,1,1,2,0,11.411446296020374,4,0,89,1
1275,5362,Lvl,Corner,Crawfor,1Fam,1.5Fin,5,6,Gable,PConc,1250,3,1,2007,Normal,53.0,Wd Sdng,WD,None,Detchd,None,2,0,0,661,0.0,323,1,0.23312196941439761,22,97,4,1,2.0,0,-0.50000000000000044,0.86602540378443837,0,81,242,1,1,1,1,3,3,3,5,3,4,7,1,1,3,1,2,2,0,11.842229212112828,2,0,93,1
1298,3675,Lvl,Inside,Edwards,TwnhsE,SFoyer,6,5,Gable,PConc,1072,2,0,2006,Partial,35.0,VinylSd,New,None,Basment,BrkFace,2,547,0,547,1.0,44,1,0.29170068027210883,1,1,0,1,3.0,0,1.2246467991473532e-16,-1.0,1,0,44,1,1,1,1,3,3,4,4,3,0,7,1,4,3,3,2,2,0,11.849397701591441,3,0,1,0
118,8536,Lvl,Corner,Edwards,1Fam,1Story,5,5,Gable,PConc,1125,2,0,2007,Partial,74.0,VinylSd,New,None,Attchd,None,2,0,0,1125,0.0,144,1,0.13179475164011248,0,1,0,1,1.5,0,0.86602540378443871,-0.49999999999999978,1,0,144,1,1,1,1,3,3,4,4,3,0,7,1,1,3,1,2,2,0,11.951180395901384,3,0,1,0
1453,3675,Lvl,Inside,Edwards,TwnhsE,SLvl,5,5,Gable,PConc,1072,2,0,2006,Normal,35.0,VinylSd,WD,None,Basment,BrkFace,2,547,0,547,1.0,28,1,0.29170068027210883,1,1,1,0,2.0,0,0.49999999999999994,-0.86602540378443871,1,0,28,1,1,1,1,3,3,4,4,3,0,7,1,4,3,3,2,2,0,11.884489021402711,3,0,0,0
212,10420,Lvl,Corner,Edwards,1Fam,1Story,6,5,Gable,PConc,1212,3,0,2010,Normal,83.0,VinylSd,WD,None,Attchd,None,2,36,0,1212,0.0297029702970297,122,1,0.1163147792706334,1,1,1,0,2.0,0,1.0,6.123233995736766e-17,0,0,122,1,1,1,1,3,3,4,5,4,0,7,1,2,3,2,2,2,0,12.133501952695338,2,0,0,0
1089,2522,Lvl,Inside,Edwards,Twnhs,2Story,7,5,Gable,PConc,1709,3,0,2006,Normal,24.0,VinylSd,WD,None,Detchd,Stone,2,0,0,970,0.0,40,1,0.67763679619349726,2,2,2,0,2.0,0,0.86602540378443871,-0.49999999999999978,1,0,40,1,1,1,1,4,3,4,5,4,0,3,1,1,3,1,2,2,0,11.831379196088763,2,0,0,0
725,13286,Lvl,Inside,Edwards,1Fam,1Story,9,5,Hip,PConc,1698,3,1,2009,Normal,86.0,CemntBd,WD,None,Attchd,Stone,3,1234,0,1698,0.72673733804475849,391,1,0.1278037031461689,2,2,1,1,3.0,0,0.8660254037844386,0.50000000000000011,0,0,391,1,1,1,1,5,3,5,5,5,4,7,1,1,2,3,2,2,0,12.676076274775909,2,0,1,0
1305,3363,Lvl,Inside,Edwards,TwnhsE,2Story,7,5,Gable,PConc,1708,3,0,2006,Normal,32.0,VinylSd,WD,None,Detchd,Stone,2,0,0,976,0.0,40,1,0.5078798691644365,2,2,2,0,2.0,0,0.86602540378443871,-0.49999999999999978,1,0,40,1,1,1,1,4,3,4,5,4,0,3,1,1,3,1,2,2,0,11.77528972943772,2,0,0,0
881,7024,Lvl,Inside,Edwards,1Fam,1Story,5,5,Gable,PConc,1090,2,0,2007,Normal,60.0,VinylSd,WD,None,Attchd,None,2,980,0,1090,0.8990825688073395,49,1,0.15518223234624146,2,2,1,1,2.5,0,1.2246467991473532e-16,-1.0,1,0,49,1,1,1,1,3,3,5,4,3,0,7,1,1,3,3,2,2,0,11.964001084330445,3,0,1,0
194,2522,Lvl,Inside,Edwards,Twnhs,2Story,7,5,Gable,PConc,1709,3,0,2006,Normal,24.0,VinylSd,WD,None,Detchd,Stone,2,0,0,970,0.0,40,1,0.67763679619349726,2,2,2,0,2.0,0,0.49999999999999994,-0.86602540378443871,1,0,40,1,1,1,1,4,3,4,5,4,0,3,1,1,3,1,2,2,0,11.77528972943772,2,0,0,0
146,2522,Lvl,Inside,Edwards,Twnhs,2Story,6,5,Gable,PConc,1709,3,0,2006,Normal,24.0,VinylSd,WD,None,Detchd,Stone,2,0,0,970,0.0,40,1,0.67763679619349726,2,2,0,1,2.0,0,0.86602540378443871,-0.49999999999999978,1,0,40,1,1,1,1,4,3,4,5,4,0,3,1,1,3,1,2,2,0,11.77528972943772,2,0,2,0
473,3675,Lvl,Inside,Edwards,TwnhsE,SLvl,6,5,Gable,PConc,1072,2,0,2008,Normal,35.0,VinylSd,WD,None,Basment,BrkFace,2,459,0,547,0.83912248628884822,28,1,0.29170068027210883,3,3,3,0,2.0,0,1.2246467991473532e-16,-1.0,1,0,28,1,1,1,1,3,3,4,5,3,0,7,1,4,3,2,2,2,0,11.904967552746252,2,0,0,0
1021,7024,Lvl,Inside,Edwards,1Fam,1Story,4,5,Gable,PConc,1132,2,0,2008,Normal,60.0,VinylSd,WD,None,Attchd,None,2,1024,0,1132,0.90459363957597172,316,1,0.1611617312072893,3,3,3,0,2.5,0,1.2246467991473532e-16,-1.0,1,0,316,1,1,1,1,3,3,4,5,4,0,7,1,1,3,3,2,2,0,12.078239274020289,2,0,0,0
1255,6931,Lvl,Inside,Edwards,1Fam,2Story,7,5,Gable,PConc,1656,3,1,2008,Normal,60.0,VinylSd,WD,None,BuiltIn,Stone,2,0,0,746,0.0,306,1,0.23892656182369065,5,5,4,1,2.5,0,-0.49999999999999972,-0.86602540378443882,1,0,306,1,1,1,1,4,3,4,5,4,4,7,1,1,3,3,2,2,0,12.016122061571728,2,0,1,0
363,7301,Lvl,Corner,Edwards,1Fam,SFoyer,7,5,Gable,Slab,1922,4,1,2009,Normal,64.0,HdBoard,ConLD,None,BuiltIn,BrkFace,2,0,0,0,0.0,177,1,0.26325160936857966,6,6,6,0,3.0,0,-0.49999999999999972,-0.86602540378443882,1,177,0,1,1,1,1,4,3,0,5,4,5,7,0,0,3,2,2,2,0,12.198544379109382,2,0,0,0
201,8546,Lvl,Corner,Edwards,1Fam,1Story,4,5,Gable,PConc,1121,2,0,2010,Normal,80.0,VinylSd,WD,None,Attchd,None,2,0,0,1121,0.0,196,1,0.13117247835244558,7,7,6,1,2.0,0,1.0,6.123233995736766e-17,0,0,196,1,1,1,1,3,3,4,5,3,0,7,1,1,3,2,2,2,0,11.849397701591441,2,0,1,0
583,11841,Lvl,Inside,Edwards,Duplex,SFoyer,6,5,Gable,CBlock,816,3,0,2007,Normal,81.0,HdBoard,WD,None,None,BrkFace,0,816,0,816,1.0,32,1,0.068913098555865221,-999,17,17,0,2.0,0,0.49999999999999994,-0.86602540378443871,1,0,32,1,1,1,1,3,4,4,3,3,0,7,1,3,3,0,2,2,0,11.682668239557323,3,0,0,0
739,10800,Lvl,Inside,Edwards,Duplex,1Story,5,5,Gable,CBlock,1200,3,0,2009,Alloca,60.0,Plywood,WD,None,None,None,0,1200,0,1200,1.0,120,1,0.1111111111111111,-999,22,21,1,6.0,0,1.0,6.123233995736766e-17,0,0,120,1,1,1,1,3,3,4,3,3,0,7,1,4,3,0,2,2,0,12.095141084822892,4,0,1,0
943,7711,Lvl,Inside,Edwards,Duplex,1Story,4,3,Gable,PConc,1440,4,0,2007,Abnorml,42.0,MetalSd,Oth,None,None,None,0,1440,0,1440,1.0,321,1,0.18674620671767606,-999,30,30,0,4.0,0,-0.86602540378443837,-0.50000000000000044,0,0,321,1,1,0,1,3,3,4,3,3,0,7,1,4,2,0,0,2,0,11.918390573078392,4,0,0,0
955,9400,Lvl,CulDSac,Edwards,Duplex,SFoyer,6,5,Flat,CBlock,980,4,0,2006,AdjLand,35.0,WdShing,WD,None,None,BrkFace,0,945,0,945,1.0,0,0,0.10425531914893617,-999,31,31,0,3.0,0,-0.8660254037844386,0.50000000000000011,0,0,0,1,1,0,1,3,3,4,3,3,0,7,1,4,2,0,2,2,0,11.755871643580617,4,0,0,0
270,7917,Lvl,Corner,Edwards,1Fam,1Story,6,7,Hip,CBlock,1113,3,1,2007,Normal,65.5,HdBoard,WD,GdPrv,Attchd,BrkFace,1,751,0,1143,0.65704286964129488,400,1,0.14058355437665782,20,31,31,0,2.5,0,0.49999999999999994,-0.86602540378443871,1,0,400,1,1,1,1,3,4,3,3,3,2,7,1,1,2,2,2,2,0,11.904967552746252,3,0,0,0
1074,7950,Bnk,Corner,Edwards,1Fam,2Story,6,6,Hip,CBlock,1426,3,0,2009,Normal,75.0,HdBoard,WD,MnPrv,Attchd,BrkFace,2,535,0,690,0.77536231884057971,252,1,0.17937106918238993,32,32,32,0,1.5,0,-0.49999999999999972,-0.86602540378443882,1,0,252,1,1,1,1,3,3,3,3,3,0,7,1,1,2,3,2,2,0,11.979799201207037,4,0,0,0
388,7200,Lvl,Inside,Edwards,1Fam,SLvl,6,6,Hip,CBlock,1125,3,1,2009,Abnorml,72.0,MetalSd,WD,GdWo,Detchd,BrkFace,1,631,0,1041,0.60614793467819406,296,1,0.15625,32,33,33,0,2.0,0,-0.8660254037844386,0.50000000000000011,0,0,296,1,1,1,1,3,3,3,5,3,2,7,1,3,3,1,2,2,0,11.736069016284437,2,0,0,0
773,7819,Lvl,Inside,Edwards,1Fam,SLvl,6,5,Gable,CBlock,1117,3,1,2010,Abnorml,94.0,Plywood,WD,MnPrv,Detchd,None,2,422,127,1029,0.53352769679300294,144,1,0.14285714285714285,34,34,34,0,2.0,0,1.0,6.123233995736766e-17,0,0,144,1,1,1,1,3,3,3,3,3,3,7,4,3,3,1,2,2,0,11.580584113444043,4,0,0,0
664,10012,Lvl,Inside,Edwards,1Fam,SFoyer,4,5,Gable,CBlock,1181,3,0,2008,Normal,90.0,Plywood,WD,MnPrv,Detchd,None,2,920,180,1138,0.96660808435852374,180,1,0.1179584498601678,34,36,36,0,3.0,0,0.86602540378443871,-0.49999999999999978,1,180,0,1,1,1,1,3,3,4,3,3,0,7,3,3,3,2,2,2,0,11.831379196088763,4,0,0,0
503,9170,Lvl,Corner,Edwards,1Fam,1Story,5,7,Hip,CBlock,1214,2,0,2007,Normal,70.0,MetalSd,WD,GdPrv,Detchd,None,2,698,96,1214,0.65403624382207581,184,1,0.13238822246455834,42,42,42,0,2.0,1,0.86602540378443871,-0.49999999999999978,1,184,0,1,1,1,1,3,3,3,5,3,0,7,6,1,3,1,2,2,0,11.849397701591441,2,0,0,0
98,10921,HLS,Inside,Edwards,1Fam,1Story,4,5,Hip,CBlock,960,3,0,2007,Normal,73.0,HdBoard,WD,None,Attchd,BrkFace,1,520,0,960,0.54166666666666663,120,1,0.087904038091749834,42,42,42,0,2.0,0,0.49999999999999994,-0.86602540378443871,1,0,120,1,1,1,0,3,3,3,3,3,0,7,1,1,3,3,1,2,0,11.458997122944673,4,0,0,0
1460,9937,Lvl,Inside,Edwards,1Fam,1Story,5,6,Gable,CBlock,1256,3,0,2008,Normal,75.0,HdBoard,WD,None,Attchd,None,1,830,290,1256,0.89171974522293,804,1,0.12639629666901478,43,43,43,0,2.5,0,1.2246467991473532e-16,-1.0,1,0,804,1,1,1,1,4,3,3,4,3,0,7,2,1,3,3,2,2,0,11.901583454762012,3,0,0,0
1012,9825,Lvl,Inside,Edwards,Duplex,1Story,5,5,Hip,CBlock,1664,4,0,2010,Normal,75.0,AsphShn,WD,None,None,None,0,0,0,0,0.0,0,0,0.16936386768447836,-999,45,45,0,2.0,0,0.49999999999999994,-0.86602540378443871,1,0,0,1,0,0,1,3,3,0,3,3,0,7,0,0,3,0,2,2,0,11.512925464970229,4,0,0,0
660,9937,Lvl,Corner,Edwards,1Fam,1Story,5,7,Hip,PConc,1486,3,0,2009,Normal,75.0,MetalSd,WD,MnPrv,Detchd,None,2,637,0,1486,0.42866756393001348,0,0,0.14954211532655731,41,45,10,1,2.0,0,1.0,6.123233995736766e-17,0,0,0,1,1,1,1,3,4,3,5,3,0,7,1,1,3,3,2,2,0,12.025749091398891,1,0,35,0
1152,17755,Lvl,Inside,Edwards,1Fam,1Story,5,4,Gable,CBlock,1466,3,2,2006,Normal,134.0,HdBoard,WD,None,Attchd,BrkFace,2,176,0,1466,0.12005457025920874,240,1,0.0825682906223599,47,47,47,0,1.5,0,-0.50000000000000044,0.86602540378443837,0,100,140,1,1,1,1,3,3,3,3,2,4,7,1,1,3,3,2,2,0,11.917723684090689,4,0,0,0
1274,11512,Lvl,Corner,Edwards,1Fam,SLvl,6,7,Gable,CBlock,1357,2,1,2008,Normal,124.0,Plywood,WD,GdPrv,Basment,BrkFace,1,719,0,1019,0.70559371933267911,163,1,0.1178769979152189,49,49,2,1,2.0,0,0.49999999999999994,-0.86602540378443871,1,163,0,1,1,1,1,3,3,3,4,5,4,7,1,3,2,2,2,2,0,12.083905011555967,3,0,47,1
183,9060,Lvl,Inside,Edwards,1Fam,1Story,5,6,Hip,PConc,1340,3,1,2007,Normal,60.0,Wd Sdng,WD,MnPrv,Attchd,BrkFace,1,0,0,0,0.0,296,1,0.1479028697571744,50,50,1,1,1.0,1,1.2246467991473532e-16,-1.0,1,180,116,1,1,1,1,3,3,0,5,3,4,7,0,0,3,2,2,2,0,11.695247021764184,2,0,49,1
411,9571,Lvl,Inside,Edwards,1Fam,1Story,5,3,Gable,CBlock,1276,3,0,2009,Abnorml,68.0,BrkComm,COD,None,Attchd,None,1,0,0,1276,0.0,0,0,0.13331940236129977,51,51,51,0,1.0,0,1.2246467991473532e-16,-1.0,1,0,0,1,1,1,0,3,2,3,3,3,0,4,1,1,3,1,2,2,0,11.002099841204238,5,1,0,0
1295,8172,Lvl,Inside,Edwards,1Fam,1Story,5,7,Hip,CBlock,864,2,0,2006,Normal,60.0,WdShing,WD,None,Detchd,None,2,167,0,864,0.19328703703703703,0,0,0.10572687224669604,49,51,16,1,2.0,0,0.86602540378443871,-0.49999999999999978,1,0,0,1,1,1,1,3,3,3,3,3,0,7,1,1,3,1,0,2,0,11.652687407345388,4,0,35,0
1180,8335,Lvl,Corner,Edwards,1Fam,1Story,5,5,Gable,Slab,1124,3,1,2006,Normal,77.0,Wd Sdng,WD,None,None,None,0,0,0,0,0.0,226,1,0.13485302939412117,-999,52,52,0,1.0,0,0.86602540378443871,-0.49999999999999978,1,190,36,1,1,1,1,3,3,0,4,3,4,5,0,0,3,0,0,2,0,11.440354772135393,3,0,0,0
1036,11500,Lvl,CulDSac,Edwards,1Fam,1Story,4,3,Gable,Slab,845,3,0,2009,Normal,65.5,Wd Sdng,WD,None,Detchd,None,1,0,0,0,0.0,186,1,0.073478260869565215,52,52,52,0,1.0,0,0.49999999999999994,0.86602540378443871,0,0,186,1,0,1,1,3,4,0,5,3,0,7,0,0,2,1,0,2,0,11.33857207782545,1,0,0,0
111,9525,Lvl,Inside,Edwards,1Fam,1.5Fin,6,4,Gable,CBlock,1855,4,0,2006,Normal,75.0,Wd Sdng,WD,None,Attchd,None,1,444,0,994,0.44668008048289737,182,1,0.194750656167979,52,52,34,1,2.0,0,-0.8660254037844386,0.50000000000000011,0,0,182,1,1,1,1,3,3,3,4,3,0,7,1,1,3,1,2,2,0,11.82700601127654,3,0,18,0
1123,8926,Lvl,Corner,Edwards,1Fam,1Story,4,3,Gable,CBlock,960,3,0,2009,Abnorml,65.5,AsbShng,COD,MnPrv,Basment,None,1,0,0,672,0.0,224,1,0.10755097468070804,53,53,53,0,1.0,0,-0.8660254037844386,0.50000000000000011,0,160,64,1,1,1,0,3,3,3,5,3,0,7,1,1,2,1,2,2,0,11.626254150277232,2,0,0,0
442,12108,Lvl,Inside,Edwards,Duplex,1Story,4,4,Gable,CBlock,1440,4,0,2008,Normal,92.0,VinylSd,WD,None,None,BrkFace,0,133,0,1440,0.092361111111111116,0,0,0.11892963330029732,-999,53,53,0,2.0,0,-1.0,-1.8369701987210297e-16,0,0,0,1,0,0,0,3,3,3,3,2,0,7,1,1,3,0,2,2,0,11.678439903447801,4,0,0,0
1315,8190,Lvl,Inside,Edwards,1Fam,1Story,4,6,Hip,CBlock,948,3,1,2007,Normal,60.0,Wd Sdng,WD,None,Detchd,None,1,732,0,948,0.77215189873417722,36,1,0.11575091575091576,51,53,53,0,2.0,0,-0.8660254037844386,0.50000000000000011,0,0,36,1,1,1,1,3,3,3,5,3,3,7,1,1,3,1,2,2,0,11.686878772093667,2,0,0,1
979,9450,Bnk,Inside,Edwards,1Fam,1Story,4,5,Gable,CBlock,894,3,0,2007,Abnorml,68.0,MetalSd,WD,None,Detchd,None,2,552,0,894,0.6174496644295302,0,0,0.0946031746031746,8,53,53,0,1.0,0,0.49999999999999994,-0.86602540378443871,1,0,0,1,1,1,1,3,3,3,5,3,0,7,1,1,3,1,2,1,0,11.608235644774552,2,0,0,0
40,6040,Lvl,Inside,Edwards,Duplex,1Story,4,5,Gable,PConc,1152,2,0,2008,AdjLand,65.0,AsbShng,WD,None,None,None,0,0,0,0,0.0,0,0,0.19072847682119207,-999,53,53,0,2.0,0,1.2246467991473532e-16,-1.0,1,0,0,1,0,0,0,3,3,0,3,2,0,7,0,0,3,0,0,2,0,11.314474526246391,4,0,0,0
888,16466,Lvl,Inside,Edwards,1Fam,1.5Fin,5,7,Gable,PConc,1393,3,0,2008,Normal,59.0,MetalSd,WD,None,Attchd,None,1,0,0,816,0.0,386,1,0.084598566743592854,53,53,53,0,1.5,0,0.86602540378443871,-0.49999999999999978,1,265,121,1,1,1,1,3,4,3,3,3,0,7,1,1,2,1,2,2,0,11.816726919301892,3,0,0,0
446,9855,Lvl,Corner,Edwards,1Fam,1Story,6,5,Hip,CBlock,1689,3,1,2009,Normal,73.0,Wd Sdng,COD,MnPrv,Attchd,None,2,0,0,1436,0.0,0,0,0.17138508371385083,53,53,53,0,1.0,0,-0.50000000000000044,0.86602540378443837,0,0,0,1,1,1,1,3,3,3,2,3,4,7,1,1,3,1,2,2,0,11.755871643580617,5,0,0,0
918,17140,Lvl,Inside,Edwards,1Fam,1Story,4,6,Gable,CBlock,1229,3,0,2009,Normal,65.5,VinylSd,WD,None,Attchd,None,1,1059,0,1134,0.93386243386243384,0,0,0.071703617269544925,53,53,53,0,1.0,0,0.86602540378443871,-0.49999999999999978,1,0,0,1,1,1,0,3,3,3,5,3,0,7,1,1,3,2,2,2,0,11.813030057420567,2,0,0,1
1054,8562,Lvl,Inside,Edwards,1Fam,1Story,5,6,Hip,CBlock,1526,4,1,2010,Normal,68.0,HdBoard,WD,None,Basment,Stone,1,383,0,1216,0.31496710526315791,194,1,0.17822938565755664,53,53,8,1,1.0,0,0.49999999999999994,-0.86602540378443871,1,0,194,1,1,1,0,3,3,3,5,3,4,5,1,3,3,1,2,1,0,11.881034786534624,2,0,45,1
1320,10215,Bnk,Inside,Edwards,1Fam,1Story,4,5,Hip,PConc,948,3,0,2007,Normal,75.0,Wd Sdng,WD,None,Attchd,BrkFace,1,492,0,864,0.56944444444444442,0,0,0.09280469897209985,53,53,53,0,1.0,0,0.8660254037844386,0.50000000000000011,0,0,0,1,1,1,1,3,3,3,5,3,0,7,1,1,3,1,2,2,0,11.617285480294472,2,0,0,0
724,8172,Lvl,Inside,Edwards,1Fam,1.5Fin,4,6,Gable,PConc,1470,4,0,2008,Normal,60.0,MetalSd,WD,None,Detchd,None,1,0,0,941,0.0,156,1,0.17988252569750368,50,54,36,1,2.0,0,0.49999999999999994,-0.86602540378443871,1,156,0,1,1,1,1,3,3,3,5,3,0,7,1,1,3,1,2,2,0,11.813030057420567,2,0,18,1
698,6420,Lvl,Inside,Edwards,1Fam,1Story,5,7,Gable,PConc,1148,2,0,2006,Normal,57.0,Wd Sdng,WD,None,Detchd,None,1,210,551,980,0.77653061224489794,0,0,0.17881619937694704,54,54,54,0,1.5,0,-1.0,-1.8369701987210297e-16,0,0,0,1,1,1,0,3,3,5,2,3,0,7,5,2,2,1,2,2,0,11.72399643505017,5,0,0,0
1046,13680,Lvl,CulDSac,Edwards,1Fam,1Story,3,5,Hip,Slab,1733,4,1,2009,Normal,65.5,BrkFace,WD,None,Attchd,None,2,0,0,0,0.0,0,0,0.12668128654970759,54,54,54,0,2.0,0,1.2246467991473532e-16,-1.0,1,0,0,1,1,1,0,3,3,0,5,3,4,5,0,0,2,1,2,2,0,11.84653646931041,2,0,0,0
396,9571,Lvl,Inside,Edwards,1Fam,1Story,5,6,Gable,CBlock,1144,3,0,2010,Normal,68.0,Wd Sdng,WD,None,Attchd,None,1,739,0,1144,0.64597902097902093,44,1,0.11952774004806185,54,54,54,0,2.0,0,1.2246467991473532e-16,-1.0,1,0,44,1,1,1,1,3,3,3,3,3,0,7,1,3,3,1,2,2,0,11.76756768334381,4,0,0,0
648,10452,Lvl,Inside,Edwards,1Fam,1Story,6,5,Hip,CBlock,1094,3,2,2008,Normal,85.0,Wd Sdng,WD,None,Attchd,Stone,2,500,0,1094,0.45703839122486289,287,1,0.1046689628779181,55,55,55,0,1.0,0,1.2246467991473532e-16,-1.0,1,287,0,1,1,1,1,3,3,3,5,3,4,7,1,2,2,2,2,2,0,11.951180395901384,2,0,0,0
772,8877,Lvl,Inside,Edwards,1Fam,1Story,4,5,Gable,CBlock,1220,2,0,2006,Normal,67.0,Wd Sdng,COD,None,Detchd,None,2,836,0,836,1.0,0,0,0.13743381773121549,55,55,55,0,1.0,0,0.86602540378443871,-0.49999999999999978,1,0,0,1,1,1,0,3,3,2,3,3,0,7,1,1,3,1,2,2,0,11.532728092266408,4,0,0,0
176,12615,Lvl,Corner,Edwards,1Fam,1Story,6,7,Gable,CBlock,2158,4,1,2007,Normal,84.0,WdShing,WD,MnPrv,Attchd,None,2,477,0,1202,0.3968386023294509,68,1,0.17106619104240983,57,57,6,1,3.0,0,1.2246467991473532e-16,-1.0,1,39,29,1,1,1,1,3,3,3,3,4,4,7,1,3,3,1,2,2,0,12.400816722322686,4,0,51,1
1001,10206,Lvl,Corner,Edwards,1Fam,1Story,3,3,Flat,Slab,944,2,0,2009,Normal,74.0,BrkComm,WD,None,Detchd,None,2,0,0,0,0.0,0,0,0.09249461101312953,53,57,57,0,1.0,0,-0.49999999999999972,-0.86602540378443882,1,0,0,0,0,1,0,3,3,0,2,2,0,6,0,0,3,1,2,2,0,11.314474526246391,5,0,0,0
608,7800,Bnk,Inside,Edwards,1Fam,2Story,5,8,Gable,CBlock,2008,3,0,2006,Normal,78.0,MetalSd,WD,None,Attchd,None,1,603,0,896,0.6729910714285714,103,1,0.25743589743589745,58,58,4,1,4.0,0,-0.86602540378443837,-0.50000000000000044,0,0,103,1,1,1,1,3,4,3,5,5,0,7,1,1,3,1,2,1,0,12.323855681186558,1,0,54,1
986,10880,Lvl,Inside,Edwards,2fmCon,1Story,5,5,Gable,CBlock,1164,3,0,2008,Normal,68.0,MetalSd,ConLD,None,Detchd,None,1,1040,0,1164,0.89347079037800692,48,1,0.10698529411764705,58,58,58,0,2.0,0,-0.86602540378443837,-0.50000000000000044,0,0,48,0,0,1,1,3,3,3,3,3,0,7,1,1,3,1,2,2,0,11.736069016284437,4,0,0,0
1073,7585,Lvl,Inside,Edwards,1Fam,1.5Fin,5,3,Gable,CBlock,1456,4,1,2006,Normal,50.0,MetalSd,WD,None,Detchd,None,1,0,0,810,0.0,0,0,0.1919578114700066,52,58,56,1,2.5,1,-0.86602540378443837,-0.50000000000000044,0,0,0,1,1,1,0,3,3,2,2,3,3,7,1,2,3,1,1,2,0,11.424094251263613,5,0,2,0
293,11409,Lvl,Inside,Edwards,1Fam,1.5Fin,5,4,Gable,CBlock,1716,3,1,2009,Normal,60.0,Wd Sdng,WD,None,Attchd,None,1,292,0,768,0.38020833333333331,160,1,0.15040757296870891,60,60,1,1,1.5,0,0.49999999999999994,0.86602540378443871,0,160,0,1,1,1,1,3,3,3,4,3,4,5,1,1,3,1,2,2,0,11.782952602183288,3,0,59,0
554,8777,Lvl,Inside,Edwards,1Fam,1Story,4,5,Gable,CBlock,1126,2,0,2009,Normal,67.0,VinylSd,WD,MnPrv,Detchd,None,2,0,0,0,0.0,96,1,0.12828984846758573,7,60,6,1,2.0,1,0.49999999999999994,-0.86602540378443871,1,0,96,1,1,1,1,3,3,0,5,4,0,7,0,0,3,3,0,2,0,11.589886506106357,2,0,54,0
840,11767,Lvl,Inside,Edwards,1Fam,1.5Fin,5,6,Gable,CBlock,1200,3,0,2008,Normal,70.0,MetalSd,WD,None,Detchd,None,1,352,0,768,0.45833333333333331,0,0,0.10198011387779383,62,62,13,1,1.0,0,0.49999999999999994,-0.86602540378443871,1,0,0,1,1,1,1,3,3,3,5,3,0,7,1,1,3,1,2,2,0,11.779128505744886,2,0,49,1
1124,9405,Lvl,Inside,Edwards,1Fam,1Story,5,9,Hip,CBlock,698,2,0,2009,Normal,50.0,VinylSd,WD,None,None,None,0,0,0,698,0.0,200,1,0.074215842636895263,-999,62,1,1,1.5,0,1.2246467991473532e-16,-1.0,1,0,200,1,1,1,1,3,5,3,5,3,0,7,1,1,3,0,2,2,0,11.678439903447801,0,0,61,1
1050,11100,Low,Inside,Edwards,1Fam,1Story,4,7,Gable,CBlock,930,2,0,2010,Abnorml,60.0,MetalSd,WD,None,Detchd,None,1,0,0,0,0.0,0,0,0.083783783783783788,64,64,4,1,1.0,0,0.86602540378443871,-0.49999999999999978,1,0,0,1,1,1,1,3,3,0,5,4,0,7,0,0,3,1,2,2,0,11.349229372299439,2,0,60,1
750,8405,Lvl,Inside,Edwards,1Fam,1.5Fin,4,3,Gable,Slab,1529,4,0,2009,Normal,50.0,WdShing,WD,None,Detchd,None,1,0,0,0,0.0,277,1,0.18191552647233789,64,64,59,1,2.0,0,0.86602540378443871,-0.49999999999999978,1,185,92,0,0,1,0,3,3,0,3,3,0,4,0,0,3,1,0,2,0,11.492722757652709,4,0,5,0
240,8741,Lvl,Inside,Edwards,1Fam,1.5Fin,6,4,Gable,CBlock,1487,3,1,2010,Normal,52.0,VinylSd,WD,MnPrv,Detchd,None,1,94,0,735,0.12789115646258503,140,1,0.17011783548793044,61,65,60,1,1.5,0,0.86602540378443871,-0.49999999999999978,1,0,140,1,1,1,0,3,3,3,3,3,4,7,1,1,3,1,2,2,0,11.635143097694478,4,0,5,0
419,8160,Lvl,Inside,Edwards,1Fam,1.5Fin,5,6,Gable,BrkTil,1134,3,0,2007,AdjLand,60.0,MetalSd,WD,None,Detchd,None,1,312,0,756,0.41269841269841268,0,0,0.13897058823529412,67,67,57,1,2.5,0,0.86602540378443871,-0.49999999999999978,1,0,0,1,0,1,0,3,3,3,2,3,0,7,1,1,3,1,1,2,0,11.744037185933616,5,0,10,0
353,9084,Lvl,Inside,Edwards,1Fam,1.5Fin,5,6,Gable,CBlock,1111,3,0,2008,Normal,60.0,VinylSd,ConLw,None,Detchd,None,1,236,380,616,1.0,48,1,0.12230295024218406,67,67,58,1,1.5,1,1.0,6.123233995736766e-17,0,0,48,1,0,1,1,3,3,3,3,3,0,7,3,2,3,1,2,2,0,11.461632170582678,4,0,9,0
1378,10998,Lvl,Inside,Edwards,1Fam,1.5Fin,5,5,Gable,CBlock,1604,3,0,2009,Normal,60.0,Wd Sdng,WD,None,Detchd,None,2,408,420,984,0.84146341463414631,68,1,0.14584469903618841,32,68,49,1,2.0,0,-0.49999999999999972,-0.86602540378443882,1,0,68,1,1,1,1,3,3,3,5,3,0,5,4,1,3,1,2,2,1,11.669929213779893,2,0,19,0
563,13907,Lvl,Inside,Edwards,1Fam,1Story,5,6,Gable,CBlock,996,3,1,2008,Normal,63.0,WdShing,WD,None,None,None,0,290,0,996,0.29116465863453816,144,1,0.071618609333429215,-999,68,39,1,2.0,0,-0.49999999999999972,-0.86602540378443882,1,0,144,1,1,1,1,3,3,3,5,3,4,7,1,1,3,0,2,2,0,11.589886506106357,2,0,29,0
166,10106,Lvl,Inside,Edwards,2fmCon,1.5Fin,5,7,Gable,BrkTil,1355,4,0,2008,Normal,62.0,Wd Sdng,WD,None,None,None,0,351,181,644,0.82608695652173914,140,1,0.13407876509004552,-999,68,9,1,3.0,0,-1.0,-1.8369701987210297e-16,0,0,140,1,1,0,1,3,4,3,4,3,0,7,3,1,3,0,2,2,0,11.755871643580617,2,0,59,1
1213,9340,Lvl,Inside,Edwards,1Fam,1Story,4,6,Hip,CBlock,672,2,0,2009,Normal,50.0,MetalSd,WD,None,Attchd,None,1,344,0,672,0.51190476190476186,113,1,0.07194860813704497,68,68,59,1,2.0,0,-0.86602540378443837,-0.50000000000000044,0,0,113,1,1,1,1,3,3,3,3,3,0,7,1,1,3,1,0,2,0,11.635143097694478,4,0,9,1
652,9084,Lvl,Inside,Edwards,1Fam,2Story,4,5,Gable,CBlock,1510,4,1,2009,Normal,60.0,MetalSd,WD,MnPrv,Detchd,None,1,0,0,755,0.0,120,1,0.16622633201232936,69,69,59,1,2.0,1,-0.8660254037844386,0.50000000000000011,0,0,120,1,1,1,1,3,3,3,3,3,4,7,1,2,3,1,1,2,0,11.589886506106357,4,0,10,0
1145,12180,Lvl,Inside,Edwards,2fmCon,1.5Fin,4,4,Gable,BrkTil,924,2,0,2010,Normal,60.0,MetalSd,WD,MnPrv,Detchd,None,1,348,0,672,0.5178571428571429,0,0,0.07586206896551724,69,69,60,1,2.0,0,-0.49999999999999972,-0.86602540378443882,1,0,0,0,0,1,0,3,2,4,2,2,0,7,1,1,3,1,2,2,0,11.289781913656018,6,1,9,0
309,12342,Lvl,Inside,Edwards,1Fam,1Story,4,5,Gable,CBlock,861,1,0,2009,Normal,65.5,VinylSd,WD,None,Detchd,None,2,262,0,861,0.30429732868757259,158,1,0.069761789013125908,48,69,59,1,1.0,0,1.0,6.123233995736766e-17,0,0,158,1,1,1,1,3,3,3,5,3,0,7,1,1,2,1,2,2,0,11.320553572322773,2,0,10,0
1385,9060,Lvl,Inside,Edwards,1Fam,1.5Fin,6,5,Gable,BrkTil,1258,2,0,2009,Normal,60.0,WdShing,WD,MnPrv,Detchd,None,1,204,0,560,0.36428571428571427,0,0,0.13885209713024282,70,70,59,1,1.0,0,-0.8660254037844386,0.50000000000000011,0,0,0,1,1,1,1,3,3,3,3,3,0,7,1,2,3,1,1,2,0,11.561715629139661,4,0,11,0
1333,8877,Lvl,Inside,Edwards,1Fam,1Story,4,6,Gable,CBlock,816,2,1,2009,Normal,67.0,MetalSd,WD,None,Detchd,None,1,690,0,816,0.84558823529411764,0,0,0.0919229469415343,51,71,51,1,2.0,0,0.49999999999999994,-0.86602540378443871,1,0,0,1,1,1,1,3,3,3,5,3,4,7,1,2,3,1,2,1,0,11.512925464970229,2,0,20,1
1169,13728,Lvl,Corner,Edwards,1Fam,2Story,6,7,Hip,CBlock,2108,4,2,2008,Normal,120.0,Stucco,WD,None,Basment,None,2,626,0,1127,0.55545696539485356,90,1,0.15355477855477856,73,73,22,1,2.0,0,-0.49999999999999972,-0.86602540378443882,1,90,0,1,1,1,1,3,3,3,5,4,3,7,1,1,3,1,2,2,0,12.367340793126296,2,0,51,1
1327,4270,Bnk,Inside,Edwards,1Fam,1Story,3,6,Gable,BrkTil,774,3,0,2007,Normal,70.0,MetalSd,WD,None,None,None,0,544,0,544,1.0,286,1,0.18126463700234191,-999,76,1,1,1.0,0,0.49999999999999994,-0.86602540378443871,1,286,0,1,1,1,1,3,3,3,5,4,0,7,1,1,3,0,2,1,0,11.277203131449159,2,0,75,1
1186,9738,Lvl,Inside,Edwards,1Fam,1.5Fin,5,7,Gable,BrkTil,1221,4,0,2006,Normal,60.0,AsbShng,WD,None,Attchd,None,1,392,0,784,0.5,236,1,0.12538508934072704,41,82,56,1,2.0,0,1.0,6.123233995736766e-17,0,236,0,1,1,1,1,3,4,3,4,3,0,7,1,1,3,1,2,2,0,11.560762794384388,2,0,26,0
211,5604,Lvl,Inside,Edwards,1Fam,1Story,5,6,Gable,CBlock,864,2,0,2008,Normal,67.0,Stucco,WD,None,None,None,0,468,0,864,0.54166666666666663,96,1,0.15417558886509636,-999,83,58,1,2.0,0,0.86602540378443871,-0.49999999999999978,1,96,0,1,0,1,0,3,3,3,3,3,0,7,1,1,3,0,2,2,0,11.492722757652709,4,0,25,0
672,6629,Lvl,Inside,Edwards,1Fam,2Story,6,6,Gambrel,BrkTil,1369,3,0,2009,Normal,54.0,Wd Sdng,WD,None,Detchd,None,1,551,0,672,0.81994047619047616,147,1,0.2065168200331875,79,84,59,1,3.0,1,-0.49999999999999972,-0.86602540378443882,1,0,147,1,0,1,1,3,4,3,3,3,0,7,1,1,3,1,2,2,0,11.54829260880752,3,0,25,0
156,9600,Lvl,Corner,Edwards,1Fam,1.5Fin,6,5,Gable,BrkTil,1096,2,0,2008,Normal,60.0,Wd Sdng,WD,None,None,None,0,0,0,572,0.0,136,1,0.11416666666666667,-999,84,58,1,1.0,1,0.86602540378443871,-0.49999999999999978,1,128,8,0,0,1,0,3,3,3,2,3,0,7,1,1,3,0,0,2,0,11.277203131449159,5,0,26,0
529,9098,Lvl,Inside,Edwards,1Fam,1Story,4,7,Gable,BrkTil,605,2,0,2007,Normal,58.0,Wd Sdng,WD,None,None,None,0,348,0,528,0.65909090909090906,144,1,0.06649813145746318,-999,87,5,1,2.0,0,-0.49999999999999972,-0.86602540378443882,1,144,0,1,1,1,1,3,3,3,5,3,0,7,1,2,2,0,0,2,0,11.362102575235644,2,0,82,1
376,10020,Low,Inside,Edwards,1Fam,1Story,1,1,Gable,BrkTil,904,1,0,2009,Normal,65.5,Wd Sdng,WD,None,None,None,0,350,0,683,0.51244509516837478,0,0,0.09021956087824351,-999,87,59,1,1.5,0,1.0,6.123233995736766e-17,0,0,0,1,0,1,0,2,2,2,4,2,0,3,1,4,2,0,2,0,0,11.018629143155449,4,0,28,0
1258,4060,Lvl,Corner,Edwards,1Fam,1Story,5,8,Gable,PConc,864,2,0,2009,Normal,56.0,Wd Sdng,WD,None,None,None,0,0,0,864,0.0,96,1,0.21280788177339902,-999,87,59,1,1.0,1,-0.49999999999999972,-0.86602540378443882,1,0,96,1,1,1,1,3,3,2,5,3,0,7,1,1,3,0,2,2,0,11.511924964636645,2,0,28,0
815,8248,Lvl,Inside,Edwards,1Fam,1.5Fin,5,7,Gable,BrkTil,1250,3,0,2006,Normal,45.0,Stucco,WD,None,Detchd,None,1,0,0,686,0.0,303,1,0.15155189136760427,51,88,56,1,2.0,0,-0.49999999999999972,-0.86602540378443882,1,96,207,0,1,1,1,3,3,3,4,2,0,7,1,1,3,1,1,2,1,11.661345470088502,3,0,32,0
440,12354,Lvl,Corner,Edwards,1Fam,1.5Fin,6,8,Gable,BrkTil,1196,3,0,2009,Normal,67.0,Wd Sdng,ConLI,GdPrv,Detchd,None,2,0,0,684,0.0,46,1,0.096810749554800068,4,89,9,1,1.0,0,-0.86602540378443837,-0.50000000000000044,0,0,46,1,1,1,1,3,3,3,4,4,0,7,1,2,3,1,2,2,1,11.608235644774552,3,0,80,1
99,10625,Lvl,Corner,Edwards,1Fam,1Story,5,5,Gable,BrkTil,835,2,0,2010,Abnorml,85.0,Wd Sdng,COD,None,Basment,None,1,108,0,458,0.23580786026200873,77,1,0.078588235294117653,90,90,60,1,1.0,0,0.49999999999999994,-0.86602540378443871,1,77,0,1,0,1,1,3,3,3,2,3,0,7,1,1,3,1,2,2,0,11.326595886778735,5,0,30,0
564,21780,Lvl,Inside,Edwards,1Fam,1.5Fin,6,7,Gable,BrkTil,1674,4,1,2008,Normal,66.0,Wd Sdng,WD,None,Detchd,None,2,0,0,1163,0.0,252,1,0.0768595041322314,53,90,58,1,2.0,0,-0.49999999999999972,-0.86602540378443882,1,144,108,1,1,1,1,3,3,4,5,3,4,7,1,2,3,3,0,2,0,12.128111104060462,2,0,32,0
621,8248,Lvl,Inside,Edwards,1Fam,1Story,3,3,Gable,BrkTil,864,2,0,2008,Normal,45.0,Stucco,WD,None,None,None,0,41,0,864,0.047453703703703706,100,1,0.10475266731328807,-999,94,58,1,2.0,0,-1.0,-1.8369701987210297e-16,0,100,0,1,0,1,0,3,3,3,3,3,0,7,1,1,3,0,0,2,1,11.112447898373103,4,0,36,0
387,8410,Lvl,FR2,Edwards,1Fam,1.5Fin,5,3,Gambrel,PConc,1184,5,0,2006,AdjLand,58.0,Wd Sdng,WD,None,None,None,0,0,0,658,0.0,151,1,0.14078478002378123,-999,96,10,1,1.0,1,0.49999999999999994,-0.86602540378443871,1,0,151,1,1,1,1,3,2,3,3,3,0,7,1,1,3,0,0,2,0,11.302204433654575,5,1,86,0
1381,8212,Lvl,Inside,Edwards,1Fam,1Story,3,3,Gable,BrkTil,864,2,0,2010,Normal,45.0,Stucco,WD,None,Detchd,None,1,203,0,864,0.23495370370370369,96,1,0.10521188504627374,72,96,60,1,2.0,0,1.2246467991473532e-16,-1.0,1,96,0,1,0,1,0,3,2,3,3,3,0,7,1,1,3,1,2,2,1,10.976782033219948,5,1,36,0
1449,11767,Lvl,Inside,Edwards,1Fam,2Story,4,7,Gable,CBlock,1346,2,0,2007,Normal,70.0,MetalSd,WD,GdWo,Detchd,None,1,0,0,560,0.0,192,1,0.11438769439959208,57,97,7,1,1.5,0,0.49999999999999994,-0.86602540378443871,1,0,192,1,0,1,1,3,3,2,4,3,0,5,1,1,3,1,2,2,0,11.626254150277232,3,0,90,1
536,7000,Lvl,Inside,Edwards,2fmCon,2Story,5,7,Gable,CBlock,1347,3,0,2008,Normal,70.0,MetalSd,WD,None,None,None,0,969,0,1117,0.86750223813786931,233,1,0.19242857142857142,-999,98,17,1,2.0,0,0.49999999999999994,0.86602540378443871,0,148,85,1,1,1,1,3,3,4,3,3,0,7,1,4,3,0,0,2,0,11.585246126549855,4,0,81,1
639,8777,Lvl,Inside,Edwards,1Fam,1Story,5,7,Gable,CBlock,796,2,0,2008,Normal,67.0,MetalSd,WD,MnPrv,None,None,0,0,0,796,0.0,492,1,0.0906915802666059,-999,98,58,1,1.0,1,0.49999999999999994,-0.86602540378443871,1,164,328,1,1,1,0,3,3,2,4,3,0,7,1,1,3,0,1,2,0,11.350406535472453,3,0,40,0
391,8405,Lvl,Inside,Edwards,1Fam,1.5Fin,5,8,Gable,BrkTil,1367,4,0,2008,Normal,50.0,MetalSd,WD,MnPrv,Detchd,None,1,241,391,861,0.73403019744483156,242,1,0.16264128494943486,30,108,58,1,2.0,0,0.86602540378443871,-0.49999999999999978,1,112,130,1,1,1,1,3,3,3,5,3,0,7,4,1,3,1,2,2,1,11.686878772093667,2,0,50,1
922,8777,Lvl,Inside,Edwards,Duplex,1.5Fin,5,7,Gable,CBlock,2200,4,0,2008,Normal,67.0,MetalSd,WD,GdPrv,None,None,0,1084,0,1272,0.85220125786163525,70,1,0.25065512133986556,-999,108,5,1,5.0,1,-1.0,-1.8369701987210297e-16,0,0,70,1,1,0,1,3,3,3,4,3,0,7,1,1,3,0,0,2,0,11.890676734510876,3,0,103,1
709,9018,Lvl,Inside,Gilbert,1Fam,2Story,7,5,Hip,PConc,1456,3,1,2007,Partial,65.0,VinylSd,New,None,Attchd,None,2,0,0,728,0.0,124,1,0.1614548680416944,0,0,0,0,2.5,0,-0.49999999999999972,-0.86602540378443882,1,0,124,1,1,1,1,4,3,4,5,4,4,7,1,3,2,3,2,2,0,12.09815330331068,2,0,0,0
1051,8993,Lvl,Inside,Gilbert,1Fam,1Story,7,5,Gable,PConc,1302,3,0,2007,Partial,73.0,VinylSd,New,None,Attchd,None,2,0,0,1302,0.0,22,1,0.14477927276770822,0,0,0,0,2.0,0,-0.86602540378443837,-0.50000000000000044,0,0,22,1,1,1,1,4,3,4,5,4,0,7,1,3,2,3,2,2,0,12.080991165908294,2,0,0,0
416,8899,Lvl,Inside,Gilbert,1Fam,1Story,7,5,Gable,PConc,1340,3,0,2007,Partial,73.0,VinylSd,New,None,Attchd,None,2,24,0,1340,0.017910447761194031,130,1,0.15057871670974265,0,0,0,0,2.0,0,-0.86602540378443837,-0.50000000000000044,0,0,130,1,1,1,1,4,3,4,5,4,0,7,1,3,2,3,2,2,0,12.106992367829498,2,0,0,0
493,15578,Lvl,Corner,Gilbert,1Fam,2Story,6,5,Gable,PConc,1456,3,0,2006,Partial,105.0,VinylSd,New,None,Attchd,None,2,0,0,728,0.0,0,0,0.093465143150597,0,0,0,0,2.5,0,0.49999999999999994,-0.86602540378443871,1,0,0,1,1,1,1,4,3,4,4,3,0,7,1,1,2,2,2,2,0,12.059803326028716,3,0,0,0
1197,14054,Lvl,Inside,Gilbert,1Fam,2Story,7,5,Gable,PConc,1863,4,1,2006,Partial,58.0,VinylSd,New,None,BuiltIn,None,3,0,0,879,0.0,117,1,0.13256012523125088,0,0,0,0,2.5,0,-0.50000000000000044,0.86602540378443837,0,0,117,1,1,1,1,4,3,4,5,4,4,7,1,3,2,3,2,2,0,12.297785453453374,2,0,0,0
904,14859,HLS,CulDSac,Gilbert,1Fam,1Story,7,5,Hip,PConc,1670,3,1,2006,Partial,50.0,VinylSd,New,None,Attchd,BrkFace,3,0,0,1670,0.0,204,1,0.11238979742916751,0,0,0,0,2.0,0,-0.86602540378443837,-0.50000000000000044,0,0,204,1,1,1,1,4,3,4,5,4,4,7,1,1,2,2,2,2,0,12.388394202324129,2,0,0,0
545,17104,Lvl,Inside,Gilbert,1Fam,2Story,7,5,Gable,PConc,1496,3,1,2006,Partial,58.0,VinylSd,New,None,Attchd,None,2,554,0,654,0.84709480122324154,124,1,0.087464920486435921,0,0,0,0,3.5,0,-1.0,-1.8369701987210297e-16,0,0,124,1,1,1,1,4,3,4,5,4,4,7,1,3,2,2,2,2,0,12.098849284742149,2,0,0,0
1108,23257,HLS,CulDSac,Gilbert,1Fam,2Story,7,5,Gable,PConc,2021,3,1,2006,Partial,168.0,VinylSd,New,None,BuiltIn,None,2,0,0,868,0.0,100,1,0.086898568173023175,0,0,0,0,2.5,0,-1.0,-1.8369701987210297e-16,0,0,100,1,1,1,1,4,3,5,5,4,4,7,1,1,0,2,2,2,0,12.523525876315125,2,0,0,0
923,10237,Lvl,Inside,Gilbert,1Fam,1Story,6,5,Gable,PConc,1316,3,1,2006,Partial,65.0,VinylSd,New,None,Attchd,None,2,28,0,1316,0.021276595744680851,123,1,0.12855328709582886,1,1,0,1,2.0,1,-0.8660254037844386,0.50000000000000011,0,23,100,1,1,1,1,4,3,4,5,4,4,7,1,1,3,3,2,2,0,12.043494890772815,2,0,1,0
1364,8499,Lvl,Inside,Gilbert,1Fam,2Story,6,5,Gable,PConc,1412,3,1,2007,Partial,73.0,VinylSd,New,None,BuiltIn,None,2,0,0,616,0.0,36,1,0.16613719261089541,0,1,0,1,2.5,0,1.0,6.123233995736766e-17,0,0,36,1,1,1,1,3,3,4,5,4,4,7,1,1,2,3,2,2,0,11.963567869487337,2,0,1,0
1431,21930,Lvl,Inside,Gilbert,1Fam,2Story,5,5,Gable,PConc,1838,4,1,2006,Normal,60.0,VinylSd,WD,None,BuiltIn,None,2,0,0,732,0.0,140,1,0.083812129502963975,1,1,1,0,2.5,1,-0.49999999999999972,-0.86602540378443882,1,0,140,1,1,1,1,4,3,4,5,3,4,7,1,3,0,3,2,2,0,12.16597955196373,2,0,0,0
738,10463,HLS,CulDSac,Gilbert,1Fam,2Story,8,5,Gable,PConc,1801,3,1,2006,Normal,72.0,VinylSd,WD,None,Attchd,None,3,0,0,893,0.0,116,1,0.17213036414030392,1,1,1,0,2.5,0,1.2246467991473532e-16,-1.0,1,0,116,1,1,1,1,4,3,4,5,4,4,7,1,1,2,3,2,2,0,12.387977448827787,2,0,0,0
160,19378,HLS,Corner,Gilbert,1Fam,2Story,7,5,Gable,PConc,2462,4,1,2006,Partial,134.0,VinylSd,New,None,Attchd,BrkFace,2,57,0,1392,0.040948275862068964,539,1,0.12705129528331097,0,1,0,1,3.5,0,1.0,6.123233995736766e-17,0,168,371,1,1,1,1,4,3,4,5,4,4,7,1,2,2,2,2,2,0,12.676076274775909,2,0,1,0
535,9056,Lvl,Inside,Gilbert,1Fam,2Story,8,5,Gable,PConc,1414,3,1,2006,Normal,74.0,VinylSd,WD,None,Attchd,None,2,0,0,707,0.0,135,1,0.15613957597173145,2,2,2,0,2.5,0,-0.8660254037844386,0.50000000000000011,0,0,135,1,1,1,1,4,3,5,5,4,4,7,1,3,2,3,2,2,0,12.089538829274222,2,0,0,0
966,10237,Lvl,Inside,Gilbert,1Fam,2Story,6,5,Gable,PConc,1484,3,1,2007,Partial,65.0,VinylSd,New,None,Attchd,None,2,0,0,783,0.0,72,1,0.14496434502295594,2,2,0,1,2.5,1,-0.49999999999999972,-0.86602540378443882,1,0,72,1,1,1,1,4,3,4,5,4,4,7,1,1,3,3,2,2,0,12.09458226949681,2,0,2,0
1128,14572,Lvl,Corner,Gilbert,1Fam,1Story,7,5,Hip,PConc,1530,3,1,2007,Family,182.0,VinylSd,WD,None,Attchd,None,3,1300,0,1530,0.84967320261437906,180,1,0.10499588251441119,3,3,3,0,3.0,0,-0.50000000000000044,0.86602540378443837,0,0,180,1,1,1,1,4,3,4,5,4,4,7,1,3,0,3,2,2,0,12.464583340681674,2,0,0,0
169,8244,Lvl,Inside,Gilbert,1Fam,2Story,7,5,Gable,PConc,1720,3,1,2007,Normal,62.0,VinylSd,WD,None,Attchd,None,2,0,0,840,0.0,148,1,0.20863658418243572,3,3,3,0,2.5,0,0.49999999999999994,-0.86602540378443871,1,0,148,1,1,1,1,4,3,4,5,4,4,7,1,1,2,3,2,2,0,12.119969946476761,2,0,0,0
1389,14892,HLS,CulDSac,Gilbert,1Fam,1Story,9,5,Gable,PConc,1746,3,2,2009,Normal,42.0,VinylSd,WD,None,Attchd,Stone,3,1320,0,1746,0.75601374570446733,240,1,0.11724415793714746,3,3,2,1,3.0,0,-0.8660254037844386,0.50000000000000011,0,0,240,1,1,1,1,5,3,5,5,5,4,7,1,4,2,3,2,2,0,12.841325847671216,2,0,1,0
1129,11796,Lvl,Inside,Gilbert,1Fam,2Story,7,5,Gable,PConc,1959,4,1,2007,Normal,59.0,VinylSd,WD,None,BuiltIn,None,2,0,0,847,0.0,148,1,0.16607324516785352,3,3,2,1,2.5,0,-0.49999999999999972,-0.86602540378443882,1,0,148,1,1,1,1,4,3,4,5,4,4,7,1,3,2,3,2,2,0,12.2783933071098,2,0,1,0
903,7875,Lvl,Inside,Gilbert,1Fam,2Story,7,5,Gable,PConc,1509,3,1,2006,Normal,63.0,VinylSd,WD,None,Attchd,None,2,0,0,783,0.0,75,1,0.19161904761904761,3,3,3,0,2.5,0,-0.49999999999999972,-0.86602540378443882,1,0,75,1,1,1,1,4,3,4,5,4,4,7,1,1,3,3,2,2,0,12.100712129872347,2,0,0,0
1196,8029,Lvl,Inside,Gilbert,1Fam,2Story,6,5,Gable,PConc,1456,3,0,2008,Normal,51.0,VinylSd,WD,None,Attchd,None,2,0,0,728,0.0,124,1,0.18134263295553618,3,3,3,0,2.5,0,-0.49999999999999972,-0.86602540378443882,1,0,124,1,1,1,1,3,3,4,5,4,0,7,1,1,2,3,2,2,0,12.078239274020289,2,0,0,0
1259,9587,Lvl,Inside,Gilbert,1Fam,SLvl,7,5,Gable,PConc,1166,2,0,2008,Normal,59.0,VinylSd,WD,None,Attchd,Stone,2,655,0,856,0.76518691588785048,212,1,0.12162303118806718,3,3,3,0,3.0,0,-0.49999999999999972,-0.86602540378443882,1,0,212,1,1,1,1,4,3,4,5,4,0,7,1,4,2,3,2,2,0,12.154779351142624,2,0,0,0
617,7861,Lvl,Inside,Gilbert,1Fam,2Story,6,5,Gable,PConc,1509,3,1,2006,Normal,65.0,VinylSd,WD,None,Attchd,None,2,457,0,783,0.58365261813537672,175,1,0.19196031039307976,4,4,3,1,3.5,0,1.2246467991473532e-16,-1.0,1,0,175,1,1,1,1,4,3,4,5,4,4,7,1,1,2,3,2,2,0,12.118333731222167,2,0,1,0
1225,15384,Lvl,Inside,Gilbert,1Fam,2Story,7,5,Gable,PConc,1490,3,1,2008,Normal,60.0,VinylSd,WD,None,Attchd,None,2,724,0,788,0.91878172588832485,175,1,0.0968538741549662,4,4,3,1,3.5,1,0.8660254037844386,0.50000000000000011,0,0,175,1,1,1,1,4,3,4,5,4,4,7,1,3,2,3,2,2,0,12.122691036591123,2,0,1,0
752,7750,Lvl,Inside,Gilbert,1Fam,2Story,7,5,Gable,PConc,1320,3,0,2007,Normal,65.0,VinylSd,WD,None,Attchd,None,2,0,0,660,0.0,48,1,0.17032258064516129,4,4,4,0,2.5,1,-0.86602540378443837,-0.50000000000000044,0,0,48,1,1,1,1,4,3,4,5,4,0,7,1,1,3,3,2,2,0,11.99535161421452,2,0,0,0
87,11911,Lvl,Inside,Gilbert,1Fam,2Story,6,5,Gable,PConc,1560,3,1,2009,Normal,122.0,VinylSd,WD,None,BuiltIn,None,2,0,0,684,0.0,138,1,0.13097137100159517,4,4,4,0,2.5,0,1.0,6.123233995736766e-17,0,0,138,1,1,1,1,4,3,4,5,4,4,7,1,3,1,3,2,2,0,12.066810578196666,2,0,0,0
1402,7415,Lvl,Inside,Gilbert,1Fam,2Story,6,5,Gable,PConc,1593,3,1,2008,Normal,62.0,VinylSd,WD,None,Attchd,None,2,759,0,839,0.9046483909415971,175,1,0.2148347943358058,4,4,4,0,3.5,0,0.86602540378443871,-0.49999999999999978,1,0,175,1,1,1,1,3,3,3,5,3,3,7,1,1,2,3,2,2,0,12.170445467887022,2,0,0,0
910,12589,Lvl,Inside,Gilbert,1Fam,2Story,6,5,Gable,PConc,1484,3,1,2009,Normal,149.0,VinylSd,WD,None,Attchd,None,2,0,0,742,0.0,60,1,0.11788068949082532,4,4,4,0,2.5,0,1.2246467991473532e-16,-1.0,1,0,60,1,1,1,1,4,3,4,5,4,4,7,1,1,1,3,2,2,0,12.066810578196666,2,0,0,0
823,12394,Lvl,Corner,Gilbert,1Fam,2Story,7,5,Gable,PConc,1733,3,1,2007,Family,65.0,VinylSd,WD,None,BuiltIn,None,2,0,0,847,0.0,148,1,0.13982572212360819,4,4,4,0,2.5,0,-0.8660254037844386,0.50000000000000011,0,0,148,1,1,1,1,4,3,4,5,4,4,7,1,4,2,3,2,2,0,12.323855681186558,2,0,0,0
316,7795,Lvl,Inside,Gilbert,1Fam,2Story,7,5,Gable,PConc,1432,3,1,2009,Normal,71.0,VinylSd,WD,None,Attchd,None,2,425,0,716,0.59357541899441346,151,1,0.18370750481077613,5,5,4,1,3.5,0,-0.49999999999999972,-0.86602540378443882,1,0,151,1,1,1,1,4,3,4,5,4,4,7,1,1,2,3,2,2,0,12.146853285870202,2,0,1,0
1168,10852,Lvl,Inside,Gilbert,1Fam,2Story,6,5,Gable,PConc,1671,3,1,2006,Normal,58.0,VinylSd,WD,None,Attchd,None,2,786,0,959,0.81960375391032325,38,1,0.1539808330261703,6,6,6,0,3.5,1,0.8660254037844386,0.50000000000000011,0,0,38,1,1,1,1,3,3,4,5,3,3,7,1,1,2,3,2,2,0,12.061046873479915,2,0,0,0
371,8121,Lvl,Inside,Gilbert,1Fam,2Story,6,5,Gable,PConc,1664,3,1,2006,Normal,65.0,VinylSd,WD,None,Attchd,None,2,0,0,953,0.0,140,1,0.20490087427656692,6,6,6,0,2.5,0,0.49999999999999994,0.86602540378443871,0,0,140,1,1,1,1,3,3,4,5,3,3,7,1,1,2,2,2,2,0,12.057572637211729,2,0,0,0
666,11194,Lvl,Corner,Gilbert,1Fam,2Story,8,5,Gable,PConc,1936,3,1,2006,Normal,106.0,VinylSd,WD,None,Attchd,BrkFace,2,0,0,1406,0.0,312,1,0.17294979453278542,6,6,6,0,2.5,0,-0.50000000000000044,0.86602540378443837,0,0,312,1,1,1,1,4,3,4,5,4,3,7,1,1,2,2,2,2,0,12.348006141418841,2,0,0,0
574,9967,Lvl,Inside,Gilbert,1Fam,SLvl,7,5,Gable,PConc,1430,3,1,2007,Normal,76.0,VinylSd,WD,None,BuiltIn,None,2,0,0,384,0.0,100,1,0.14347346242600581,7,7,7,0,2.5,0,-2.4492935982947064e-16,1.0,0,0,100,1,1,1,1,3,3,4,5,3,3,7,1,1,2,2,2,2,0,12.043553716032399,2,0,0,0
1117,7750,Lvl,Inside,Gilbert,1Fam,SLvl,8,5,Hip,PConc,1419,3,1,2009,Normal,65.0,VinylSd,WD,None,BuiltIn,None,2,353,0,408,0.86519607843137258,120,1,0.18309677419354839,7,7,7,0,3.5,0,1.0,6.123233995736766e-17,0,0,120,1,1,1,1,4,3,4,5,4,3,7,1,1,3,3,2,2,0,12.123234367221169,2,0,0,0
222,8068,Lvl,Inside,Gilbert,1Fam,2Story,6,5,Gable,PConc,2267,4,1,2009,Normal,65.0,VinylSd,ConLI,None,BuiltIn,None,2,0,0,1010,0.0,166,1,0.28098661378284578,7,7,7,0,2.5,0,-2.4492935982947064e-16,1.0,0,0,166,1,1,1,1,4,3,4,5,4,3,7,1,1,2,2,2,2,0,12.206072645530174,2,0,0,0
1109,8063,Lvl,Inside,Gilbert,1Fam,2Story,6,5,Gable,PConc,1690,3,1,2007,Abnorml,65.0,VinylSd,WD,None,Attchd,None,2,0,0,924,0.0,148,1,0.20959940468808136,7,7,7,0,2.5,0,-0.50000000000000044,0.86602540378443837,0,0,148,1,1,1,1,3,3,4,5,3,3,7,1,1,3,2,2,2,0,12.106252310247962,2,0,0,0
256,8738,Lvl,Inside,Gilbert,1Fam,2Story,7,5,Gable,PConc,2291,4,1,2006,Normal,66.0,VinylSd,WD,None,BuiltIn,BrkFace,2,0,0,975,0.0,192,1,0.26218814373998628,7,7,7,0,2.5,0,0.8660254037844386,0.50000000000000011,0,0,192,1,1,1,1,4,3,4,5,4,3,7,1,1,2,3,2,2,0,12.345834587905333,2,0,0,0
448,11214,Lvl,Corner,Gilbert,1Fam,2Story,7,5,Gable,PConc,1886,4,1,2006,Normal,65.0,VinylSd,WD,None,Attchd,None,2,0,0,930,0.0,89,1,0.16818262885678617,8,8,7,1,2.5,0,-0.49999999999999972,-0.86602540378443882,1,0,89,1,1,1,1,4,3,4,4,4,3,7,1,1,2,3,2,2,0,12.205572520488492,3,0,1,0
1456,7917,Lvl,Inside,Gilbert,1Fam,2Story,6,5,Gable,PConc,1647,3,1,2007,Normal,62.0,VinylSd,WD,None,Attchd,None,2,0,0,953,0.0,40,1,0.20803334596438045,8,8,7,1,2.5,0,-0.86602540378443837,-0.50000000000000044,0,0,40,1,1,1,1,3,3,4,5,3,3,7,1,1,3,2,2,2,0,12.072541252905651,2,0,1,0
235,7851,Lvl,Inside,Gilbert,1Fam,2Story,6,5,Gable,PConc,1960,4,2,2010,Normal,65.0,VinylSd,WD,None,BuiltIn,None,2,625,0,860,0.72674418604651159,336,1,0.24964972614953509,8,8,8,0,3.5,0,0.49999999999999994,-0.86602540378443871,1,0,336,1,1,1,1,4,3,4,5,4,3,7,1,1,3,3,2,2,0,12.285345826424681,2,0,0,0
1434,10261,Lvl,Inside,Gilbert,1Fam,2Story,6,5,Gable,PConc,1792,3,1,2008,Normal,93.0,VinylSd,WD,None,Attchd,BrkFace,2,0,0,936,0.0,0,0,0.17464184777312153,8,8,8,0,3.5,0,0.49999999999999994,-0.86602540378443871,1,0,0,1,1,1,1,3,3,4,5,3,3,7,1,1,2,3,2,2,0,12.136186518066006,2,0,0,0
1330,9084,Lvl,Inside,Gilbert,1Fam,2Story,7,5,Hip,PConc,1632,3,1,2006,Normal,63.0,VinylSd,WD,None,Attchd,None,2,0,0,935,0.0,28,1,0.17965653896961692,8,8,8,0,2.5,0,1.2246467991473532e-16,-1.0,1,0,28,1,1,1,1,3,3,4,4,3,3,7,1,1,2,3,2,2,0,12.081076155355488,3,0,0,0
267,11207,HLS,FR2,Gilbert,1Fam,2Story,6,5,Gable,PConc,1511,3,1,2006,Normal,70.0,VinylSd,WD,None,Attchd,None,2,714,0,802,0.89027431421446379,170,1,0.13482644775586686,9,9,9,0,3.5,0,1.2246467991473532e-16,-1.0,1,0,170,1,1,1,1,3,3,4,4,3,3,7,1,3,2,3,2,2,0,12.128111104060462,3,0,0,0
930,13006,Lvl,Corner,Gilbert,1Fam,2Story,7,5,Gable,PConc,2236,4,1,2006,Normal,65.0,HdBoard,WD,None,BuiltIn,BrkFace,2,0,0,964,0.0,0,0,0.17192065200676609,9,9,9,0,2.5,0,-0.50000000000000044,0.86602540378443837,0,0,0,1,1,1,1,3,3,4,4,4,3,7,1,1,2,3,2,2,0,12.310432660854417,3,0,0,0
148,9505,Lvl,CulDSac,Gilbert,1Fam,2Story,7,5,Gable,PConc,2035,3,1,2010,Normal,65.0,VinylSd,WD,None,BuiltIn,BrkFace,2,0,0,884,0.0,192,1,0.21409784324039979,9,9,9,0,2.5,0,0.49999999999999994,-0.86602540378443871,1,0,192,1,1,1,1,4,3,4,5,4,4,7,1,1,2,3,2,2,0,12.312682380588432,2,0,0,0
380,8123,Lvl,Inside,Gilbert,1Fam,2Story,6,5,Gable,PConc,1800,3,1,2009,Normal,60.0,VinylSd,WD,None,Attchd,BrkFace,2,0,0,982,0.0,163,1,0.22159300750954081,9,9,9,0,2.5,1,1.2246467991473532e-16,-1.0,1,0,163,1,1,1,1,3,3,4,5,3,3,7,1,1,2,3,2,2,0,12.095141084822892,2,0,0,0
132,12224,Lvl,Corner,Gilbert,1Fam,2Story,6,5,Gable,PConc,2054,3,1,2009,Normal,65.0,VinylSd,WD,None,BuiltIn,BrkFace,2,695,0,992,0.70060483870967738,72,1,0.16803010471204188,9,9,9,0,3.5,0,-0.49999999999999972,-0.86602540378443882,1,0,72,1,1,1,1,4,3,4,5,4,3,7,1,1,2,2,2,2,0,12.404923504275338,2,0,0,0
747,8795,Lvl,Inside,Gilbert,1Fam,2Story,7,5,Gable,PConc,2256,4,1,2009,Normal,65.0,VinylSd,WD,None,BuiltIn,None,2,300,0,952,0.31512605042016806,278,1,0.25650938032973281,9,9,9,0,2.5,0,0.86602540378443871,-0.49999999999999978,1,0,278,1,1,1,1,4,3,4,5,4,3,7,1,1,2,3,2,2,0,12.371587084007746,2,0,0,0
1261,24682,Lvl,CulDSac,Gilbert,1Fam,2Story,6,5,Gable,PConc,1675,3,1,2009,Normal,65.0,VinylSd,WD,None,BuiltIn,None,2,0,0,841,0.0,103,1,0.0678632201604408,10,10,10,0,2.5,1,1.2246467991473532e-16,-1.0,1,0,103,1,1,1,1,3,3,4,5,3,3,7,1,1,0,3,2,2,0,12.106252310247962,2,0,0,0
1301,10762,Lvl,CulDSac,Gilbert,1Fam,2Story,7,5,Gable,PConc,1983,3,1,2009,Normal,65.0,VinylSd,WD,None,Attchd,None,2,694,0,978,0.70961145194274033,0,0,0.18425943133246608,10,10,10,0,2.5,0,0.49999999999999994,-0.86602540378443871,1,0,0,1,1,1,1,4,3,4,5,4,3,7,1,1,2,3,2,2,0,12.323855681186558,2,0,0,0
942,8755,Lvl,FR2,Gilbert,1Fam,2Story,7,5,Gable,PConc,2060,3,1,2009,Normal,65.0,VinylSd,WD,GdPrv,BuiltIn,BrkFace,2,772,0,992,0.77822580645161288,168,1,0.23529411764705882,10,10,10,0,3.5,1,1.2246467991473532e-16,-1.0,1,168,0,1,1,1,1,4,3,4,5,4,3,7,1,1,2,2,2,2,0,12.273731294003989,2,0,0,0
1135,8773,HLS,Inside,Gilbert,1Fam,2Story,6,5,Gable,PConc,1600,3,1,2007,Normal,57.0,VinylSd,WD,None,Attchd,None,2,0,0,916,0.0,138,1,0.18237774991451042,10,10,10,0,2.5,0,-0.86602540378443837,-0.50000000000000044,0,0,138,1,1,1,1,3,3,4,4,3,3,7,1,3,2,3,2,2,0,12.037653993905211,3,0,0,0
51,13869,Lvl,Corner,Gilbert,1Fam,2Story,6,6,Gable,PConc,1470,3,0,2007,Normal,65.0,VinylSd,WD,None,Attchd,None,2,182,0,794,0.22921914357682618,75,1,0.10599178022928835,10,10,10,0,2.5,0,-0.49999999999999972,-0.86602540378443882,1,0,75,1,1,1,1,3,3,4,4,3,0,7,1,3,1,3,2,2,0,12.083905011555967,3,0,0,0
335,9042,Lvl,Inside,Gilbert,1Fam,2Story,6,5,Gable,PConc,1638,3,2,2008,Normal,59.0,VinylSd,WD,None,Attchd,None,2,828,0,943,0.87804878048780488,138,1,0.18115461181154613,10,10,10,0,3.5,0,-0.49999999999999972,-0.86602540378443882,1,0,138,1,1,1,1,3,3,4,4,3,3,7,1,4,2,3,2,2,0,12.165250651009918,3,0,0,0
112,7750,Lvl,Inside,Gilbert,1Fam,SLvl,7,5,Gable,PConc,1430,3,1,2010,Normal,65.0,VinylSd,WD,None,BuiltIn,None,2,250,0,384,0.65104166666666663,180,1,0.18451612903225806,10,10,10,0,2.5,0,0.86602540378443871,-0.49999999999999978,1,0,180,1,1,1,1,3,3,4,5,3,3,7,1,1,2,3,2,2,0,12.100712129872347,2,0,0,0
434,10839,Lvl,Corner,Gilbert,1Fam,2Story,6,5,Gable,PConc,1604,3,1,2008,Normal,100.0,VinylSd,WD,None,Attchd,None,2,0,0,926,0.0,36,1,0.14798413137743335,11,11,10,1,2.5,0,-0.49999999999999972,-0.86602540378443882,1,0,36,1,1,1,1,3,3,4,5,3,3,7,1,1,2,3,2,2,0,12.106252310247962,2,0,1,0
1190,7500,Lvl,Inside,Gilbert,1Fam,2Story,7,5,Gable,PConc,1804,3,1,2010,Normal,60.0,VinylSd,WD,None,Attchd,None,2,0,0,994,0.0,200,1,0.24053333333333332,11,11,11,0,2.5,0,1.2246467991473532e-16,-1.0,1,0,200,1,1,1,1,3,3,3,4,4,3,7,1,1,3,3,2,2,0,12.149502294041779,3,0,0,0
73,10141,Lvl,Corner,Gilbert,1Fam,2Story,7,5,Gable,PConc,1718,3,1,2009,Normal,74.0,VinylSd,WD,None,Attchd,BrkFace,2,0,0,832,0.0,385,1,0.16941130066068436,11,11,11,0,2.5,0,-2.4492935982947064e-16,1.0,0,291,94,1,1,1,1,3,3,4,4,3,3,7,1,1,2,3,2,2,0,12.128111104060462,3,0,0,0
1085,13031,Lvl,Corner,Gilbert,1Fam,2Story,6,5,Gable,PConc,1498,3,1,2006,Normal,65.0,HdBoard,WD,None,Attchd,None,2,592,0,691,0.85672937771345881,359,1,0.11495664185404036,11,11,10,1,2.5,0,-0.49999999999999972,-0.86602540378443882,1,0,359,1,1,1,1,3,3,4,4,3,3,7,1,1,1,3,2,2,0,12.141534124392603,3,0,1,0
405,10364,Lvl,Inside,Gilbert,1Fam,2Story,6,5,Gable,PConc,1572,3,1,2007,Normal,65.0,MetalSd,WD,None,BuiltIn,None,2,0,0,806,0.0,40,1,0.15167888846005403,12,12,11,1,2.5,0,0.49999999999999994,-0.86602540378443871,1,0,40,1,1,1,1,3,3,4,4,3,3,7,1,1,2,3,2,2,0,12.031719258385396,3,0,1,0
559,21872,HLS,FR2,Gilbert,1Fam,2Story,7,5,Gable,PConc,1446,3,1,2008,Normal,57.0,HdBoard,WD,None,Attchd,None,2,604,0,729,0.82853223593964331,286,1,0.066111923920994881,12,12,11,1,3.0,0,-0.86602540378443837,-0.50000000000000044,0,0,286,1,1,1,1,3,3,4,5,3,3,7,1,4,1,1,2,2,0,12.072541252905651,2,0,1,0
781,7875,Lvl,Inside,Gilbert,1Fam,1Story,7,5,Gable,PConc,1253,3,1,2007,Normal,63.0,HdBoard,WD,None,Attchd,BrkFace,2,0,0,1237,0.0,241,1,0.15911111111111112,12,12,11,1,2.0,0,1.2246467991473532e-16,-1.0,1,0,241,1,1,1,1,3,3,4,4,3,3,7,1,1,3,3,2,2,0,12.078239274020289,3,0,1,0
311,7685,Lvl,Inside,Gilbert,1Fam,2Story,6,5,Gable,PConc,1501,3,1,2006,Normal,65.0,HdBoard,WD,None,Attchd,BrkFace,2,518,0,697,0.74318507890961261,253,1,0.19531554977228366,13,13,12,1,2.5,0,0.49999999999999994,-0.86602540378443871,1,0,253,1,1,1,1,3,3,4,4,4,3,7,1,1,2,3,2,2,0,12.017330520933296,3,0,1,0
1111,8000,Lvl,Inside,Gilbert,1Fam,2Story,6,5,Gable,PConc,1658,3,1,2008,Normal,65.0,HdBoard,WD,None,Attchd,None,2,219,0,773,0.2833117723156533,308,1,0.20725,13,13,12,1,3.5,0,1.2246467991473532e-16,-1.0,1,0,308,1,1,1,1,3,3,4,4,3,3,7,1,1,3,3,2,2,0,12.144197241812087,3,0,1,0
85,8530,Lvl,Inside,Gilbert,1Fam,SLvl,7,5,Gable,PConc,1474,3,1,2009,Normal,65.0,HdBoard,WD,None,BuiltIn,BrkFace,2,0,0,384,0.0,192,1,0.17280187573270808,14,14,13,1,2.5,0,0.49999999999999994,-0.86602540378443871,1,0,192,1,1,1,1,3,3,4,4,3,3,7,1,1,2,3,2,2,0,12.034691028774553,3,0,1,0
795,10832,Lvl,Corner,Gilbert,1Fam,2Story,7,5,Gable,PConc,1895,3,1,2008,Normal,65.0,MetalSd,WD,None,Attchd,None,2,0,0,712,0.0,189,1,0.17494460856720828,14,14,12,1,2.5,0,-0.8660254037844386,0.50000000000000011,0,0,189,1,1,1,1,4,3,4,5,4,3,7,1,1,2,3,2,2,0,12.178187442040638,2,0,2,0
1125,9125,Lvl,Inside,Gilbert,1Fam,SLvl,7,5,Gable,PConc,1482,3,1,2007,Normal,65.0,HdBoard,WD,None,Attchd,BrkFace,2,0,0,384,0.0,125,1,0.16241095890410959,15,15,15,0,2.5,0,-0.49999999999999972,-0.86602540378443882,1,0,125,1,1,1,1,3,3,4,4,4,3,7,1,1,2,3,2,2,0,12.007011764731921,3,0,0,0
858,8125,Lvl,Inside,Gilbert,1Fam,2Story,6,5,Gable,PConc,1481,3,1,2009,Normal,65.0,HdBoard,WD,None,Attchd,None,2,0,0,702,0.0,36,1,0.18227692307692309,15,15,14,1,2.5,0,1.0,6.123233995736766e-17,0,0,36,1,1,1,1,3,3,4,4,3,3,7,1,1,3,3,2,2,0,12.066810578196666,3,0,1,0
1019,10784,Lvl,FR2,Gilbert,1Fam,SLvl,7,5,Gable,PConc,1472,3,1,2007,Normal,65.0,HdBoard,WD,None,Attchd,BrkFace,2,0,0,384,0.0,164,1,0.13649851632047477,16,16,15,1,2.5,0,0.49999999999999994,-0.86602540378443871,1,0,164,1,1,1,1,4,3,4,4,4,3,7,1,1,2,2,2,2,0,11.982929094215963,3,0,1,0
96,9765,Lvl,Corner,Gilbert,1Fam,2Story,6,8,Gable,PConc,1470,3,1,2009,Normal,65.0,VinylSd,WD,None,BuiltIn,BrkFace,2,310,0,680,0.45588235294117646,295,1,0.15053763440860216,16,16,16,0,2.5,0,0.86602540378443871,-0.49999999999999978,1,0,295,1,1,1,1,5,4,4,4,3,3,7,1,1,1,3,2,2,0,12.128111104060462,2,0,0,0
1067,7837,Lvl,Inside,Gilbert,1Fam,2Story,6,7,Gable,PConc,1571,3,1,2009,Normal,59.0,VinylSd,WD,None,Attchd,None,2,0,0,799,0.0,40,1,0.20045935944876866,16,16,15,1,2.5,0,0.49999999999999994,-0.86602540378443871,1,0,40,1,1,1,1,4,3,4,4,3,3,7,1,1,2,2,2,2,0,12.089538829274222,3,0,1,0
883,9636,Lvl,Corner,Gilbert,1Fam,2Story,6,5,Gable,PConc,1593,3,1,2009,Normal,65.0,VinylSd,WD,MnPrv,BuiltIn,None,2,0,0,808,0.0,382,1,0.16531755915317559,16,17,16,1,2.5,0,-2.4492935982947064e-16,1.0,0,0,382,1,1,1,1,3,3,4,4,3,3,7,1,1,2,2,2,2,0,12.089538829274222,3,0,1,0
357,9248,Lvl,Inside,Gilbert,1Fam,1Story,6,6,Gable,PConc,1167,3,0,2009,Normal,65.0,HdBoard,WD,None,Attchd,BrkFace,2,560,0,1158,0.4835924006908463,146,1,0.126189446366782,17,17,17,0,3.0,0,-0.49999999999999972,-0.86602540378443882,1,0,146,1,1,1,1,3,3,4,4,4,0,7,1,1,2,2,2,2,0,12.061046873479915,3,0,0,0
206,11851,Lvl,Corner,Gilbert,1Fam,1Story,7,5,Gable,PConc,1442,3,0,2009,Normal,99.0,HdBoard,WD,None,Attchd,None,2,0,0,1424,0.0,542,1,0.12167749556999409,19,19,19,0,2.0,0,0.49999999999999994,-0.86602540378443871,1,508,34,1,1,1,1,3,3,4,5,3,0,7,1,1,3,2,2,2,0,12.103486056755072,2,0,0,0
1212,12134,Bnk,Inside,Gilbert,1Fam,1.5Fin,8,7,Gable,Wood,1752,4,0,2010,Normal,152.0,Wd Sdng,WD,None,Basment,None,2,427,0,559,0.76386404293381038,337,1,0.14438767100708752,22,22,5,1,2.0,0,1.2246467991473532e-16,-1.0,1,0,337,1,1,1,1,4,3,4,4,3,0,7,1,3,2,2,2,1,0,12.007621706806335,3,0,17,0
412,34650,Bnk,Inside,Gilbert,2fmCon,1Story,5,5,Hip,CBlock,1056,3,0,2006,Normal,100.0,Wd Sdng,WD,None,Attchd,None,2,1056,0,1056,1.0,264,1,0.030476190476190476,51,51,51,0,2.0,0,0.49999999999999994,0.86602540378443871,0,0,264,1,0,1,1,3,3,3,3,3,0,7,1,2,3,3,2,2,0,11.884489021402711,4,0,0,0
869,14762,Lvl,Corner,Gilbert,1Fam,2Story,5,6,Gable,Slab,2320,2,1,2006,Normal,65.0,Plywood,WD,None,Attchd,None,2,0,0,0,0.0,264,1,0.15716027638531363,27,58,56,1,2.0,1,0.49999999999999994,-0.86602540378443871,1,0,264,1,1,1,1,3,3,0,4,3,3,7,0,0,1,1,1,2,0,12.037653993905211,3,0,2,0
278,19138,Lvl,Corner,Gilbert,1Fam,1Story,4,5,Gable,CBlock,864,2,0,2010,Normal,140.0,VinylSd,WD,None,Detchd,None,2,120,0,864,0.1388888888888889,0,0,0.04514578325843871,59,59,59,0,1.0,0,1.2246467991473532e-16,-1.0,1,0,0,1,1,1,1,3,3,3,5,3,0,7,1,1,3,1,2,2,0,11.856515169360305,2,0,0,0
53,8472,Bnk,Corner,IDOTRR,Duplex,1Story,5,5,Gable,CBlock,816,2,0,2010,Normal,110.0,Wd Sdng,WD,None,CarPort,None,2,104,712,816,1.0,106,1,0.096317280453257784,47,47,47,0,2.0,1,0.49999999999999994,-0.86602540378443871,1,0,106,1,0,1,1,2,3,4,3,3,0,7,6,4,1,1,2,1,0,11.608235644774552,4,0,0,0
297,13710,Lvl,Inside,IDOTRR,1Fam,1.5Fin,5,5,Gable,CBlock,1558,4,0,2007,Normal,75.0,Wd Sdng,WD,MnPrv,Attchd,None,1,420,0,910,0.46153846153846156,289,1,0.11363967906637491,57,57,57,0,1.5,0,1.2246467991473532e-16,-1.0,1,0,289,1,1,1,0,3,3,3,3,3,0,7,1,1,3,1,2,2,0,11.931635799828413,4,0,0,0
326,5000,Lvl,Inside,IDOTRR,1Fam,1.5Unf,5,6,Gable,CBlock,803,2,0,2007,Normal,50.0,MetalSd,WD,None,Detchd,None,2,116,0,720,0.16111111111111112,244,1,0.1606,66,66,57,1,1.0,1,-2.4492935982947064e-16,1.0,0,244,0,1,0,1,0,3,3,3,1,3,0,7,1,3,3,1,2,2,0,11.373663397636721,6,0,9,0
122,6060,Lvl,Inside,IDOTRR,1Fam,1.5Fin,4,5,Gable,PConc,1123,3,0,2007,Normal,50.0,AsbShng,WD,MnPrv,Detchd,None,1,0,0,732,0.0,140,1,0.1853135313531353,28,68,57,1,1.0,0,1.2246467991473532e-16,-1.0,1,140,0,1,1,1,1,3,3,3,4,3,0,7,1,1,3,1,1,2,0,11.512925464970229,3,0,11,0
269,6900,Lvl,Inside,IDOTRR,1Fam,1Story,5,6,Gable,CBlock,778,2,1,2008,Normal,71.0,VinylSd,WD,None,Detchd,None,1,403,125,740,0.71351351351351355,25,1,0.1127536231884058,42,68,53,1,1.0,0,0.8660254037844386,0.50000000000000011,0,0,25,1,1,1,1,3,3,3,5,3,4,7,3,1,3,3,2,2,0,11.699405031912846,2,0,15,0
1334,7200,Lvl,Corner,IDOTRR,1Fam,1.5Fin,5,6,Gable,CBlock,1360,2,0,2006,Normal,60.0,Wd Sdng,WD,MnPrv,Detchd,None,1,0,0,803,0.0,255,1,0.18888888888888888,55,68,11,1,1.5,0,-0.49999999999999972,-0.86602540378443882,1,190,65,1,1,1,1,3,3,3,5,4,0,7,1,1,3,1,2,2,0,11.740061037553975,2,0,57,1
449,8600,Bnk,Inside,IDOTRR,1Fam,1.5Fin,6,6,Gable,BrkTil,1376,3,1,2006,Normal,50.0,MetalSd,WD,None,Detchd,None,1,0,0,780,0.0,0,0,0.16,69,69,56,1,2.0,0,1.2246467991473532e-16,-1.0,1,0,0,1,1,1,1,3,3,3,3,3,4,7,1,1,3,1,0,2,0,11.691071650353702,4,0,13,0
897,8765,Lvl,Inside,IDOTRR,1Fam,1Story,4,6,Gable,BrkTil,951,2,0,2006,Abnorml,50.0,Wd Sdng,WD,None,Detchd,None,1,285,0,951,0.29968454258675081,28,1,0.10849971477467199,70,70,56,1,1.0,0,0.86602540378443871,-0.49999999999999978,1,0,28,1,0,1,1,3,3,3,5,3,0,7,1,1,3,1,2,2,1,11.575900264131617,2,0,14,1
602,9000,Bnk,Inside,IDOTRR,1Fam,1.5Fin,6,6,Gable,PConc,1375,3,1,2007,Normal,50.0,Wd Sdng,WD,None,Detchd,None,1,0,0,780,0.0,288,1,0.15277777777777779,28,70,57,1,1.5,0,-2.4492935982947064e-16,1.0,0,126,162,1,1,1,1,3,4,3,3,4,4,7,1,1,3,1,1,2,0,11.856515169360305,3,0,13,0
126,6780,Lvl,Inside,IDOTRR,2fmCon,1.5Fin,6,8,Gable,CBlock,754,2,0,2006,Normal,60.0,Wd Sdng,WD,None,None,None,0,490,0,520,0.94230769230769229,53,1,0.1112094395280236,-999,71,24,1,2.0,0,1.2246467991473532e-16,-1.0,1,0,53,1,0,1,1,3,2,3,4,3,0,7,1,3,3,0,0,2,0,11.344506813345266,4,0,47,1
105,7758,Lvl,Corner,IDOTRR,1Fam,1.5Fin,7,4,Gable,PConc,1818,4,2,2007,Normal,60.0,Stucco,WD,None,Detchd,BrkFace,1,224,0,1040,0.2153846153846154,184,1,0.23433874709976799,56,76,57,1,1.5,0,1.2246467991473532e-16,-1.0,1,184,0,1,1,1,0,3,2,3,5,3,3,7,1,1,3,1,2,2,0,12.040608205802641,3,0,19,0
22,7449,Bnk,Inside,IDOTRR,1Fam,1.5Unf,7,7,Gable,PConc,1108,3,1,2007,Normal,57.0,Wd Sdng,WD,GdPrv,Attchd,None,1,0,0,637,0.0,205,1,0.14874479795945764,77,77,57,1,1.0,0,1.2246467991473532e-16,-1.0,1,205,0,1,1,1,0,3,3,3,5,4,4,7,1,1,3,1,0,2,1,11.845102777308561,2,0,20,0
1154,5890,Lvl,Corner,IDOTRR,1Fam,1Story,6,8,Gable,BrkTil,816,2,0,2008,Normal,60.0,Wd Sdng,WD,None,Detchd,None,1,538,0,816,0.65931372549019607,96,1,0.13853989813242784,6,78,1,1,1.0,0,1.2246467991473532e-16,-1.0,1,96,0,1,1,1,1,4,4,3,5,3,0,7,1,3,3,1,2,2,0,11.699405031912846,1,0,77,1
706,5600,Lvl,Inside,IDOTRR,2fmCon,2Story,4,5,Hip,Slab,1092,3,0,2010,Normal,70.0,VinylSd,WD,None,None,None,0,0,0,0,0.0,0,0,0.195,-999,80,60,1,2.0,0,-0.49999999999999972,-0.86602540378443882,1,0,0,1,0,0,1,2,2,0,2,2,0,4,0,0,3,0,0,2,0,10.915088464214607,6,1,20,0
999,9786,Lvl,Inside,IDOTRR,1Fam,1Story,3,4,Hip,BrkTil,1077,3,1,2006,Normal,60.0,Wd Sdng,WD,None,Detchd,None,1,0,0,1007,0.0,148,1,0.11005518087063151,84,84,56,1,1.0,0,0.49999999999999994,-0.86602540378443871,1,48,100,1,0,1,1,3,3,3,2,3,4,7,1,1,3,1,1,2,0,11.418614785498987,5,0,28,0
730,6240,Lvl,Inside,IDOTRR,1Fam,1.5Fin,4,5,Gable,CBlock,1208,2,0,2009,Normal,52.0,MetalSd,WD,None,Detchd,None,2,152,0,780,0.19487179487179487,135,1,0.1935897435897436,47,84,59,1,1.0,0,0.49999999999999994,0.86602540378443871,0,112,23,1,1,1,0,3,3,3,3,3,0,7,1,1,3,1,2,2,1,11.542484267211773,4,0,25,0
1326,3636,Lvl,Inside,IDOTRR,1Fam,1Story,4,4,Gable,BrkTil,796,2,0,2008,Normal,40.0,AsbShng,WD,MnPrv,None,None,0,0,0,796,0.0,100,1,0.21892189218921893,-999,86,58,1,1.0,0,0.49999999999999994,0.86602540378443871,0,100,0,1,0,1,1,3,3,3,2,3,0,7,1,1,3,0,0,2,0,10.915088464214607,5,0,28,0
1121,8263,Bnk,Inside,IDOTRR,1Fam,1Story,6,5,Gable,BrkTil,1012,2,1,2007,Normal,59.0,BrkFace,WD,MnPrv,Detchd,None,1,0,0,1012,0.0,134,1,0.12247367784097786,87,87,57,1,1.0,0,0.49999999999999994,-0.86602540378443871,1,112,22,1,1,1,0,3,3,3,3,3,4,7,1,1,3,1,2,1,0,11.681824001432043,4,0,30,0
399,8967,Lvl,Corner,IDOTRR,1Fam,1Story,5,2,Gable,BrkTil,1077,2,0,2007,Abnorml,60.0,MetalSd,WD,None,Detchd,None,1,0,0,961,0.0,0,0,0.12010705921712947,87,87,57,1,1.0,0,-0.50000000000000044,0.86602540378443837,0,0,0,1,1,1,0,3,2,2,4,3,0,2,1,1,3,1,0,2,0,11.112447898373103,4,0,30,0
62,7200,Lvl,Inside,IDOTRR,1Fam,2.5Unf,5,7,Gable,BrkTil,1111,3,0,2007,Normal,60.0,MetalSd,WD,None,Detchd,None,1,0,0,530,0.0,144,1,0.15430555555555556,72,87,11,1,1.0,0,1.0,6.123233995736766e-17,0,144,0,1,0,1,1,3,3,3,3,2,0,7,1,1,3,1,0,2,0,11.522875795823397,4,0,76,1
109,8500,Lvl,Corner,IDOTRR,1Fam,1.5Fin,5,7,Gable,CBlock,1517,3,0,2007,Normal,85.0,CemntBd,WD,None,None,None,0,0,0,793,0.0,144,1,0.17847058823529413,-999,88,2,1,2.0,1,-0.86602540378443837,-0.50000000000000044,0,144,0,0,0,1,0,3,3,3,3,2,0,7,1,1,3,0,0,2,0,11.652687407345388,4,0,86,1
1386,5436,Lvl,Inside,IDOTRR,1Fam,1.5Fin,4,8,Gable,BrkTil,1154,3,0,2010,Normal,40.0,VinylSd,WD,MnPrv,Detchd,None,1,735,0,796,0.9233668341708543,96,1,0.21228844738778513,88,88,3,1,2.0,0,0.49999999999999994,-0.86602540378443871,1,0,96,1,1,1,1,3,4,3,4,4,0,7,1,1,3,1,0,2,0,11.740061037553975,2,0,85,1
308,7920,Lvl,Inside,IDOTRR,1Fam,1.5Fin,6,7,Gable,CBlock,1406,3,0,2008,Normal,60.0,MetalSd,WD,MnPrv,None,None,0,0,0,319,0.0,144,1,0.17752525252525253,-999,88,58,1,1.0,1,1.0,6.123233995736766e-17,0,0,144,1,1,1,0,3,2,3,3,2,0,7,1,1,2,0,0,2,1,11.401993904262946,5,1,30,0
330,6402,Lvl,Corner,IDOTRR,1Fam,2Story,5,5,Gable,PConc,1192,3,0,2009,Normal,60.0,Wd Sdng,WD,GdWo,Detchd,None,1,0,0,596,0.0,137,1,0.18619181505779445,89,89,59,1,1.0,0,-0.49999999999999972,-0.86602540378443882,1,137,0,1,0,1,1,3,3,3,3,3,0,7,1,2,3,1,0,2,0,11.264464105671729,4,0,30,0
366,10690,Lvl,Inside,IDOTRR,1Fam,2Story,5,7,Hip,CBlock,1344,3,0,2009,Normal,59.0,VinylSd,WD,None,Detchd,None,1,456,0,672,0.6785714285714286,346,1,0.12572497661365761,45,89,12,1,1.0,0,-0.49999999999999972,-0.86602540378443882,1,218,128,1,1,1,0,3,4,3,4,3,0,7,1,1,3,1,2,2,0,11.898187865760873,2,0,77,1
802,4800,Lvl,Inside,IDOTRR,1Fam,1Story,4,7,Gable,CBlock,1196,2,0,2007,Normal,40.0,MetalSd,WD,None,Detchd,None,2,197,0,1196,0.16471571906354515,0,0,0.24916666666666668,50,91,17,1,2.0,0,-0.49999999999999972,-0.86602540378443882,1,0,0,1,1,1,0,3,3,3,5,3,0,7,1,1,3,1,2,2,0,11.607326140391713,2,0,74,1
1097,6882,Lvl,Inside,IDOTRR,1Fam,2Story,6,7,Gable,PConc,1355,3,0,2007,Normal,60.0,Wd Sdng,WD,None,None,None,0,0,0,684,0.0,251,1,0.19689043882592269,-999,93,1,1,1.5,0,1.0,6.123233995736766e-17,0,115,136,1,1,1,1,3,3,3,3,4,0,7,1,1,3,0,2,2,0,11.751942365440728,4,0,92,1
654,10320,Lvl,Inside,IDOTRR,1Fam,1.5Fin,6,7,Gable,CBlock,1469,3,0,2008,Normal,60.0,MetalSd,WD,MnPrv,Detchd,None,1,0,0,756,0.0,296,1,0.14234496124031007,102,102,13,1,1.0,0,1.2246467991473532e-16,-1.0,1,239,57,1,1,1,1,3,3,3,5,3,0,7,1,1,3,1,2,2,1,11.813030057420567,2,0,89,1
1368,2665,Lvl,Inside,MeadowV,TwnhsE,2Story,5,6,Gable,PConc,1475,4,1,2006,Normal,41.0,CemntBd,WD,None,Attchd,None,1,548,173,757,0.952443857331572,130,1,0.55347091932457781,29,29,29,0,2.0,0,-0.49999999999999972,-0.86602540378443882,1,0,130,1,1,1,1,3,3,3,5,3,3,7,3,1,3,2,2,2,0,11.751942365440728,2,0,0,0
358,4224,Lvl,Inside,MeadowV,TwnhsE,1Story,5,5,Gable,PConc,1142,3,1,2007,Normal,44.0,CemntBd,WD,MnPrv,Attchd,None,2,874,0,1142,0.76532399299474607,626,1,0.27035984848484851,31,31,31,0,2.5,0,-0.86602540378443837,-0.50000000000000044,0,0,626,1,1,1,1,3,3,4,3,3,1,7,1,1,3,3,2,2,0,11.805595078933049,4,0,0,0
24,4224,Lvl,Inside,MeadowV,TwnhsE,1Story,5,7,Gable,PConc,1060,3,1,2007,Normal,44.0,CemntBd,WD,None,Attchd,None,2,840,0,1040,0.80769230769230771,210,1,0.25094696969696972,31,31,31,0,2.0,0,1.2246467991473532e-16,-1.0,1,0,210,1,1,1,1,3,3,4,3,3,3,7,1,1,3,1,2,2,0,11.774520202658691,4,0,0,0
491,2665,Lvl,Inside,MeadowV,TwnhsE,2Story,5,6,Gable,PConc,1304,3,1,2008,Normal,21.0,CemntBd,WD,None,BuiltIn,None,1,0,0,264,0.0,165,1,0.48930581613508445,32,32,32,0,1.5,0,1.2246467991473532e-16,-1.0,1,0,165,1,1,1,1,3,3,4,3,3,4,7,1,2,3,3,2,2,0,11.652687407345388,4,0,0,0
1069,3964,Lvl,Inside,MeadowV,TwnhsE,2Story,6,4,Gable,CBlock,2521,5,1,2006,Normal,42.0,CemntBd,WD,GdPrv,Attchd,None,2,837,0,942,0.88853503184713378,748,1,0.63597376387487381,33,33,33,0,3.5,0,1.2246467991473532e-16,-1.0,1,0,748,1,1,1,1,3,3,4,4,3,4,3,1,1,3,3,2,2,0,11.927680619985486,3,0,0,0
345,2592,Lvl,Inside,MeadowV,TwnhsE,2Story,5,3,Gable,CBlock,1112,3,0,2010,Normal,36.0,CemntBd,WD,None,Attchd,None,1,129,232,536,0.67350746268656714,182,1,0.42901234567901236,34,34,34,0,1.5,0,0.86602540378443871,-0.49999999999999978,1,0,182,1,1,1,1,3,3,4,3,3,0,7,4,1,3,1,2,2,0,11.350406535472453,4,0,0,0
435,1890,Lvl,Inside,MeadowV,Twnhs,SFoyer,4,7,Gable,CBlock,630,1,0,2008,Normal,21.0,CemntBd,WD,None,None,None,0,495,0,630,0.7857142857142857,88,1,0.33333333333333331,-999,36,36,0,2.0,0,1.2246467991473532e-16,-1.0,1,0,88,1,1,1,1,3,4,4,4,3,0,7,1,3,3,0,2,2,0,11.302204433654575,2,0,0,1
1450,1533,Lvl,Inside,MeadowV,Twnhs,SFoyer,5,7,Gable,CBlock,630,1,0,2006,Abnorml,21.0,CemntBd,WD,None,None,None,0,553,0,630,0.87777777777777777,0,0,0.410958904109589,-999,36,36,0,2.0,0,-0.86602540378443837,-0.50000000000000044,0,0,0,1,1,1,1,3,3,4,5,5,0,7,1,3,3,0,2,2,0,11.429543856031177,2,0,0,0
76,1596,Lvl,Inside,MeadowV,Twnhs,SLvl,4,5,Gable,CBlock,988,2,0,2009,Normal,21.0,CemntBd,WD,GdWo,BuiltIn,None,1,462,0,462,1.0,221,1,0.61904761904761907,36,36,36,0,2.0,0,-0.50000000000000044,0.86602540378443837,0,0,221,1,1,1,1,3,3,4,3,3,0,7,1,4,3,1,2,2,0,11.418614785498987,4,0,0,0
1087,1974,Lvl,Inside,MeadowV,TwnhsE,2Story,4,5,Gable,CBlock,1092,3,0,2010,Normal,21.0,CemntBd,WD,None,Attchd,None,1,334,0,546,0.61172161172161177,216,1,0.55319148936170215,37,37,37,0,1.5,0,0.49999999999999994,-0.86602540378443871,1,0,216,1,1,1,1,3,3,3,3,3,0,7,1,1,3,2,2,2,0,11.332601910838946,4,0,0,0
916,2001,Lvl,Inside,MeadowV,Twnhs,2Story,4,5,Gable,CBlock,1092,3,0,2007,Normal,21.0,CemntBd,WD,None,Attchd,BrkFace,1,0,0,546,0.0,0,0,0.545727136431784,37,37,37,0,1.5,0,0.49999999999999994,0.86602540378443871,0,0,0,1,1,1,1,3,3,3,2,3,0,7,1,1,3,1,2,2,0,11.225243392518447,5,0,0,0
650,1936,Lvl,Inside,MeadowV,Twnhs,SFoyer,4,6,Gable,CBlock,630,1,0,2007,Normal,21.0,CemntBd,WD,MnPrv,None,None,0,131,499,630,1.0,0,0,0.32541322314049587,-999,37,37,0,2.0,0,-2.4492935982947064e-16,1.0,0,0,0,1,1,1,1,3,3,4,4,3,0,7,6,3,3,0,2,2,0,11.344506813345266,3,0,0,1
615,1491,Lvl,Inside,MeadowV,TwnhsE,SFoyer,4,6,Gable,CBlock,630,1,0,2010,Normal,21.0,CemntBd,WD,None,None,None,0,150,480,630,1.0,120,1,0.42253521126760563,-999,38,38,0,2.0,0,0.49999999999999994,-0.86602540378443871,1,0,120,1,1,1,1,3,3,4,5,3,0,7,6,3,3,0,2,2,0,11.231887935237117,2,0,0,1
1008,2217,Lvl,Inside,MeadowV,TwnhsE,2Story,4,4,Gable,CBlock,1092,3,0,2009,Normal,21.0,CemntBd,WD,None,Attchd,None,1,273,273,546,1.0,238,1,0.4925575101488498,39,39,39,0,1.5,0,-0.86602540378443837,-0.50000000000000044,0,0,238,1,1,1,1,3,3,3,3,3,0,7,2,1,3,2,2,2,0,11.385092093460344,4,0,0,0
1040,1477,Lvl,Inside,MeadowV,TwnhsE,SFoyer,4,4,Gable,CBlock,630,1,0,2009,Normal,21.0,CemntBd,WD,None,Attchd,None,1,509,0,630,0.807936507936508,0,0,0.42654028436018959,39,39,39,0,2.0,0,0.86602540378443871,-0.49999999999999978,1,0,0,1,1,1,1,3,3,4,3,3,0,7,1,3,3,1,2,2,0,11.289781913656018,4,0,0,0
490,1526,Lvl,Inside,MeadowV,Twnhs,SFoyer,4,8,Gable,CBlock,630,1,0,2009,Normal,21.0,CemntBd,WD,None,Attchd,None,1,515,0,630,0.81746031746031744,0,0,0.41284403669724773,39,39,7,1,2.0,0,0.49999999999999994,-0.86602540378443871,1,0,0,1,1,1,1,3,4,4,3,4,0,7,1,3,3,1,2,2,0,11.362102575235644,3,0,32,1
1039,1533,Lvl,Inside,MeadowV,Twnhs,2Story,4,6,Gable,CBlock,1344,3,1,2009,Normal,21.0,CemntBd,WD,None,None,None,0,0,0,546,0.0,0,0,0.87671232876712324,-999,39,1,1,1.5,0,0.49999999999999994,-0.86602540378443871,1,0,0,1,1,1,1,3,3,3,3,3,3,7,1,1,3,0,2,2,0,11.48246625748552,4,0,38,1
614,8402,Lvl,Inside,Mitchel,1Fam,1Story,5,5,Gable,PConc,1120,3,0,2007,Partial,70.0,VinylSd,New,None,None,None,0,206,0,1120,0.18392857142857144,30,1,0.13330159485836707,-999,0,0,0,1.0,1,-2.4492935982947064e-16,1.0,0,0,30,1,1,1,1,3,3,4,5,3,0,7,1,1,3,0,2,2,0,11.898187865760873,2,0,0,0
1009,12118,Lvl,CulDSac,Mitchel,1Fam,1Story,7,5,Hip,PConc,1710,3,1,2009,Normal,43.0,VinylSd,WD,None,Attchd,Stone,2,0,0,1710,0.0,328,1,0.14111239478461793,5,5,4,1,2.0,0,0.86602540378443871,-0.49999999999999978,1,180,148,1,1,1,1,4,3,5,5,4,4,7,1,2,2,3,2,2,0,12.388394202324129,2,0,1,0
818,13265,Lvl,CulDSac,Mitchel,1Fam,1Story,8,5,Hip,PConc,1689,3,2,2008,Normal,73.0,CemntBd,WD,None,Attchd,BrkFace,3,1218,0,1568,0.7767857142857143,209,1,0.12732755371277799,6,6,6,0,3.0,0,-0.49999999999999972,-0.86602540378443882,1,0,209,1,1,1,1,4,3,4,5,4,4,7,1,1,2,2,2,2,0,12.509874099861838,2,0,0,0
47,12822,Lvl,CulDSac,Mitchel,1Fam,1.5Fin,7,5,Gable,PConc,2149,1,1,2009,Abnorml,48.0,VinylSd,WD,None,Attchd,None,2,1351,0,1434,0.94211994421199441,409,1,0.16760255810326002,6,6,6,0,2.5,0,-0.86602540378443837,-0.50000000000000044,0,198,211,1,1,1,1,4,3,5,5,4,5,7,1,1,2,2,2,2,0,12.387085012375499,2,0,0,0
277,9196,Lvl,Inside,Mitchel,1Fam,1Story,7,5,Gable,PConc,1560,3,0,2010,Normal,129.0,VinylSd,WD,None,Attchd,None,2,0,0,1560,0.0,250,1,0.16963897346672466,7,7,7,0,2.0,0,0.86602540378443871,-0.49999999999999978,1,0,250,1,1,1,1,4,3,5,5,4,0,7,1,1,2,3,2,2,0,12.211060187041213,2,0,0,0
484,4500,Lvl,FR2,Mitchel,Twnhs,1Story,6,5,Hip,PConc,1216,2,0,2006,Normal,32.0,VinylSd,WD,None,Attchd,BrkFace,2,897,0,1216,0.73766447368421051,125,1,0.2702222222222222,8,8,8,0,3.0,0,0.49999999999999994,-0.86602540378443871,1,0,125,1,1,1,1,3,3,5,5,3,0,7,1,1,3,1,2,2,0,12.007621706806335,2,0,0,0
82,4500,Lvl,FR2,Mitchel,TwnhsE,1Story,6,5,Hip,PConc,1337,2,0,2006,Normal,32.0,VinylSd,WD,None,Attchd,BrkFace,2,1201,0,1237,0.97089733225545671,199,1,0.2971111111111111,8,8,8,0,3.0,0,1.0,6.123233995736766e-17,0,0,199,1,1,1,1,3,4,5,5,3,0,7,1,1,3,3,2,2,0,11.941455846009388,1,0,0,0
392,12209,Lvl,CulDSac,Mitchel,1Fam,2Story,6,5,Gable,PConc,1961,3,1,2009,Normal,71.0,VinylSd,WD,None,BuiltIn,None,2,690,0,804,0.85820895522388063,317,1,0.16061921533295109,8,8,7,1,3.5,0,1.2246467991473532e-16,-1.0,1,0,317,1,1,1,1,3,3,5,5,4,3,7,1,1,2,3,2,2,0,12.2783933071098,2,0,1,0
1194,4500,Lvl,FR2,Mitchel,TwnhsE,1Story,6,5,Hip,PConc,1224,2,0,2009,Normal,73.0,VinylSd,WD,None,Attchd,BrkFace,2,883,0,1224,0.72140522875816993,304,1,0.272,10,10,10,0,3.0,0,1.2246467991473532e-16,-1.0,1,0,304,1,1,1,1,3,3,5,5,3,0,7,1,1,3,3,2,2,0,12.013700752882718,2,0,0,0
776,4500,Lvl,FR2,Mitchel,TwnhsE,1Story,6,5,Hip,PConc,1204,2,0,2009,Normal,32.0,VinylSd,WD,None,Attchd,BrkFace,2,866,0,1204,0.71926910299003322,247,1,0.26755555555555555,11,11,11,0,3.0,0,1.2246467991473532e-16,-1.0,1,0,247,1,1,1,1,3,3,5,5,3,0,7,1,1,3,3,2,2,0,11.99535161421452,2,0,0,0
421,7060,Lvl,Inside,Mitchel,Duplex,SFoyer,7,5,Gable,PConc,1344,2,0,2008,Alloca,78.0,VinylSd,WD,None,Attchd,BrkFace,4,1309,0,1344,0.97395833333333337,0,0,0.19036827195467423,11,11,10,1,4.0,0,-0.50000000000000044,0.86602540378443837,0,0,0,1,1,0,1,3,4,4,5,3,0,7,1,4,3,3,2,2,0,12.237086699059343,1,0,1,0
1132,10712,Lvl,Inside,Mitchel,1Fam,1Story,5,5,Gable,PConc,974,3,0,2007,Abnorml,63.0,HdBoard,Oth,MnPrv,None,None,0,212,0,974,0.21765913757700206,28,1,0.0909260642270351,-999,16,15,1,1.0,0,-1.0,-1.8369701987210297e-16,0,0,28,1,1,1,1,3,3,4,3,3,0,7,1,2,3,0,2,2,0,11.445716715276779,4,0,1,0
6,14115,Lvl,Inside,Mitchel,1Fam,1.5Fin,5,5,Gable,Wood,1362,1,0,2009,Normal,85.0,VinylSd,WD,MnPrv,Attchd,None,2,732,0,796,0.91959798994974873,390,1,0.096493092454835283,16,16,14,1,2.5,0,-0.8660254037844386,0.50000000000000011,0,320,70,1,1,1,1,3,3,4,5,3,0,7,1,1,2,1,2,2,0,11.870599909242044,2,0,2,0
138,11070,Lvl,Inside,Mitchel,Duplex,1Story,7,5,Gable,CBlock,1959,5,0,2006,Family,82.0,VinylSd,WD,None,2Types,BrkFace,3,0,0,1907,0.0,0,0,0.17696476964769647,17,18,17,1,3.0,0,-0.49999999999999972,-0.86602540378443882,1,0,0,1,1,0,1,3,3,3,4,3,0,7,1,1,3,1,2,2,0,12.049418835484797,3,0,1,0
187,9947,Lvl,CulDSac,Mitchel,1Fam,SLvl,7,5,Gable,PConc,1217,3,0,2009,Normal,73.0,HdBoard,WD,GdPrv,Attchd,None,2,611,0,1188,0.51430976430976427,195,1,0.12234844676786971,19,19,18,1,3.0,0,1.2246467991473532e-16,-1.0,1,0,195,1,1,1,1,3,3,4,5,4,0,7,1,3,2,1,2,2,0,12.061046873479915,2,0,1,0
296,7937,Lvl,CulDSac,Mitchel,1Fam,SLvl,6,6,Gable,CBlock,1003,3,0,2006,Normal,37.0,HdBoard,WD,GdPrv,Detchd,None,2,819,0,1003,0.8165503489531406,120,1,0.12637016504976692,22,22,22,0,2.0,0,1.0,6.123233995736766e-17,0,0,120,1,1,1,1,3,3,3,3,3,0,7,1,3,2,1,2,2,0,11.867097278690842,4,0,0,0
909,8885,Low,Inside,Mitchel,1Fam,1Story,5,5,Gable,CBlock,902,2,0,2006,Normal,73.0,HdBoard,WD,MnPrv,Attchd,None,2,301,324,864,0.72337962962962965,164,1,0.10151941474395047,23,23,23,0,2.0,0,1.2246467991473532e-16,-1.0,1,0,164,1,1,1,1,3,3,4,3,3,0,7,5,3,2,1,2,1,0,11.782952602183288,4,0,0,0
1408,8780,Lvl,Corner,Mitchel,1Fam,1Story,5,5,Gable,CBlock,833,3,0,2009,Normal,73.0,HdBoard,WD,MnPrv,None,None,0,625,0,833,0.75030012004801916,0,0,0.094874715261959,-999,24,24,0,2.0,0,1.0,6.123233995736766e-17,0,0,0,1,1,1,1,3,3,3,5,3,0,7,1,1,2,0,2,2,0,11.626254150277232,2,0,0,0
1177,6951,Lvl,CulDSac,Mitchel,1Fam,1Story,5,5,Gable,CBlock,923,3,0,2008,Normal,37.0,HdBoard,WD,MnPrv,Attchd,None,1,658,0,876,0.75114155251141557,362,1,0.13278664940296361,24,24,23,1,2.0,0,-0.8660254037844386,0.50000000000000011,0,0,362,1,1,1,1,3,3,3,3,3,0,7,1,1,2,1,2,2,0,11.691071650353702,4,0,1,0
514,9187,Bnk,Corner,Mitchel,1Fam,1Story,6,5,Gable,PConc,1080,3,0,2007,Normal,71.0,VinylSd,WD,None,Attchd,None,2,336,0,1084,0.30996309963099633,278,1,0.11755741809078045,24,24,24,0,1.5,0,1.2246467991473532e-16,-1.0,1,158,120,1,1,1,1,3,4,3,3,3,0,7,1,1,3,1,2,2,0,11.805595078933049,3,0,0,0
275,8314,Lvl,Corner,Mitchel,1Fam,1Story,5,7,Gable,CBlock,816,2,0,2007,Normal,76.0,HdBoard,WD,None,Attchd,None,1,546,0,816,0.66911764705882348,168,1,0.098147702670194847,25,25,25,0,1.0,0,1.2246467991473532e-16,-1.0,1,0,168,1,1,1,1,3,3,3,3,3,0,7,1,4,3,1,2,2,0,11.732060994886899,4,0,0,0
72,7599,Lvl,Corner,Mitchel,1Fam,1Story,4,6,Gable,CBlock,845,2,0,2007,Normal,69.0,HdBoard,WD,None,Detchd,None,2,565,0,845,0.66863905325443784,0,0,0.11119884195288854,20,25,1,1,2.0,0,1.2246467991473532e-16,-1.0,1,0,0,1,1,1,1,3,3,3,3,3,0,7,1,1,3,1,2,2,0,11.771436160121729,4,0,24,1
593,6600,Lvl,Inside,Mitchel,1Fam,1Story,5,8,Gable,PConc,816,2,0,2008,Normal,60.0,HdBoard,WD,None,Detchd,None,2,816,0,816,1.0,0,0,0.12363636363636364,23,26,5,1,2.0,0,1.2246467991473532e-16,-1.0,1,0,0,1,1,1,1,3,4,3,5,3,0,7,1,1,3,3,2,2,0,11.835008964139341,1,0,21,0
1328,6600,Lvl,Inside,Mitchel,1Fam,1Story,5,9,Gable,CBlock,816,3,1,2008,Normal,60.0,VinylSd,WD,MnPrv,Attchd,None,1,641,0,816,0.78553921568627449,0,0,0.12363636363636364,26,26,0,1,1.5,0,-0.8660254037844386,0.50000000000000011,0,0,0,1,1,1,1,4,4,3,5,4,5,7,1,1,3,1,2,2,0,11.779128505744886,1,0,26,0
780,10530,Lvl,Inside,Mitchel,Duplex,SFoyer,6,5,Gable,CBlock,1004,2,0,2006,Normal,78.0,Plywood,WD,None,Attchd,BrkFace,2,975,0,975,1.0,0,0,0.09534662867996202,29,29,29,0,2.0,0,0.49999999999999994,-0.86602540378443871,1,0,0,1,1,1,1,3,3,4,3,3,0,7,1,4,3,1,2,2,0,11.813030057420567,4,0,0,0
361,7540,Lvl,CulDSac,Mitchel,1Fam,SFoyer,6,6,Gable,CBlock,912,2,1,2007,Normal,73.0,VinylSd,WD,MnPrv,Attchd,None,2,773,0,888,0.87049549549549554,192,1,0.12095490716180371,29,29,29,0,2.0,0,1.2246467991473532e-16,-1.0,1,192,0,1,1,1,1,3,3,4,5,3,3,7,1,3,2,2,2,2,0,11.957611286231675,2,0,0,0
1435,17400,Low,Inside,Mitchel,1Fam,1Story,5,5,Gable,CBlock,1126,3,1,2006,Normal,80.0,BrkFace,WD,None,Attchd,None,2,936,0,1126,0.8312611012433393,336,1,0.064712643678160917,29,29,29,0,3.0,0,0.49999999999999994,-0.86602540378443871,1,0,336,1,1,1,1,3,3,3,2,3,4,7,1,1,3,2,1,1,0,11.982929094215963,5,0,0,0
941,12640,Lvl,Inside,Mitchel,Duplex,1Story,6,5,Gable,CBlock,1728,4,0,2006,Normal,55.0,Plywood,WD,None,Attchd,None,2,936,396,1728,0.77083333333333337,40,1,0.13670886075949368,30,30,30,0,2.0,0,-0.49999999999999972,-0.86602540378443882,1,0,40,1,1,0,1,3,3,3,3,3,0,7,2,4,2,1,2,2,0,11.924372644755941,4,0,0,0
455,9297,Lvl,Inside,Mitchel,Duplex,1Story,5,5,Gable,CBlock,1728,4,0,2006,Family,63.0,Plywood,WD,None,Detchd,None,2,1606,0,1728,0.92939814814814814,0,0,0.18586640851887706,30,30,30,0,4.0,0,-0.49999999999999972,-0.86602540378443882,1,0,0,1,1,0,1,3,3,3,3,3,0,7,1,1,3,1,2,2,0,12.144197241812087,4,0,0,0
792,11333,Lvl,Corner,Mitchel,1Fam,SLvl,6,5,Gable,PConc,1062,3,2,2007,Normal,73.0,HdBoard,WD,None,Attchd,None,2,539,0,1029,0.52380952380952384,120,1,0.093708638489367335,31,31,31,0,2.0,0,0.49999999999999994,-0.86602540378443871,1,0,120,1,1,1,1,3,3,4,3,3,3,7,1,3,2,2,2,2,0,11.896826395162552,4,0,0,0
784,9101,Lvl,Corner,Mitchel,1Fam,SFoyer,5,6,Gable,PConc,1110,1,1,2009,Normal,73.0,Plywood,WD,None,Attchd,BrkFace,2,1097,0,1097,1.0,333,1,0.12196461927260741,31,31,31,0,2.0,0,-0.49999999999999972,-0.86602540378443882,1,0,333,1,1,1,1,3,4,4,5,4,3,7,1,3,2,3,2,2,0,12.016726473799254,1,0,0,0
1171,9880,Lvl,Inside,Mitchel,1Fam,SLvl,6,6,Gable,CBlock,1118,3,1,2008,Normal,76.0,Plywood,WD,GdPrv,Attchd,None,1,522,0,1096,0.47627737226277372,203,1,0.11315789473684211,31,31,31,0,2.0,0,-0.49999999999999972,-0.86602540378443882,1,0,203,1,1,1,1,3,3,3,3,3,1,7,1,3,3,3,2,2,0,12.049418835484797,4,0,0,0
202,10125,Lvl,Inside,Mitchel,1Fam,1Story,6,6,Gable,CBlock,1279,3,2,2008,Normal,75.0,Plywood,WD,MnPrv,Detchd,None,2,641,279,1196,0.76923076923076927,321,1,0.12632098765432098,28,31,31,0,2.5,0,0.8660254037844386,0.50000000000000011,0,0,321,1,1,1,1,3,3,3,3,3,2,7,2,1,3,1,2,2,0,12.052338545588132,4,0,0,0
1139,9819,Lvl,Inside,Mitchel,1Fam,1Story,6,5,Gable,PConc,1567,2,2,2009,Normal,73.0,Plywood,WD,None,Attchd,None,2,1567,0,1567,1.0,296,1,0.15958855280578471,32,32,32,0,3.0,0,0.49999999999999994,-0.86602540378443871,1,0,296,1,1,1,1,3,3,3,3,4,3,7,1,4,2,2,2,1,0,12.185869938212655,4,0,0,0
985,10125,Lvl,Inside,Mitchel,Duplex,1.5Fin,5,5,Gable,CBlock,1734,4,0,2009,Normal,75.0,Plywood,COD,None,Attchd,None,2,0,0,0,0.0,0,0,0.17125925925925925,32,32,32,0,2.0,0,-0.86602540378443837,-0.50000000000000044,0,0,0,1,1,0,1,3,3,0,3,4,0,7,0,0,3,1,2,2,0,11.744037185933616,4,0,0,0
562,10010,Lvl,Inside,Mitchel,1Fam,1Story,5,5,Gable,CBlock,1389,2,1,2006,Normal,77.0,HdBoard,WD,None,Attchd,None,2,1071,123,1389,0.85961123110151183,278,1,0.13876123876123875,31,32,31,1,2.0,0,0.86602540378443871,-0.49999999999999978,1,0,278,1,1,1,1,3,3,4,4,3,3,7,2,3,3,2,2,1,0,12.043553716032399,3,0,1,0
1248,12328,Lvl,Inside,Mitchel,1Fam,SLvl,6,5,Gable,CBlock,1034,3,0,2010,Normal,73.0,HdBoard,WD,None,Attchd,BrkFace,3,539,0,1012,0.532608695652174,0,0,0.08387410772225827,34,34,34,0,2.0,0,0.49999999999999994,-0.86602540378443871,1,0,0,1,1,1,1,3,3,3,3,3,0,7,1,3,2,1,2,2,0,12.042965307660024,4,0,0,0
548,7244,Lvl,Inside,Mitchel,1Fam,SFoyer,5,7,Gable,CBlock,768,2,0,2007,Normal,54.0,VinylSd,WD,None,Detchd,None,2,619,0,768,0.80598958333333337,104,1,0.1060187741579238,20,37,37,0,2.0,0,0.86602540378443871,-0.49999999999999978,1,0,104,1,1,1,1,3,4,4,5,3,0,7,1,3,3,1,2,2,0,11.771436160121729,1,0,0,0
1284,9400,Low,Corner,Mitchel,Duplex,2Story,6,5,Mansard,CBlock,1824,4,0,2010,Normal,94.0,MetalSd,WD,None,None,None,0,0,0,912,0.0,128,1,0.19404255319148936,-999,39,39,0,3.0,0,0.86602540378443871,-0.49999999999999978,1,0,128,1,1,0,1,3,3,3,3,3,0,7,1,3,3,0,2,2,0,11.842229212112828,4,0,0,0
954,11075,Lvl,Inside,Mitchel,1Fam,2Story,5,4,Gable,CBlock,1968,4,1,2008,Normal,73.0,HdBoard,WD,MnPrv,Attchd,BrkFace,2,562,193,784,0.96301020408163263,494,1,0.17769751693002259,39,39,39,0,3.0,0,-1.0,-1.8369701987210297e-16,0,0,494,1,1,1,1,3,3,3,5,3,1,5,2,3,2,2,2,1,0,12.05524975579559,2,0,0,0
944,25000,Low,Inside,Mitchel,Duplex,1Story,5,4,Gable,CBlock,1632,4,0,2007,Normal,100.0,HdBoard,WD,None,Attchd,None,2,0,0,1632,0.0,0,0,0.06528,40,40,40,0,2.0,0,1.2246467991473532e-16,-1.0,1,0,0,1,1,0,1,3,3,3,3,3,0,7,1,3,3,1,1,2,0,11.870599909242044,4,0,0,0
1253,9858,Lvl,Inside,Mitchel,1Fam,1Story,5,6,Gable,CBlock,874,3,0,2009,Normal,62.0,HdBoard,WD,GdWo,Attchd,None,1,510,0,864,0.59027777777777779,33,1,0.088658957192128227,41,41,41,0,2.0,0,-0.50000000000000044,0.86602540378443837,0,0,33,1,1,1,1,3,3,3,3,3,0,7,1,1,3,2,2,2,0,11.77528972943772,4,0,0,0
877,25286,HLS,Inside,Mitchel,1Fam,1Story,4,5,Gable,PConc,1040,3,0,2007,Normal,94.0,HdBoard,WD,None,Attchd,None,2,633,0,1064,0.59492481203007519,0,0,0.041129478762951831,44,44,44,0,2.0,0,0.49999999999999994,0.86602540378443871,0,0,0,1,1,1,1,3,3,3,4,3,0,7,1,4,3,1,2,1,0,11.792449349720545,3,0,0,0
1191,32463,Low,Inside,Mitchel,2fmCon,1Story,4,4,Gable,CBlock,1622,3,1,2007,Normal,73.0,MetalSd,WD,None,2Types,Stone,4,1159,0,1249,0.92794235388310653,439,1,0.049964575054677635,32,46,32,1,2.0,0,1.0,6.123233995736766e-17,0,0,439,1,1,1,1,3,4,3,5,3,3,7,1,3,3,3,2,1,0,12.031719258385396,1,0,14,0
1447,26142,Lvl,CulDSac,Mitchel,1Fam,1Story,5,7,Gable,CBlock,1188,3,0,2010,Normal,73.0,HdBoard,WD,None,Attchd,BrkFace,1,593,0,1188,0.49915824915824913,300,1,0.045444112921735141,48,48,48,0,1.0,0,0.86602540378443871,-0.49999999999999978,1,0,300,1,1,1,1,3,3,3,3,3,0,7,1,1,2,1,1,2,0,11.969717200243734,4,0,0,0
1049,21750,Lvl,Inside,Mitchel,1Fam,1Story,5,4,Hip,Slab,1771,3,1,2009,Normal,100.0,HdBoard,WD,GdPrv,Attchd,BrkFace,2,0,0,0,0.0,0,0,0.081425287356321846,49,49,3,1,1.0,0,-0.50000000000000044,0.86602540378443837,0,0,0,1,1,1,1,3,2,0,3,3,3,6,0,0,3,1,2,2,0,11.652687407345388,5,1,46,0
423,21750,HLS,Inside,Mitchel,1Fam,1Story,5,5,Hip,CBlock,988,2,0,2008,Normal,100.0,HdBoard,WD,None,Attchd,None,2,0,0,988,0.0,0,0,0.045425287356321842,54,54,54,0,1.0,1,0.8660254037844386,0.50000000000000011,0,0,0,1,1,1,0,3,3,3,5,3,0,7,1,1,3,2,0,1,0,11.635143097694478,2,0,0,0
768,12508,Lvl,Inside,Mitchel,1Fam,1.5Fin,6,7,Gable,CBlock,1750,4,0,2008,Normal,75.0,VinylSd,WD,None,Attchd,None,1,660,0,983,0.671414038657172,401,1,0.13991045730732332,19,68,23,1,3.0,0,-0.49999999999999972,-0.86602540378443882,1,156,245,1,1,1,1,3,3,4,5,3,0,4,1,2,2,1,2,2,0,11.982929094215963,2,0,45,1
544,4058,Lvl,Inside,NAmes,TwnhsE,SFoyer,7,5,Gable,PConc,767,1,0,2007,Normal,34.0,MetalSd,WD,None,Attchd,BrkFace,1,584,139,723,1.0,160,1,0.189009364218827,9,9,9,0,2.0,0,1.2246467991473532e-16,-1.0,1,0,160,1,1,1,1,3,3,4,5,3,0,7,2,3,3,3,2,2,0,11.798104407203891,2,0,0,0
1265,4060,Lvl,Inside,NAmes,TwnhsE,1Story,6,5,Gable,PConc,1337,2,0,2008,Abnorml,34.0,MetalSd,COD,None,Attchd,None,2,266,0,1405,0.1893238434163701,212,1,0.3293103448275862,10,10,9,1,3.0,0,-0.86602540378443837,-0.50000000000000044,0,0,212,1,1,1,1,4,3,4,5,4,0,7,1,1,3,3,2,2,0,12.106252310247962,2,0,1,0
570,7032,Lvl,Corner,NAmes,Duplex,SFoyer,5,5,Gable,CBlock,943,2,2,2006,Normal,73.0,MetalSd,WD,None,Detchd,None,2,943,0,943,1.0,42,1,0.13410125142207052,27,27,27,0,2.0,0,-2.4492935982947064e-16,1.0,0,0,42,1,1,1,1,3,3,4,3,3,3,7,1,4,2,1,2,2,0,11.820116003810051,4,0,0,0
71,13651,Lvl,Inside,NAmes,1Fam,1Story,7,6,Gable,CBlock,2223,3,2,2007,Normal,95.0,Plywood,WD,None,Attchd,BrkFace,2,1880,0,2223,0.84570400359874043,300,1,0.16284521280492273,34,34,34,0,3.0,0,0.8660254037844386,0.50000000000000011,0,0,300,1,1,1,1,3,4,4,5,3,4,7,1,4,2,3,2,2,0,12.404923504275338,1,0,0,0
288,8125,Lvl,Corner,NAmes,1Fam,1Story,4,4,Gable,CBlock,858,3,0,2006,Normal,73.0,HdBoard,WD,None,None,None,0,614,0,858,0.71561771561771559,0,0,0.1056,-999,35,35,0,1.0,0,1.2246467991473532e-16,-1.0,1,0,0,1,1,1,1,3,3,3,3,3,0,7,1,1,2,0,2,2,0,11.385092093460344,4,0,0,0
192,7472,Lvl,CulDSac,NAmes,1Fam,2Story,7,9,Gable,CBlock,1479,4,0,2007,Normal,73.0,HdBoard,WD,None,Attchd,BrkFace,2,626,0,725,0.863448275862069,32,1,0.19793897216274089,35,35,3,1,2.5,0,1.2246467991473532e-16,-1.0,1,0,32,1,1,1,1,3,3,3,4,4,0,7,1,1,2,3,2,2,0,12.122691036591123,3,0,32,0
1451,9000,Lvl,FR2,NAmes,Duplex,2Story,5,5,Gable,CBlock,1792,4,0,2009,Normal,60.0,VinylSd,WD,None,None,None,0,0,0,896,0.0,77,1,0.1991111111111111,-999,35,35,0,3.0,0,-1.0,-1.8369701987210297e-16,0,0,77,1,1,0,1,3,3,4,3,3,0,7,1,1,3,0,2,2,0,11.820410164718188,4,0,0,0
538,12735,Lvl,FR2,NAmes,1Fam,1Story,4,5,Hip,CBlock,864,3,0,2008,Normal,73.0,MetalSd,COD,MnWw,Detchd,None,2,600,0,864,0.69444444444444442,216,1,0.067844522968197873,28,36,36,0,1.0,0,0.86602540378443871,-0.49999999999999978,1,0,216,1,1,1,1,3,3,3,3,3,0,7,1,1,2,1,2,2,0,11.619535200028487,4,0,0,0
1102,9758,Lvl,Inside,NAmes,1Fam,1Story,5,5,Gable,CBlock,950,3,0,2007,Normal,61.0,HdBoard,WD,None,Detchd,None,1,412,287,950,0.73578947368421055,0,0,0.0973560155769625,26,36,36,0,1.0,0,-0.49999999999999972,-0.86602540378443882,1,0,0,1,1,1,1,3,3,3,3,3,0,7,2,1,2,1,2,2,0,11.691071650353702,4,0,0,0
575,10500,Lvl,FR2,NAmes,1Fam,SLvl,5,7,Gambrel,CBlock,1109,3,0,2007,Normal,70.0,MetalSd,WD,GdWo,BuiltIn,BrkFace,1,349,0,372,0.93817204301075274,35,1,0.10561904761904761,36,36,2,1,1.5,0,-2.4492935982947064e-16,1.0,0,0,35,1,1,1,1,3,3,3,3,3,0,7,1,3,3,1,2,2,0,11.842229212112828,4,0,34,0
1341,8294,Lvl,Inside,NAmes,1Fam,1Story,4,5,Gable,CBlock,872,3,0,2007,Normal,70.0,MetalSd,WD,GdWo,Detchd,None,4,0,0,858,0.0,0,0,0.10513624306727755,33,36,36,0,1.0,0,1.2246467991473532e-16,-1.0,1,0,0,1,1,1,1,3,3,3,3,3,0,7,1,1,3,1,2,2,0,11.719939634354555,4,0,0,0
1201,9353,Lvl,Inside,NAmes,1Fam,1Story,4,5,Gable,CBlock,864,3,0,2006,Abnorml,71.0,MetalSd,Oth,None,Attchd,None,1,0,0,864,0.0,0,0,0.092376777504544,34,36,36,0,1.0,0,-0.49999999999999972,-0.86602540378443882,1,0,0,1,1,1,1,3,3,3,4,3,0,7,1,1,3,1,2,2,0,11.661776411702583,3,0,0,0
1437,9000,Lvl,FR2,NAmes,1Fam,1Story,4,6,Gable,PConc,864,3,0,2007,Normal,60.0,HdBoard,WD,GdWo,Detchd,None,2,616,0,864,0.71296296296296291,0,0,0.096,33,36,36,0,1.0,0,0.49999999999999994,-0.86602540378443871,1,0,0,1,1,1,1,3,3,3,3,3,0,7,1,1,3,1,2,2,0,11.699405031912846,4,0,0,1
901,7340,Lvl,Inside,NAmes,1Fam,1Story,4,6,Gable,CBlock,858,2,0,2007,Normal,73.0,HdBoard,WD,None,Detchd,None,1,322,0,858,0.3752913752913753,0,0,0.11689373297002725,28,36,36,0,1.0,0,1.2246467991473532e-16,-1.0,1,0,0,1,1,1,1,3,3,3,3,3,0,7,1,1,2,1,2,2,0,11.608235644774552,4,0,0,1
646,10530,Lvl,Corner,NAmes,1Fam,1Story,6,5,Hip,CBlock,981,3,0,2007,Normal,73.0,Plywood,WD,None,Detchd,None,2,282,35,981,0.32313965341488277,352,1,0.093162393162393164,28,36,36,0,2.5,0,1.0,6.123233995736766e-17,0,40,312,1,1,1,1,3,3,3,3,3,0,7,2,1,2,1,2,2,0,11.872346634576987,4,0,0,0
1007,12155,Lvl,Inside,NAmes,1Fam,1Story,6,3,Gable,CBlock,1657,3,1,2007,Normal,73.0,Plywood,WD,None,Attchd,None,2,1237,0,1657,0.74652987326493658,147,1,0.13632250102838339,37,37,37,0,2.5,0,1.0,6.123233995736766e-17,0,147,0,1,1,1,1,3,3,4,4,3,3,7,1,1,0,1,2,2,0,12.004568269319446,3,0,0,0
643,13860,Lvl,Inside,NAmes,1Fam,SLvl,8,7,Gable,CBlock,2704,4,3,2009,Normal,75.0,Plywood,WD,MnPrv,Attchd,None,2,1410,0,1952,0.7223360655737705,380,1,0.1950937950937951,37,37,14,1,3.5,0,-0.49999999999999972,-0.86602540378443882,1,0,380,1,1,1,1,4,3,4,4,5,3,7,1,4,3,3,2,2,0,12.751299696013497,3,0,23,0
1078,15870,Lvl,Corner,NAmes,1Fam,1Story,5,5,Gable,CBlock,1096,3,0,2006,Abnorml,73.0,VinylSd,WD,None,Attchd,None,1,75,791,1096,0.79014598540145986,272,1,0.069061121613106485,37,37,37,0,2.0,0,1.0,6.123233995736766e-17,0,0,272,1,1,1,1,3,3,3,5,3,0,7,3,2,2,3,2,2,0,11.840789327054841,2,0,0,0
467,10628,Lvl,Inside,NAmes,1Fam,1Story,7,5,Flat,CBlock,1277,2,1,2007,Normal,85.0,Plywood,WD,GdWo,Attchd,None,2,778,0,1277,0.60924040720438533,176,1,0.12015430937147159,37,37,37,0,2.0,0,0.86602540378443871,-0.49999999999999978,1,176,0,1,1,1,1,3,4,3,3,3,1,7,1,4,3,1,2,2,0,12.025749091398891,3,0,0,0
889,15865,Lvl,Inside,NAmes,1Fam,1Story,8,6,Flat,PConc,2217,4,1,2007,Normal,95.0,Wd Sdng,WD,None,Attchd,None,2,351,823,2217,0.52954442940911139,512,1,0.13974156949259375,37,37,37,0,3.0,0,-0.8660254037844386,0.50000000000000011,0,224,288,1,1,1,1,4,4,3,5,4,3,7,3,4,2,1,2,1,0,12.498742259492994,1,0,0,0
1382,12925,Lvl,Corner,NAmes,1Fam,1Story,6,7,Gable,CBlock,2117,4,2,2008,Normal,73.0,BrkFace,WD,None,Attchd,None,2,865,0,1205,0.71784232365145229,42,1,0.16379110251450676,38,38,38,0,2.5,0,0.49999999999999994,-0.86602540378443871,1,0,42,1,1,1,1,3,3,3,5,3,4,7,1,2,2,3,2,2,0,12.377922902456833,2,0,0,0
629,11606,HLS,Inside,NAmes,1Fam,2Story,5,5,Gable,PConc,2080,5,2,2007,Family,70.0,Plywood,WD,None,Attchd,BrkFace,2,650,0,1040,0.625,335,1,0.17921764604514906,38,38,38,0,2.5,0,-1.0,-1.8369701987210297e-16,0,0,335,1,1,1,1,3,3,4,3,2,3,7,1,3,2,1,2,0,0,11.813030057420567,4,0,0,0
224,10500,Lvl,FR2,NAmes,1Fam,1Story,4,6,Gable,CBlock,864,2,0,2009,Abnorml,70.0,HdBoard,WD,None,Detchd,None,2,524,180,864,0.81481481481481477,216,1,0.082285714285714281,20,38,38,0,1.0,0,1.0,6.123233995736766e-17,0,0,216,1,1,1,1,3,3,3,4,3,0,7,2,1,3,1,2,2,0,11.48246625748552,3,0,0,1
1296,8400,Lvl,Inside,NAmes,1Fam,1Story,5,5,Hip,CBlock,1052,3,0,2006,Normal,70.0,HdBoard,WD,GdWo,Attchd,BrkFace,1,1016,0,1052,0.96577946768060841,356,1,0.12523809523809523,38,38,38,0,2.5,1,-0.50000000000000044,0.86602540378443837,0,0,356,1,1,1,1,3,3,3,4,3,0,7,1,3,3,2,2,2,0,11.838625604609531,3,0,0,0
866,8750,Lvl,Inside,NAmes,1Fam,1Story,5,6,Gable,CBlock,1002,3,0,2009,Normal,73.0,MetalSd,WD,MnPrv,Detchd,BrkFace,2,828,0,1002,0.82634730538922152,0,0,0.11451428571428571,36,39,39,0,2.0,0,-0.86602540378443837,-0.50000000000000044,0,0,0,1,1,1,1,3,3,3,3,3,0,7,1,1,2,1,2,2,0,11.908340237224891,4,0,0,0
1358,12537,Lvl,CulDSac,NAmes,1Fam,1Story,5,6,Gable,CBlock,1078,3,1,2010,Normal,73.0,VinylSd,WD,None,Attchd,None,2,734,0,1078,0.68089053803339517,0,0,0.08598548297040759,39,39,2,1,2.5,0,0.86602540378443871,-0.49999999999999978,1,0,0,1,1,1,1,3,3,3,5,3,2,7,1,1,2,3,2,2,0,11.917723684090689,2,0,37,0
723,8120,Lvl,Inside,NAmes,1Fam,1Story,4,7,Gable,CBlock,864,3,0,2009,Normal,70.0,MetalSd,WD,None,Detchd,None,2,191,0,864,0.22106481481481483,0,0,0.10640394088669951,15,39,39,0,1.0,0,-0.49999999999999972,-0.86602540378443882,1,0,0,1,1,1,1,3,4,3,5,3,0,7,1,1,3,1,2,2,0,11.732060994886899,1,0,0,1
1316,11075,Lvl,Inside,NAmes,1Fam,2Story,6,5,Gable,CBlock,2112,4,2,2008,Normal,85.0,HdBoard,WD,None,Attchd,None,2,500,276,952,0.81512605042016806,280,1,0.1906997742663657,39,39,39,0,2.5,0,1.2246467991473532e-16,-1.0,1,0,280,1,1,1,1,3,3,2,3,3,4,7,2,2,3,1,2,2,0,12.239990863733635,4,0,0,0
1393,7838,Lvl,Inside,NAmes,1Fam,SFoyer,5,5,Gable,CBlock,900,3,1,2006,Normal,68.0,HdBoard,WD,MnWw,Attchd,None,1,769,0,864,0.89004629629629628,319,1,0.11482521051288594,39,39,39,0,2.0,0,-2.4492935982947064e-16,1.0,0,0,319,1,1,1,1,3,3,3,3,3,1,7,1,3,3,2,2,2,0,11.719939634354555,4,0,0,0
807,9750,Lvl,Inside,NAmes,1Fam,SLvl,5,5,Gable,PConc,980,3,0,2006,Normal,75.0,VinylSd,WD,None,Attchd,None,1,400,480,980,0.89795918367346939,68,1,0.10051282051282051,39,39,39,0,2.0,0,-0.8660254037844386,0.50000000000000011,0,0,68,1,1,1,1,3,3,3,4,3,0,7,3,3,3,3,2,2,0,11.816726919301892,3,0,0,0
1260,9750,Lvl,FR2,NAmes,1Fam,1Story,6,8,Gable,CBlock,1054,3,0,2008,Normal,65.0,HdBoard,WD,None,Attchd,None,2,602,438,1054,0.98671726755218214,260,1,0.10810256410256411,39,39,39,0,2.5,0,-0.49999999999999972,-0.86602540378443882,1,80,180,1,1,1,1,3,3,4,4,3,0,7,2,1,3,1,2,2,0,11.925035115797062,3,0,0,0
726,6960,Lvl,Inside,NAmes,1Fam,1Story,4,6,Gable,CBlock,864,3,0,2009,Normal,60.0,HdBoard,WD,None,Detchd,None,2,375,239,864,0.71064814814814814,96,1,0.12413793103448276,20,39,39,0,1.0,0,-0.50000000000000044,0.86602540378443837,0,0,96,1,1,1,1,3,3,3,3,4,0,7,4,1,3,1,2,2,0,11.699405031912846,4,0,0,1
141,10500,Lvl,FR2,NAmes,1Fam,1Story,4,5,Gable,CBlock,864,3,1,2010,Normal,70.0,HdBoard,ConLI,None,None,None,0,432,0,864,0.5,0,0,0.082285714285714281,-999,39,39,0,1.0,0,0.86602540378443871,-0.49999999999999978,1,0,0,1,1,1,1,3,3,3,3,3,1,7,1,1,3,0,2,2,0,11.652687407345388,4,0,0,0
17,11241,Lvl,CulDSac,NAmes,1Fam,1Story,6,7,Gable,CBlock,1004,2,1,2010,Normal,73.0,Wd Sdng,WD,None,Attchd,BrkFace,2,578,0,1004,0.57569721115537853,0,0,0.089315897162174182,40,40,40,0,2.0,0,1.0,6.123233995736766e-17,0,0,0,1,1,1,1,3,3,3,5,3,3,7,1,1,2,3,2,2,0,11.911701584927597,2,0,0,0
131,14200,Lvl,Corner,NAmes,1Fam,2Story,7,6,Gable,CBlock,2157,4,2,2006,Normal,88.0,MetalSd,WD,GdPrv,Attchd,BrkFace,2,445,0,924,0.48160173160173159,171,1,0.15190140845070421,40,40,40,0,2.5,0,0.49999999999999994,-0.86602540378443871,1,0,171,1,1,1,1,3,3,3,5,4,4,7,1,1,3,3,2,2,0,12.328290278254423,2,0,0,0
67,19900,Lvl,Inside,NAmes,1Fam,1Story,7,5,Gable,CBlock,2207,3,1,2010,Normal,73.0,Plywood,WD,None,Attchd,BrkFace,2,912,0,1947,0.46841294298921415,301,1,0.11090452261306533,40,40,21,1,3.0,0,-0.49999999999999972,-0.86602540378443882,1,0,301,1,1,1,1,3,3,4,3,3,4,6,1,4,3,2,2,2,0,12.100712129872347,4,0,19,0
1351,11643,Lvl,Inside,NAmes,Duplex,2Story,5,5,Gable,CBlock,2634,6,0,2009,Normal,91.0,MetalSd,WD,None,Detchd,BrkFace,4,500,0,1248,0.40064102564102566,0,0,0.22623035300180366,40,40,40,0,4.5,1,-0.86602540378443837,-0.50000000000000044,0,0,0,1,1,0,1,3,3,3,3,3,0,7,1,1,3,1,2,2,0,12.206072645530174,4,0,0,0
137,10355,Lvl,Corner,NAmes,1Fam,1Story,5,5,Gable,CBlock,1214,3,1,2007,Normal,73.0,MetalSd,WD,None,Attchd,BrkFace,1,695,0,1214,0.57248764415156506,111,1,0.11723804925156929,40,40,40,0,2.0,0,-0.49999999999999972,-0.86602540378443882,1,0,111,1,1,1,1,3,3,3,3,3,2,7,1,1,2,2,2,2,0,11.870599909242044,4,0,0,0
129,7590,Lvl,Inside,NAmes,1Fam,2Story,6,5,Gable,CBlock,1348,3,1,2006,Normal,69.0,VinylSd,WD,None,Attchd,BrkFace,2,512,0,660,0.77575757575757576,296,1,0.17760210803689064,40,40,40,0,1.5,0,-0.49999999999999972,-0.86602540378443882,1,0,296,1,1,1,1,3,3,3,3,3,2,7,1,1,3,2,2,2,0,11.951180395901384,4,0,0,0
809,13400,Lvl,Inside,NAmes,1Fam,SLvl,5,5,Gable,CBlock,1086,3,1,2006,Normal,85.0,VinylSd,WD,GdWo,Attchd,BrkFace,2,516,128,1024,0.62890625,0,0,0.081044776119402986,40,40,40,0,2.0,0,1.2246467991473532e-16,-1.0,1,0,0,1,1,1,1,3,3,3,3,3,4,7,4,3,3,2,2,2,0,11.982616545377663,4,0,0,0
755,7930,Lvl,Inside,NAmes,1Fam,1Story,6,8,Gable,CBlock,1026,3,0,2009,Normal,61.0,Plywood,WD,None,Detchd,None,2,439,472,1026,0.88791423001949321,219,1,0.12938209331651954,40,40,4,1,2.0,0,-0.49999999999999972,-0.86602540378443882,1,0,219,1,1,1,1,3,3,3,4,4,0,7,2,1,3,2,2,2,0,11.957611286231675,3,0,36,0
1094,9230,Lvl,Corner,NAmes,1Fam,1Story,5,8,Hip,CBlock,1200,1,0,2006,Normal,71.0,MetalSd,WD,MnPrv,Detchd,BrkFace,2,661,0,864,0.76504629629629628,64,1,0.13001083423618634,29,41,8,1,2.5,1,-0.8660254037844386,0.50000000000000011,0,0,64,1,1,1,1,3,3,3,4,4,0,7,1,2,3,1,2,2,0,11.891361900690473,3,0,33,0
81,13000,Lvl,Corner,NAmes,1Fam,2Story,6,6,Gable,CBlock,2142,4,1,2009,Normal,100.0,VinylSd,WD,None,Attchd,BrkFace,1,448,0,896,0.5,324,1,0.16476923076923078,41,41,41,0,2.5,0,1.2246467991473532e-16,-1.0,1,252,72,1,1,1,1,3,4,4,3,4,4,7,1,1,3,3,2,2,0,12.173032791451973,3,0,0,0
41,8658,Lvl,Inside,NAmes,1Fam,1Story,6,5,Gable,CBlock,1324,3,1,2006,Abnorml,84.0,Wd Sdng,WD,GdWo,Attchd,BrkFace,2,643,0,1088,0.59099264705882348,138,1,0.15292215292215292,41,41,41,0,2.0,0,-2.4492935982947064e-16,1.0,0,0,138,1,1,1,1,3,3,3,5,3,3,7,1,1,3,2,2,2,0,11.982929094215963,2,0,0,0
663,13560,Lvl,Corner,NAmes,1Fam,1Story,6,3,Hip,CBlock,1392,2,2,2009,Normal,120.0,Wd Sdng,WD,None,Attchd,BrkFace,2,0,0,1392,0.0,240,1,0.10265486725663717,41,41,41,0,2.0,0,-0.49999999999999972,-0.86602540378443882,1,240,0,1,1,1,1,3,3,2,4,3,3,2,1,1,3,2,2,2,0,11.608235644774552,3,0,0,0
420,8450,Lvl,Inside,NAmes,1Fam,1Story,5,6,Gable,CBlock,1056,3,1,2010,Normal,65.0,VinylSd,WD,None,Attchd,None,1,775,0,1056,0.73390151515151514,269,1,0.12497041420118343,42,42,42,0,2.0,0,-0.49999999999999972,-0.86602540378443882,1,184,85,1,1,1,1,3,3,3,5,3,2,7,1,1,3,1,2,2,0,11.863582336583399,2,0,0,0
843,9020,Lvl,Inside,NAmes,1Fam,SLvl,6,7,Gable,CBlock,1165,3,0,2008,Normal,82.0,HdBoard,WD,GdPrv,Attchd,BrkFace,2,312,539,1127,0.75510204081632648,129,1,0.12915742793791574,42,42,42,0,2.5,0,0.49999999999999994,-0.86602540378443871,1,0,129,1,1,1,1,3,3,3,3,3,0,7,5,4,3,2,2,2,0,12.071969661006694,4,0,0,0
885,7150,Lvl,Inside,NAmes,1Fam,1Story,5,5,Gable,CBlock,892,3,0,2009,Normal,65.0,HdBoard,WD,GdWo,Attchd,BrkFace,1,432,0,892,0.484304932735426,0,0,0.12475524475524476,42,42,42,0,1.0,0,-0.49999999999999972,-0.86602540378443882,1,0,0,1,1,1,1,3,3,3,3,3,0,7,1,1,3,2,2,2,0,11.512925464970229,4,0,0,0
487,10289,Lvl,Inside,NAmes,1Fam,1Story,5,7,Hip,CBlock,1073,3,0,2007,Normal,79.0,MetalSd,WD,None,Attchd,BrkFace,2,836,0,1073,0.77912395153774461,0,0,0.1042861308193216,42,42,42,0,2.5,0,1.2246467991473532e-16,-1.0,1,0,0,1,1,1,1,3,3,3,3,3,0,7,1,1,3,2,2,2,0,11.957611286231675,4,0,0,0
1251,11160,Lvl,Corner,NAmes,1Fam,1Story,7,5,Hip,CBlock,2110,3,2,2010,Normal,93.0,BrkFace,WD,None,Attchd,None,2,1065,0,2110,0.504739336492891,0,0,0.18906810035842295,42,42,42,0,3.5,0,0.86602540378443871,-0.49999999999999978,1,0,0,1,1,1,1,4,3,3,5,5,3,7,1,1,3,3,2,2,0,12.404923504275338,2,0,0,0
1392,8944,Lvl,Inside,NAmes,Duplex,1Story,5,5,Gable,CBlock,1584,4,0,2009,Normal,65.0,Plywood,WD,None,Detchd,None,3,0,0,1584,0.0,152,1,0.17710196779964221,42,42,42,0,2.0,0,0.86602540378443871,-0.49999999999999978,1,0,152,1,1,0,1,3,3,3,3,3,0,4,1,1,3,1,2,2,0,11.728036844587175,4,0,0,0
1084,8800,Lvl,Inside,NAmes,1Fam,1Story,6,6,Hip,CBlock,1251,3,2,2006,Normal,80.0,HdBoard,WD,MnPrv,Attchd,BrkFace,1,553,0,1251,0.44204636290967225,116,1,0.1421590909090909,42,42,42,0,2.0,0,1.0,6.123233995736766e-17,0,0,116,1,1,1,1,3,3,3,3,3,4,7,1,1,3,2,2,2,0,11.982929094215963,4,0,0,0
667,18450,Lvl,Inside,NAmes,1Fam,2Story,6,5,Flat,CBlock,2380,3,1,2007,Abnorml,73.0,Plywood,WD,None,CarPort,BrkCmn,2,187,723,1021,0.89128305582762,265,1,0.12899728997289972,42,42,28,1,2.5,0,-0.86602540378443837,-0.50000000000000044,0,0,265,1,1,1,1,3,4,4,3,3,1,1,3,1,2,1,2,2,0,11.76756768334381,3,0,14,0
1221,7800,Lvl,Inside,NAmes,1Fam,1Story,5,5,Gable,CBlock,912,2,0,2006,Abnorml,66.0,Wd Sdng,WD,None,Attchd,None,1,312,600,912,1.0,0,0,0.11692307692307692,42,42,42,0,1.0,0,-0.50000000000000044,0.86602540378443837,0,0,0,1,1,1,1,3,3,3,3,3,0,7,2,1,2,1,2,2,0,11.652687407345388,4,0,0,0
1357,9477,Lvl,Corner,NAmes,1Fam,1Story,5,5,Gable,CBlock,892,3,0,2008,Normal,73.0,HdBoard,WD,GdWo,Attchd,BrkFace,1,340,0,864,0.39351851851851855,0,0,0.094122612641131156,42,42,42,0,1.0,0,-0.8660254037844386,0.50000000000000011,0,0,0,1,1,1,1,3,3,3,3,3,0,7,1,1,3,2,2,2,0,11.608235644774552,4,0,0,0
1053,9500,Lvl,Corner,NAmes,1Fam,2Story,6,6,Gable,CBlock,1977,4,1,2007,Normal,100.0,VinylSd,WD,GdPrv,Attchd,BrkCmn,2,442,0,816,0.54166666666666663,52,1,0.20810526315789474,43,43,29,1,2.0,1,1.2246467991473532e-16,-1.0,1,0,52,1,1,1,1,3,3,3,3,3,3,7,1,1,3,2,2,2,0,12.013700752882718,4,0,14,0
254,9350,Lvl,Inside,NAmes,1Fam,SLvl,6,7,Hip,CBlock,1302,3,0,2007,Normal,85.0,HdBoard,CWD,MnPrv,Attchd,BrkFace,1,270,580,1302,0.65284178187404,333,1,0.13925133689839572,43,43,16,1,2.5,0,-0.8660254037844386,0.50000000000000011,0,0,333,1,1,1,1,3,3,4,5,4,0,6,5,4,3,2,2,2,0,11.970350312009105,2,0,27,0
675,9200,Lvl,Inside,NAmes,1Fam,1Story,6,6,Gable,CBlock,1136,3,1,2008,Normal,80.0,HdBoard,WD,None,Attchd,None,1,892,0,1136,0.78521126760563376,426,1,0.12347826086956522,43,43,43,0,2.0,0,-0.49999999999999972,-0.86602540378443882,1,0,426,1,1,1,1,3,3,3,3,3,4,7,1,1,3,2,2,2,0,11.849397701591441,4,0,0,0
571,13101,Lvl,Inside,NAmes,Duplex,1Story,5,5,Gable,CBlock,1728,6,0,2008,Normal,74.0,HdBoard,WD,None,Detchd,BrkFace,2,231,0,1728,0.13368055555555555,0,0,0.13189832837188,21,43,43,0,2.0,0,-0.50000000000000044,0.86602540378443837,0,0,0,1,1,0,1,3,3,3,3,3,0,7,1,1,2,1,2,2,0,11.867798786962332,4,0,0,0
1065,11000,Lvl,CulDSac,NAmes,1Fam,1Story,5,6,Gable,CBlock,1154,3,1,2009,Normal,73.0,Plywood,WD,MnPrv,Attchd,BrkFace,2,740,230,1154,0.84055459272097055,58,1,0.10490909090909091,43,43,43,0,1.5,0,-0.50000000000000044,0.86602540378443837,0,0,58,1,1,1,1,3,3,3,5,3,1,7,3,2,2,2,2,2,0,11.944707881395766,2,0,0,0
1228,8872,Lvl,Corner,NAmes,1Fam,1Story,5,8,Gable,CBlock,912,2,0,2008,Normal,72.0,VinylSd,WD,None,Detchd,BrkFace,2,595,0,912,0.65241228070175439,240,1,0.10279531109107304,16,43,0,1,2.0,0,-2.4492935982947064e-16,1.0,0,0,240,1,1,1,1,3,3,3,5,4,0,7,1,1,3,1,2,2,0,11.898187865760873,2,0,43,1
325,11275,Lvl,Corner,NAmes,1Fam,SLvl,7,7,Mansard,CBlock,2978,5,1,2010,Normal,96.0,Wd Sdng,WD,None,BuiltIn,BrkFace,2,0,0,710,0.0,240,1,0.26412416851441239,49,43,3,1,2.5,0,1.2246467991473532e-16,-1.0,1,0,240,1,1,1,1,4,4,4,5,4,4,7,1,1,3,3,2,2,0,12.396693005138824,1,0,40,0
993,9760,Lvl,Inside,NAmes,1Fam,2Story,6,8,Hip,CBlock,1851,3,1,2007,Normal,80.0,Wd Sdng,WD,MnWw,Attchd,BrkFace,2,536,117,822,0.7944038929440389,281,1,0.1896516393442623,43,43,14,1,2.5,0,-0.49999999999999972,-0.86602540378443882,1,0,281,1,1,1,1,3,3,3,4,4,2,7,3,4,3,2,2,1,0,12.138863895836725,3,0,29,0
1155,13700,Lvl,Inside,NAmes,1Fam,2Story,7,6,Gable,CBlock,1820,4,2,2008,Normal,73.0,VinylSd,WD,GdPrv,Attchd,Stone,2,454,0,864,0.52546296296296291,417,1,0.13284671532846715,43,43,20,1,2.0,0,0.49999999999999994,-0.86602540378443871,1,273,144,1,1,1,1,3,3,3,3,4,4,7,1,4,2,1,2,2,0,12.215032386901646,4,0,23,0
331,10624,Lvl,Inside,NAmes,Duplex,1Story,5,4,Gable,CBlock,1728,6,0,2007,Normal,73.0,HdBoard,WD,None,Detchd,BrkFace,1,40,264,1728,0.17592592592592593,155,1,0.16265060240963855,5,43,43,0,2.5,0,-0.50000000000000044,0.86602540378443837,0,0,155,1,1,0,1,3,3,3,3,3,0,7,3,1,2,1,2,2,0,11.686878772093667,4,0,0,0
1157,9350,Lvl,Inside,NAmes,1Fam,SLvl,5,8,Gable,PConc,1265,3,1,2008,Normal,85.0,BrkFace,WD,MnPrv,Attchd,None,2,633,0,1219,0.51927809680065629,188,1,0.13529411764705881,43,43,9,1,2.5,0,-0.8660254037844386,0.50000000000000011,0,96,92,1,1,1,1,3,4,3,4,4,4,7,1,4,3,2,2,2,0,12.100156419938624,2,0,34,0
56,10175,Lvl,Inside,NAmes,1Fam,1Story,6,5,Gable,CBlock,1425,3,1,2008,Normal,100.0,HdBoard,WD,None,Attchd,BrkFace,2,490,0,1425,0.34385964912280703,407,1,0.14004914004914004,44,44,44,0,2.0,0,-0.49999999999999972,-0.86602540378443882,1,407,0,1,1,1,1,3,3,3,4,3,4,7,1,1,2,2,2,2,0,12.103486056755072,3,0,0,0
1232,7728,Lvl,Inside,NAmes,Duplex,SLvl,5,6,Hip,CBlock,1190,3,0,2006,Normal,70.0,Wd Sdng,WD,GdWo,Attchd,BrkFace,2,803,0,1106,0.72603978300180827,18,1,0.1539855072463768,44,44,44,0,2.0,0,0.49999999999999994,-0.86602540378443871,1,0,18,1,1,1,1,3,3,3,3,3,0,7,1,3,3,1,2,2,0,11.794337924408413,4,0,0,0
210,8250,Lvl,Inside,NAmes,1Fam,1Story,6,7,Hip,CBlock,1092,3,0,2008,Normal,75.0,HdBoard,WD,MnPrv,Attchd,Stone,2,787,0,1092,0.72069597069597069,0,0,0.13236363636363635,44,44,44,0,2.0,0,-0.49999999999999972,-0.86602540378443882,1,0,0,1,1,1,1,3,3,4,5,3,0,7,1,1,3,2,2,2,0,11.884489021402711,2,0,0,0
1068,9760,Lvl,Inside,NAmes,1Fam,2Story,6,6,Gable,CBlock,1611,4,0,2008,Normal,80.0,HdBoard,WD,None,Attchd,BrkFace,2,674,106,780,1.0,645,1,0.16506147540983607,44,44,44,0,2.5,0,1.2246467991473532e-16,-1.0,1,189,456,1,1,1,1,3,3,3,3,3,0,7,2,4,3,2,2,1,0,12.031123843065632,4,0,0,0
606,13600,Lvl,Inside,NAmes,1Fam,2Story,7,6,Gable,CBlock,1986,3,3,2009,Normal,85.0,HdBoard,WD,None,Attchd,BrkFace,2,454,0,768,0.59114583333333337,231,1,0.14602941176470588,44,44,19,1,2.5,0,-0.8660254037844386,0.50000000000000011,0,189,42,1,1,1,1,3,3,3,3,3,2,7,1,1,3,1,2,2,0,12.230765258120545,4,0,25,0
630,9020,Lvl,Corner,NAmes,1Fam,SLvl,6,5,Gable,CBlock,1350,3,0,2008,Normal,82.0,Plywood,WD,GdPrv,Attchd,BrkFace,2,624,336,1248,0.76923076923076927,176,1,0.14966740576496673,44,44,44,0,2.5,1,1.2246467991473532e-16,-1.0,1,0,176,1,1,1,1,3,3,3,3,3,0,7,3,4,3,2,2,2,0,12.034691028774553,4,0,0,0
447,16492,Lvl,Corner,NAmes,1Fam,1Story,6,6,Gable,CBlock,1888,2,1,2010,Normal,137.0,BrkFace,WD,None,Attchd,None,2,247,713,1517,0.63282794990112068,0,0,0.11447974775648799,44,44,8,1,2.5,0,1.2246467991473532e-16,-1.0,1,0,0,1,1,1,1,4,3,3,5,4,4,4,3,1,2,3,2,2,0,12.154779351142624,2,0,36,0
932,9100,Lvl,Inside,NAmes,1Fam,1Story,5,6,Gable,CBlock,925,2,0,2009,Normal,70.0,VinylSd,WD,GdWo,Detchd,None,1,338,466,925,0.86918918918918919,0,0,0.10164835164835165,44,44,44,0,1.5,0,-0.49999999999999972,-0.86602540378443882,1,0,0,1,1,1,1,3,3,3,5,3,0,7,3,1,3,1,2,2,0,11.67419361256635,2,0,0,0
287,9786,Bnk,Inside,NAmes,1Fam,1.5Fin,6,7,Gable,CBlock,1734,3,1,2006,Normal,77.0,Wd Sdng,WD,GdPrv,Attchd,None,2,600,0,912,0.65789473684210531,128,1,0.1771919068056407,44,44,25,1,1.5,0,1.2246467991473532e-16,-1.0,1,128,0,1,1,1,1,3,3,3,3,4,4,7,1,1,2,2,2,2,0,11.976659481202368,4,0,19,0
1215,10205,Lvl,Inside,NAmes,1Fam,SFoyer,5,5,Gable,CBlock,999,3,0,2006,Normal,69.0,MetalSd,WD,None,Attchd,None,1,784,0,925,0.84756756756756757,222,1,0.097893189612934833,44,44,44,0,2.0,0,0.49999999999999994,-0.86602540378443871,1,0,222,1,1,1,1,3,3,3,3,3,0,7,1,3,2,1,2,2,0,11.809319478024031,4,0,0,0
649,7700,Lvl,Inside,NAmes,1Fam,2Story,6,5,Gable,CBlock,1839,4,1,2010,Normal,70.0,MetalSd,WD,None,Attchd,BrkFace,2,0,0,756,0.0,340,1,0.23883116883116884,44,44,44,0,1.5,0,1.2246467991473532e-16,-1.0,1,216,124,1,1,1,1,3,3,3,3,3,3,7,1,1,3,1,2,2,0,11.951180395901384,4,0,0,0
1419,9204,Lvl,Inside,NAmes,1Fam,1Story,5,5,Gable,CBlock,1144,3,0,2008,Normal,71.0,HdBoard,COD,None,Detchd,None,1,25,872,1144,0.78409090909090906,88,1,0.12429378531073447,46,45,45,0,2.5,0,-0.86602540378443837,-0.50000000000000044,0,0,88,1,1,1,1,3,3,3,3,3,0,7,3,1,3,1,2,2,0,11.728036844587175,4,0,0,0
896,7056,Lvl,Inside,NAmes,1Fam,2Story,6,5,Hip,CBlock,1796,4,1,2008,Normal,71.0,HdBoard,WD,None,Attchd,BrkFace,2,400,0,780,0.51282051282051277,50,1,0.25453514739229027,45,45,45,0,2.5,0,-0.8660254037844386,0.50000000000000011,0,0,50,1,1,1,1,3,3,3,3,3,3,7,1,1,3,2,2,2,0,11.849397701591441,4,0,0,0
854,12095,Lvl,Corner,NAmes,1Fam,SLvl,6,6,Gable,CBlock,1445,3,1,2009,Normal,73.0,MetalSd,WD,MnPrv,Attchd,BrkFace,2,564,0,1127,0.50044365572315885,180,1,0.11947085572550641,45,45,45,0,1.5,0,-0.86602540378443837,-0.50000000000000044,0,0,180,1,1,1,1,3,4,3,3,3,2,7,1,4,2,2,2,2,0,11.970350312009105,3,0,0,0
1297,8700,Lvl,Inside,NAmes,1Fam,1Story,5,6,Hip,CBlock,1128,3,0,2008,Normal,80.0,MetalSd,WD,MnPrv,Attchd,BrkFace,2,776,0,1120,0.69285714285714284,335,1,0.1296551724137931,45,45,45,0,3.0,0,-2.4492935982947064e-16,1.0,0,123,212,1,1,1,1,3,4,3,4,3,0,7,1,2,3,2,2,2,0,11.951180395901384,2,0,0,0
834,10004,Lvl,Inside,NAmes,1Fam,1Story,6,6,Gable,CBlock,1516,3,0,2009,Normal,100.0,HdBoard,WD,None,Attchd,BrkFace,2,196,345,1516,0.35686015831134565,152,1,0.15153938424630148,45,45,45,0,1.5,0,0.8660254037844386,0.50000000000000011,0,152,0,1,1,1,1,3,3,3,3,3,0,7,4,1,3,2,2,2,0,12.025749091398891,4,0,0,0
997,10659,Lvl,Inside,NAmes,1Fam,1Story,5,6,Hip,CBlock,1050,3,0,2006,Normal,73.0,Wd Sdng,COD,None,Attchd,None,1,915,0,1050,0.87142857142857144,319,1,0.098508302842668163,45,45,45,0,2.0,0,0.49999999999999994,0.86602540378443871,0,0,319,1,1,1,1,3,3,3,3,3,0,7,1,1,2,1,2,2,0,11.824079893607152,4,0,0,0
1233,9842,Lvl,FR2,NAmes,Duplex,1Story,4,5,Gable,Slab,1224,2,0,2007,Normal,70.0,HdBoard,WD,None,CarPort,None,2,0,0,0,0.0,0,0,0.12436496647022963,45,45,45,0,2.0,0,1.0,6.123233995736766e-17,0,0,0,1,1,0,1,3,3,0,3,3,0,7,0,0,3,1,2,2,0,11.53076538309856,4,0,0,0
398,7590,Lvl,Inside,NAmes,1Fam,2Story,5,5,Gable,CBlock,1812,4,1,2007,Normal,69.0,VinylSd,WD,None,Attchd,BrkFace,1,540,0,864,0.625,168,1,0.23873517786561266,45,45,45,0,2.0,0,-0.49999999999999972,-0.86602540378443882,1,0,168,1,1,1,1,3,3,3,3,3,3,7,1,1,3,2,2,2,0,12.040608205802641,4,0,0,0
92,8500,Lvl,Inside,NAmes,1Fam,1Story,5,3,Hip,CBlock,1235,2,0,2006,Abnorml,85.0,HdBoard,WD,GdWo,Attchd,BrkCmn,2,600,0,1235,0.48582995951417,0,0,0.14529411764705882,45,45,45,0,1.0,0,-2.4492935982947064e-16,1.0,0,0,0,1,1,1,1,3,3,3,3,3,0,7,1,1,3,1,2,2,0,11.498826540590727,4,0,0,0
1291,14112,Lvl,Corner,NAmes,1Fam,SLvl,5,7,Hip,PConc,1152,3,1,2010,Normal,73.0,Wd Sdng,WD,None,Attchd,BrkFace,2,1014,0,1152,0.88020833333333337,227,1,0.081632653061224483,46,46,46,0,2.0,0,0.86602540378443871,-0.49999999999999978,1,0,227,1,1,1,1,3,3,3,3,3,4,7,1,3,2,2,2,2,0,12.103486056755072,4,0,0,0
1436,8400,Lvl,Inside,NAmes,1Fam,1Story,6,9,Gable,CBlock,1537,3,1,2008,Abnorml,80.0,Wd Sdng,COD,GdPrv,Attchd,BrkFace,2,0,0,1319,0.0,36,1,0.18297619047619049,46,46,3,1,2.5,0,-0.49999999999999972,-0.86602540378443882,1,0,36,1,1,1,1,4,4,3,3,4,4,7,1,1,3,2,2,2,0,12.066810578196666,3,0,43,1
1352,9247,Lvl,Inside,NAmes,1Fam,2Story,6,6,Gable,CBlock,1716,4,1,2008,Normal,70.0,HdBoard,WD,None,Attchd,BrkFace,2,319,0,858,0.37179487179487181,204,1,0.1855736995782416,46,46,46,0,1.5,0,1.0,6.123233995736766e-17,0,120,84,1,1,1,1,3,3,3,5,3,4,7,1,1,2,3,2,2,0,12.049418835484797,2,0,0,0
368,9150,Lvl,Corner,NAmes,1Fam,SLvl,6,5,Gable,CBlock,1431,3,1,2008,Normal,101.0,Plywood,WD,None,Basment,BrkFace,1,371,0,1099,0.33757961783439489,174,1,0.15639344262295082,46,46,46,0,1.5,0,-2.4492935982947064e-16,1.0,0,0,174,1,1,1,1,3,3,4,4,3,4,7,1,4,2,2,2,2,0,12.013700752882718,3,0,0,0
328,11600,Lvl,Inside,NAmes,1Fam,1Story,6,5,Hip,CBlock,1383,3,0,2006,Normal,80.0,Wd Sdng,WD,None,Attchd,BrkFace,1,565,0,1383,0.40853217642805495,45,1,0.11922413793103448,46,46,46,0,1.5,0,0.86602540378443871,-0.49999999999999978,1,0,45,1,1,1,1,3,3,3,3,3,0,7,1,1,3,2,2,2,0,11.886211674714158,4,0,0,0
1209,7763,Lvl,Inside,NAmes,1Fam,1Story,5,7,Gable,CBlock,1283,3,0,2008,Normal,70.0,MetalSd,WD,None,Detchd,None,2,504,108,931,0.6573576799140709,0,0,0.16527115805745202,28,46,28,1,2.0,0,-0.8660254037844386,0.50000000000000011,0,0,0,1,1,1,1,3,4,3,3,3,0,7,4,1,3,1,2,2,0,11.849397701591441,3,0,18,0
367,9500,Lvl,Inside,NAmes,1Fam,1Story,6,5,Gable,CBlock,1394,3,2,2009,Normal,73.0,Plywood,WD,None,Attchd,BrkFace,2,609,0,1394,0.4368723098995696,261,1,0.14673684210526317,46,46,46,0,2.5,0,-0.49999999999999972,-0.86602540378443882,1,185,76,1,1,1,1,3,3,4,4,3,4,7,1,1,2,2,2,2,0,11.976659481202368,3,0,0,0
844,8000,Lvl,Corner,NAmes,Duplex,1Story,5,4,Gable,CBlock,1800,6,0,2007,Normal,80.0,BrkFace,WD,None,None,None,0,0,0,1800,0.0,0,0,0.225,-999,46,46,0,2.0,1,-0.49999999999999972,-0.86602540378443882,1,0,0,1,0,0,1,3,3,3,5,3,0,7,1,1,3,0,2,2,0,11.856515169360305,2,0,0,0
981,12122,Lvl,Corner,NAmes,1Fam,SFoyer,7,9,Gable,CBlock,999,3,0,2008,Normal,73.0,CemntBd,WD,None,Attchd,Stone,2,867,0,944,0.91843220338983056,220,1,0.0824121432106913,47,47,1,1,2.0,0,-0.49999999999999972,-0.86602540378443882,1,0,220,1,1,1,1,5,3,3,4,5,0,7,1,3,2,2,2,2,0,12.091783499128047,3,0,46,1
572,7332,Lvl,Inside,NAmes,1Fam,1Story,6,6,Gable,CBlock,864,2,0,2006,Abnorml,60.0,WdShing,WD,None,Attchd,BrkFace,1,414,0,864,0.47916666666666669,168,1,0.11783960720130933,47,47,47,0,2.0,0,-0.8660254037844386,0.50000000000000011,0,0,168,1,1,1,1,3,3,3,5,4,0,7,1,1,3,1,2,2,0,11.695247021764184,2,0,0,0
887,8393,Lvl,Corner,NAmes,Duplex,1Story,5,5,Gable,CBlock,1712,4,0,2006,Family,70.0,MetalSd,WD,None,Attchd,BrkFace,2,528,0,1626,0.32472324723247231,326,1,0.20397950673180032,1,47,1,1,2.0,0,1.2246467991473532e-16,-1.0,1,0,326,1,1,0,1,3,3,3,5,3,0,7,1,1,3,3,2,2,0,11.884489021402711,2,0,46,0
1120,7560,Lvl,Inside,NAmes,1Fam,1Story,5,5,Gable,CBlock,1040,3,0,2006,Normal,70.0,BrkFace,WD,GdWo,Attchd,None,1,369,0,1040,0.35480769230769232,392,1,0.13756613756613756,47,47,47,0,1.0,0,-0.49999999999999972,-0.86602540378443882,1,252,140,1,1,1,0,3,3,3,3,3,0,7,1,1,3,2,2,2,0,11.803353763090035,4,0,0,0
347,12772,Lvl,CulDSac,NAmes,1Fam,1Story,6,8,Hip,CBlock,958,2,0,2007,Normal,73.0,MetalSd,WD,None,Attchd,None,1,498,0,958,0.51983298538622125,0,0,0.075007829627309744,47,47,9,1,1.0,0,0.86602540378443871,-0.49999999999999978,1,0,0,1,1,1,1,3,4,3,3,3,0,7,1,2,2,2,2,2,0,11.928340903931561,3,0,38,0
261,19296,Lvl,Corner,NAmes,1Fam,SLvl,6,5,Gable,CBlock,1382,3,1,2009,Normal,120.0,Wd Sdng,WD,GdWo,Attchd,BrkFace,2,672,690,1362,1.0,252,1,0.07162106135986733,18,47,47,0,2.0,1,0.49999999999999994,-0.86602540378443871,1,252,0,1,1,1,1,3,3,3,3,3,3,7,5,4,3,1,2,2,0,12.078239274020289,4,0,0,0
581,14585,Lvl,CulDSac,NAmes,1Fam,1Story,6,6,Gable,CBlock,1429,3,2,2007,Normal,73.0,Wd Sdng,WD,None,Attchd,BrkFace,2,594,219,1144,0.71066433566433562,326,1,0.09797737401439835,47,47,20,1,1.5,0,1.2246467991473532e-16,-1.0,1,0,326,1,1,1,1,3,3,3,5,4,4,7,3,1,2,1,2,2,0,12.111212364506214,2,0,27,0
627,12342,Lvl,Inside,NAmes,1Fam,1Story,5,5,Hip,CBlock,1422,3,1,2007,Normal,73.0,Wd Sdng,WD,GdWo,Attchd,None,1,0,0,978,0.0,36,1,0.11521633446767136,47,47,29,1,1.0,0,-0.86602540378443837,-0.50000000000000044,0,36,0,1,1,1,1,3,3,3,3,3,3,6,1,1,2,2,2,2,0,11.848683160653573,4,0,18,0
1103,7000,Lvl,Inside,NAmes,1Fam,1Story,5,7,Gable,CBlock,1134,2,0,2007,Family,70.0,Wd Sdng,WD,MnWw,Attchd,BrkFace,1,588,0,1010,0.58217821782178214,16,1,0.162,47,47,5,1,1.0,0,0.86602540378443871,-0.49999999999999978,1,0,16,1,1,1,1,3,3,3,5,3,0,7,1,1,3,2,2,2,0,11.813030057420567,2,0,42,1
174,10197,Lvl,Inside,NAmes,1Fam,1Story,6,5,Gable,CBlock,1362,3,1,2008,Normal,80.0,WdShing,COD,None,Attchd,BrkCmn,2,288,374,1362,0.48604992657856094,20,1,0.13356869667549279,47,47,47,0,2.5,0,1.2246467991473532e-16,-1.0,1,0,20,1,1,1,1,3,3,3,3,3,3,7,3,1,2,1,2,2,0,12.0015054797889,4,0,0,0
871,6600,Lvl,Inside,NAmes,1Fam,1Story,5,5,Hip,CBlock,894,2,0,2009,Normal,60.0,MetalSd,WD,None,Detchd,None,1,0,0,894,0.0,0,0,0.13545454545454547,47,47,47,0,1.0,0,-0.86602540378443837,-0.50000000000000044,0,0,0,1,0,1,1,3,3,3,4,3,0,7,1,1,3,1,2,2,0,11.603679828238693,3,0,0,0
84,8892,Lvl,Inside,NAmes,1Fam,1Story,5,5,Gable,CBlock,1065,3,0,2007,Normal,80.0,MetalSd,COD,None,Detchd,BrkCmn,2,0,0,1065,0.0,74,1,0.11977058029689609,33,47,47,0,1.5,0,-0.49999999999999972,-0.86602540378443882,1,0,74,1,1,1,1,3,3,3,4,3,0,7,1,1,2,1,2,2,0,11.747997587149712,3,0,0,0
835,7875,Lvl,Inside,NAmes,1Fam,1Story,5,6,Gable,CBlock,1144,3,0,2008,Normal,75.0,VinylSd,WD,GdWo,Attchd,BrkFace,2,572,0,1144,0.5,0,0,0.14526984126984127,47,47,47,0,2.0,0,-1.0,-1.8369701987210297e-16,0,0,0,1,1,1,1,3,3,3,4,3,0,7,1,1,3,1,2,2,0,11.8490404949436,3,0,0,0
1104,8910,Lvl,Corner,NAmes,1Fam,1Story,6,6,Hip,CBlock,1194,3,1,2006,Normal,79.0,BrkFace,WD,None,BuiltIn,None,2,655,0,655,1.0,192,1,0.13400673400673402,52,47,47,0,1.5,0,-0.49999999999999972,-0.86602540378443882,1,192,0,1,1,1,1,3,3,3,5,3,2,7,1,2,3,3,2,2,0,11.979799201207037,2,0,0,0
947,8163,Lvl,Inside,NAmes,1Fam,SLvl,5,6,Gable,CBlock,1144,3,1,2006,Normal,70.0,HdBoard,WD,None,Attchd,BrkFace,1,748,294,1144,0.91083916083916083,86,1,0.1401445546980277,47,47,47,0,2.0,0,1.0,6.123233995736766e-17,0,0,86,1,1,1,1,3,4,3,3,3,3,7,4,3,3,2,2,2,0,11.870599909242044,3,0,0,0
616,8800,Lvl,Inside,NAmes,1Fam,SFoyer,6,7,Gable,PConc,1054,3,0,2010,Abnorml,80.0,MetalSd,WD,MnPrv,Attchd,BrkFace,2,763,0,936,0.81517094017094016,120,1,0.11977272727272727,47,47,47,0,2.0,1,0.49999999999999994,-0.86602540378443871,1,0,120,1,1,1,1,3,4,3,5,4,0,7,1,4,3,2,2,2,0,11.831379196088763,1,0,0,0
45,7945,Lvl,Inside,NAmes,1Fam,1Story,5,6,Gable,CBlock,1150,3,0,2006,Normal,70.0,BrkFace,WD,None,Attchd,None,1,179,506,1150,0.59565217391304348,0,0,0.144745122718691,47,47,47,0,2.0,0,0.49999999999999994,-0.86602540378443871,1,0,0,1,1,1,0,3,3,3,5,3,0,7,4,1,3,2,2,2,0,11.856515169360305,2,0,0,0
133,7388,Lvl,Corner,NAmes,1Fam,1Story,5,6,Gable,CBlock,1327,3,0,2007,Normal,75.0,MetalSd,WD,None,Detchd,None,2,405,0,1063,0.380997177798683,0,0,0.17961559285327558,33,48,5,1,2.0,0,-0.49999999999999972,-0.86602540378443882,1,0,0,1,1,1,1,3,3,3,4,4,0,7,1,1,3,1,2,2,0,11.923378114589433,3,0,43,1
513,9100,Lvl,Corner,NAmes,1Fam,1Story,5,5,Gable,CBlock,864,3,0,2006,Normal,70.0,VinylSd,WD,None,Detchd,None,2,521,174,864,0.80439814814814814,0,0,0.094945054945054952,42,48,48,0,2.0,1,-0.49999999999999972,-0.86602540378443882,1,0,0,1,1,1,1,3,3,3,3,3,0,7,2,1,3,1,2,2,0,11.774520202658691,4,0,0,0
626,10000,Lvl,Corner,NAmes,1Fam,1Story,6,6,Hip,CBlock,1116,3,0,2010,Normal,87.0,Wd Sdng,WD,None,Attchd,BrkFace,2,0,0,1116,0.0,385,1,0.1116,48,48,48,0,1.5,0,0.8660254037844386,0.50000000000000011,0,385,0,1,1,1,1,3,3,3,3,3,0,7,1,1,2,1,2,2,0,11.982929094215963,4,0,0,0
935,27650,HLS,Inside,NAmes,1Fam,1Story,7,7,Flat,CBlock,2069,4,1,2008,Normal,313.0,Wd Sdng,WD,None,Attchd,None,2,425,0,585,0.72649572649572647,0,0,0.074828209764918621,48,48,1,1,3.0,0,-0.50000000000000044,0.86602540378443837,0,0,0,1,1,1,1,3,3,4,5,4,4,7,1,4,1,2,2,1,0,12.396693005138824,2,0,47,1
208,12493,Lvl,Inside,NAmes,1Fam,1Story,4,5,Gable,PConc,1100,3,1,2008,Normal,73.0,Wd Sdng,WD,GdWo,Attchd,None,1,419,306,1100,0.65909090909090906,355,1,0.088049307612262873,48,48,48,0,2.0,0,0.86602540378443871,-0.49999999999999978,1,0,355,1,1,1,1,3,3,3,3,3,1,7,3,1,2,2,2,2,0,11.856515169360305,4,0,0,0
494,7931,Lvl,Inside,NAmes,1Fam,1Story,5,6,Gable,CBlock,1269,3,1,2008,Normal,70.0,BrkFace,WD,None,Detchd,None,1,374,532,1269,0.71394799054373526,0,0,0.16000504350018913,44,48,48,0,1.5,0,1.2246467991473532e-16,-1.0,1,0,0,1,1,1,0,3,3,3,3,3,2,7,2,1,3,1,2,2,0,11.951180395901384,4,0,0,0
130,8973,Lvl,Inside,NAmes,1Fam,1Story,5,7,Gable,CBlock,1053,3,0,2006,Abnorml,69.0,Plywood,WD,MnWw,2Types,BrkFace,2,567,28,1008,0.59027777777777779,260,1,0.11735205616850551,8,48,15,1,2.0,0,-0.49999999999999972,-0.86602540378443882,1,180,80,1,1,1,0,3,3,3,3,5,0,7,4,1,3,2,2,2,0,11.918390573078392,4,0,33,0
15,10920,Lvl,Corner,NAmes,1Fam,1Story,6,5,Hip,CBlock,1253,2,1,2008,Normal,73.0,MetalSd,WD,GdWo,Attchd,BrkFace,1,733,0,1253,0.58499600957701514,389,1,0.11474358974358974,48,48,48,0,2.5,0,0.49999999999999994,-0.86602540378443871,1,176,213,1,1,1,1,3,3,3,3,3,2,7,1,1,2,2,2,2,0,11.964001084330445,4,0,0,0
970,10382,Lvl,Inside,NAmes,2fmCon,SLvl,6,5,Hip,CBlock,1095,2,0,2006,Normal,75.0,HdBoard,ConLD,None,Attchd,BrkFace,1,513,0,588,0.87244897959183676,0,0,0.10547100751300327,48,48,48,0,2.0,0,1.0,6.123233995736766e-17,0,0,0,1,1,1,1,3,2,3,3,3,0,7,1,4,3,2,2,2,0,11.849397701591441,5,1,0,0
1230,7910,Lvl,Inside,NAmes,1Fam,SLvl,5,5,Hip,CBlock,1507,4,0,2008,Normal,70.0,BrkFace,WD,GdWo,Basment,None,1,666,0,1075,0.61953488372093024,0,0,0.19051833122629583,48,48,48,0,2.0,0,-0.86602540378443837,-0.50000000000000044,0,0,0,1,1,1,1,3,3,3,4,3,0,3,1,1,3,1,2,2,0,11.751942365440728,3,0,0,0
393,8339,Lvl,Inside,NAmes,1Fam,1Story,5,7,Gable,Slab,882,3,0,2007,Normal,73.0,MetalSd,WD,MnPrv,Attchd,None,1,0,0,0,0.0,0,0,0.10576807770715912,48,48,48,0,1.0,0,-0.49999999999999972,-0.86602540378443882,1,0,0,1,1,1,1,3,3,0,3,3,0,7,0,0,2,2,2,2,0,11.575900264131617,4,0,0,0
814,9750,Lvl,Inside,NAmes,1Fam,1Story,6,6,Gable,CBlock,1442,4,0,2007,Normal,75.0,MetalSd,COD,None,Attchd,BrkFace,1,608,0,1442,0.42163661581137307,275,1,0.1478974358974359,49,49,49,0,1.5,0,0.86602540378443871,-0.49999999999999978,1,275,0,1,1,1,1,3,3,3,4,3,0,7,1,1,3,2,2,2,0,11.969717200243734,3,0,0,0
657,10007,Lvl,Inside,NAmes,1Fam,1Story,5,7,Gable,CBlock,1053,3,0,2008,Normal,72.0,HdBoard,WD,MnPrv,Attchd,BrkFace,1,806,0,1053,0.76543209876543206,0,0,0.10522634156090736,49,49,2,1,2.5,0,-0.86602540378443837,-0.50000000000000044,0,0,0,1,1,1,1,4,3,3,5,4,0,7,1,1,2,2,2,2,0,11.887931365593685,2,0,47,1
774,10150,Lvl,Inside,NAmes,1Fam,1Story,5,5,Gable,CBlock,912,2,0,2007,Normal,70.0,Wd Sdng,COD,None,Attchd,None,1,456,0,912,0.5,0,0,0.089852216748768476,49,49,49,0,1.0,1,-0.49999999999999972,-0.86602540378443882,1,0,0,1,1,1,0,3,3,3,5,3,0,7,1,1,3,2,2,2,0,11.648330101976432,2,0,0,0
216,10011,Lvl,Inside,NAmes,1Fam,1Story,5,6,Gable,CBlock,1236,2,1,2006,Normal,72.0,HdBoard,WD,MnPrv,Attchd,BrkFace,1,360,0,1070,0.3364485981308411,0,0,0.12346418939166916,49,49,10,1,1.5,0,0.49999999999999994,-0.86602540378443871,1,0,0,1,1,1,1,3,3,3,3,4,2,6,1,1,2,1,2,2,0,11.80894766169701,4,0,39,0
1270,11344,Lvl,Inside,NAmes,1Fam,1.5Fin,5,5,Gable,CBlock,1524,3,0,2007,Normal,78.0,MetalSd,WD,GdWo,Attchd,BrkFace,1,460,0,874,0.52631578947368418,0,0,0.13434414668547251,49,49,49,0,1.5,1,-0.49999999999999972,-0.86602540378443882,1,0,0,0,1,1,0,3,3,3,3,3,0,7,1,1,3,1,2,2,0,11.877568578558138,4,0,0,0
1425,9503,Lvl,Inside,NAmes,1Fam,1Story,5,5,Hip,CBlock,1344,2,1,2007,Normal,73.0,HdBoard,WD,GdWo,Detchd,None,1,457,374,1024,0.8115234375,344,1,0.14142902241397454,37,49,24,1,2.0,0,1.2246467991473532e-16,-1.0,1,0,344,1,1,1,1,3,3,3,3,3,3,6,3,1,3,1,2,2,0,11.877568578558138,4,0,25,0
348,17600,Lvl,Inside,NAmes,1Fam,1Story,6,5,Gable,CBlock,1478,3,2,2009,Normal,73.0,Wd Sdng,WD,None,Attchd,BrkFace,2,1270,0,1478,0.85926928281461434,40,1,0.083977272727272734,49,49,49,0,3.0,0,-2.4492935982947064e-16,1.0,0,0,40,1,1,1,0,3,3,3,5,3,4,7,1,1,2,1,2,2,0,11.967180737247824,2,0,0,0
500,7535,Lvl,Inside,NAmes,1Fam,1Story,5,7,Gable,CBlock,912,2,0,2007,Normal,70.0,MetalSd,WD,MnWw,Attchd,None,1,111,279,912,0.42763157894736842,297,1,0.12103516921035169,49,49,22,1,1.5,0,1.2246467991473532e-16,-1.0,1,0,297,1,1,1,1,3,3,3,2,3,0,7,2,1,2,3,2,2,0,11.695247021764184,5,0,27,0
1426,10721,Lvl,Inside,NAmes,1Fam,1Story,6,6,Hip,CBlock,1252,3,0,2008,Normal,80.0,HdBoard,WD,None,Detchd,Stone,2,0,0,1252,0.0,39,1,0.11678015110530734,48,49,49,0,1.0,0,-0.8660254037844386,0.50000000000000011,0,0,39,1,1,1,1,4,3,3,5,4,0,7,1,1,2,1,2,2,0,11.863582336583399,2,0,0,0
29,16321,Lvl,CulDSac,NAmes,1Fam,1Story,5,6,Gable,CBlock,1600,2,2,2006,Normal,47.0,MetalSd,WD,None,Attchd,None,1,1277,0,1484,0.860512129380054,546,1,0.098033208749463877,49,49,9,1,2.0,0,-2.4492935982947064e-16,1.0,0,0,546,1,1,1,1,3,3,3,3,3,4,7,1,4,2,2,2,2,0,12.242886618652889,4,0,40,0
1113,7100,Lvl,Corner,NAmes,1Fam,1Story,5,7,Gable,CBlock,816,2,0,2006,Normal,73.0,WdShing,WD,None,Detchd,None,1,708,0,816,0.86764705882352944,0,0,0.11492957746478873,49,49,49,0,2.0,0,-0.49999999999999972,-0.86602540378443882,1,0,0,1,1,1,0,3,3,3,3,3,0,7,1,1,2,1,2,2,0,11.774520202658691,4,0,0,0
332,8176,Lvl,Inside,NAmes,1Fam,1Story,5,6,Gable,CBlock,1056,3,0,2007,Normal,70.0,Wd Sdng,WD,None,Attchd,None,1,846,0,1056,0.80113636363636365,0,0,0.12915851272015655,49,49,15,1,2.0,0,-0.86602540378443837,-0.50000000000000044,0,0,0,1,1,1,1,3,3,3,2,3,0,7,1,1,3,2,2,2,0,11.842229212112828,5,0,34,0
1226,10482,Lvl,Inside,NAmes,1Fam,SLvl,6,8,Hip,CBlock,1138,3,0,2007,Normal,65.0,VinylSd,WD,MnWw,Attchd,BrkFace,1,507,0,588,0.86224489795918369,224,1,0.10856706735355848,49,49,49,0,1.5,0,1.2246467991473532e-16,-1.0,1,0,224,1,1,1,1,3,4,3,5,3,0,7,1,3,3,2,2,2,0,11.884489021402711,1,0,0,0
557,14850,Lvl,Inside,NAmes,1Fam,1Story,5,5,Gable,CBlock,1092,2,1,2006,Normal,69.0,Wd Sdng,WD,MnWw,Attchd,None,1,895,0,1092,0.81959706959706957,390,1,0.073535353535353537,49,49,49,0,2.0,0,0.49999999999999994,-0.86602540378443871,1,122,268,1,1,1,0,3,3,3,3,3,3,7,1,1,2,3,2,2,0,11.856515169360305,4,0,0,0
510,9600,Lvl,Corner,NAmes,1Fam,1Story,5,6,Gable,CBlock,1041,3,0,2009,Normal,80.0,MetalSd,WD,MnPrv,Attchd,BrkFace,1,991,0,1041,0.951969260326609,312,1,0.1084375,50,50,50,0,2.0,0,-0.49999999999999972,-0.86602540378443882,1,0,312,1,1,1,1,3,3,3,5,3,0,7,1,1,3,2,2,2,0,11.732060994886899,2,0,0,0
522,11988,Lvl,Corner,NAmes,1Fam,1Story,6,6,Gable,CBlock,1244,3,2,2007,Normal,90.0,VinylSd,WD,None,Attchd,None,1,777,0,1244,0.62459807073954987,40,1,0.10377043710377044,50,50,50,0,1.5,1,0.49999999999999994,-0.86602540378443871,1,0,40,1,1,1,0,3,3,3,5,3,4,7,1,1,2,1,2,2,0,11.918390573078392,2,0,0,0
911,11600,Lvl,Corner,NAmes,Duplex,2Story,5,5,Gable,CBlock,2274,5,0,2010,Normal,80.0,MetalSd,WD,None,Detchd,BrkFace,2,443,0,1105,0.40090497737556563,0,0,0.19603448275862068,50,50,50,0,2.0,1,0.49999999999999994,0.86602540378443871,0,0,0,1,1,0,0,3,3,3,3,3,0,7,1,1,3,1,2,2,0,11.946654038351252,4,0,0,0
1172,9120,Lvl,Inside,NAmes,1Fam,1Story,6,6,Hip,CBlock,1261,3,1,2008,Normal,76.0,MetalSd,WD,None,Attchd,None,2,662,0,1261,0.52498017446471057,288,1,0.13826754385964912,50,50,50,0,2.0,0,-0.50000000000000044,0.86602540378443837,0,288,0,1,1,1,1,3,3,3,5,3,3,7,1,1,3,2,2,2,0,12.0015054797889,2,0,0,0
172,31770,Lvl,Corner,NAmes,1Fam,1Story,6,5,Hip,CBlock,1656,3,2,2010,Normal,141.0,BrkFace,WD,None,Attchd,Stone,2,639,0,1080,0.59166666666666667,272,1,0.052124645892351273,50,50,50,0,2.0,0,0.49999999999999994,-0.86602540378443871,1,0,272,1,1,1,1,3,3,3,2,3,4,7,1,4,2,3,1,2,0,12.2783933071098,5,0,0,0
761,9100,Lvl,Inside,NAmes,1Fam,1Story,6,6,Hip,CBlock,864,2,0,2009,Normal,70.0,Wd Sdng,WD,None,Detchd,None,1,612,0,864,0.70833333333333337,0,0,0.094945054945054952,1,50,50,0,1.0,0,-0.8660254037844386,0.50000000000000011,0,0,0,1,1,1,1,3,3,3,5,3,0,7,1,1,3,1,2,2,0,11.755871643580617,2,0,0,0
920,11029,Lvl,Corner,NAmes,1Fam,1Story,6,8,Hip,CBlock,1414,3,1,2008,Normal,87.0,MetalSd,WD,None,Attchd,None,2,528,411,1184,0.79307432432432434,241,1,0.12820745307824827,18,50,6,1,2.0,0,0.49999999999999994,-0.86602540378443871,1,190,51,1,1,1,1,5,3,4,5,3,3,6,4,1,2,1,2,2,0,12.081076155355488,2,0,44,1
864,7931,Lvl,Inside,NAmes,1Fam,1Story,5,5,Hip,CBlock,1148,3,0,2009,Normal,70.0,BrkFace,WD,GdPrv,Attchd,None,1,1148,0,1148,1.0,0,0,0.14474845542806708,50,50,50,0,2.0,0,-0.49999999999999972,-0.86602540378443882,1,0,0,1,1,1,1,3,3,3,3,3,0,7,1,1,3,1,2,2,0,11.794337924408413,4,0,0,0
123,9464,Lvl,Corner,NAmes,1Fam,1Story,6,7,Hip,CBlock,1080,3,0,2008,Normal,75.0,MetalSd,WD,None,Attchd,BrkFace,1,570,0,1080,0.52777777777777779,130,1,0.11411665257819104,50,50,50,0,1.0,0,1.2246467991473532e-16,-1.0,1,130,0,1,1,1,1,3,4,3,4,3,0,7,1,1,3,1,2,2,0,11.820410164718188,2,0,0,0
1027,9300,Lvl,Inside,NAmes,1Fam,1Story,5,5,Gable,CBlock,1264,3,2,2010,Normal,73.0,MetalSd,WD,None,Attchd,BrkFace,2,697,0,1268,0.54968454258675081,143,1,0.13591397849462367,50,50,50,0,2.0,1,0.86602540378443871,-0.49999999999999978,1,143,0,1,1,1,1,3,3,3,3,3,4,7,1,1,3,1,2,2,0,12.028738630247258,4,0,0,0
20,7560,Lvl,Inside,NAmes,1Fam,1Story,5,6,Hip,CBlock,1339,3,0,2009,Abnorml,70.0,BrkFace,COD,MnPrv,Attchd,None,1,504,0,1029,0.48979591836734693,0,0,0.17711640211640212,51,51,44,1,1.0,0,0.49999999999999994,-0.86602540378443871,1,0,0,1,1,1,1,3,3,3,3,3,0,6,1,1,3,1,2,2,0,11.842229212112828,4,0,7,0
370,9830,Lvl,Corner,NAmes,1Fam,1Story,5,7,Gable,CBlock,1287,3,1,2010,Normal,73.0,Wd Sdng,WD,None,Detchd,None,2,72,258,1063,0.31044214487300092,563,1,0.13092573753814851,13,51,4,1,2.0,0,1.0,6.123233995736766e-17,0,182,381,1,1,1,1,3,4,3,5,4,4,7,3,1,2,3,2,2,0,11.99535161421452,1,0,47,1
1300,7500,Lvl,Inside,NAmes,1Fam,1Story,5,7,Hip,CBlock,1246,3,0,2010,Normal,75.0,BrkFace,WD,GdPrv,Attchd,None,1,340,906,1246,1.0,218,1,0.16613333333333333,51,51,16,1,2.5,0,0.49999999999999994,-0.86602540378443871,1,0,218,1,1,1,1,3,3,3,5,4,0,7,3,1,3,2,2,2,0,11.944707881395766,2,0,35,0
1234,12160,Lvl,Inside,NAmes,1Fam,1Story,5,5,Hip,CBlock,1188,3,0,2010,Abnorml,73.0,Plywood,COD,MnPrv,Attchd,BrkFace,2,1000,0,1188,0.84175084175084181,0,0,0.09769736842105263,51,51,51,0,2.0,0,0.49999999999999994,-0.86602540378443871,1,0,0,1,1,1,1,3,3,3,2,3,0,7,1,1,2,2,2,2,0,11.863582336583399,5,0,0,0
428,8593,Lvl,Inside,NAmes,1Fam,1Story,4,6,Hip,CBlock,907,3,0,2008,Normal,77.0,MetalSd,WD,None,Detchd,None,1,288,0,907,0.31753031973539142,0,0,0.1055510299080647,44,51,51,0,1.0,0,-0.49999999999999972,-0.86602540378443882,1,0,0,1,1,1,1,3,3,3,5,3,0,7,1,1,2,1,2,2,0,11.59917655301345,2,0,0,1
729,11475,Lvl,Corner,NAmes,Duplex,1Story,5,5,Gable,CBlock,1776,4,0,2009,Abnorml,85.0,VinylSd,COD,None,Detchd,BrkFace,3,0,0,1584,0.0,25,1,0.15477124183006535,41,51,51,0,3.0,0,-0.49999999999999972,-0.86602540378443882,1,0,25,1,1,0,1,3,3,3,3,3,0,7,1,1,3,1,2,2,0,11.608235644774552,4,0,0,0
34,10552,Lvl,Inside,NAmes,1Fam,1Story,5,5,Hip,CBlock,1700,4,1,2010,Normal,70.0,BrkFace,WD,None,Attchd,None,2,1018,0,1398,0.72818311874105868,38,1,0.16110689916603488,51,51,51,0,2.0,0,0.86602540378443871,-0.49999999999999978,1,0,38,1,1,1,1,3,3,3,4,4,4,7,1,1,2,2,2,2,0,12.016726473799254,3,0,0,0
340,12400,Lvl,Inside,NAmes,1Fam,1Story,6,7,Hip,CBlock,1215,3,0,2009,Normal,66.0,Wd Sdng,WD,None,Attchd,BrkFace,1,585,0,1215,0.48148148148148145,234,1,0.097983870967741929,51,51,11,1,1.0,1,1.2246467991473532e-16,-1.0,1,234,0,1,1,1,0,3,3,3,3,3,0,7,1,1,2,1,2,2,0,11.951180395901384,4,0,40,0
100,9320,Lvl,Inside,NAmes,1Fam,1Story,4,5,Gable,CBlock,1225,3,0,2010,Normal,77.0,Plywood,WD,None,None,None,0,569,0,950,0.59894736842105267,352,1,0.13143776824034334,-999,51,51,0,2.5,0,0.49999999999999994,0.86602540378443871,0,0,352,1,1,1,1,3,3,3,2,3,0,7,1,1,2,0,2,2,0,11.76718001130949,5,0,0,0
231,8760,Lvl,Inside,NAmes,1Fam,1Story,6,6,Hip,CBlock,1194,3,0,2010,Normal,73.0,MetalSd,WD,None,Attchd,BrkFace,1,0,0,1194,0.0,120,1,0.13630136986301369,51,51,51,0,2.0,0,0.86602540378443871,-0.49999999999999978,1,120,0,1,1,1,1,3,3,3,3,3,0,7,1,1,3,2,2,2,0,11.904967552746252,4,0,0,0
1071,10152,Lvl,Inside,NAmes,1Fam,1Story,5,5,Hip,CBlock,1048,3,0,2007,Normal,72.0,MetalSd,WD,None,Attchd,BrkFace,1,586,0,1048,0.55916030534351147,212,1,0.10323089046493301,51,51,51,0,2.0,0,1.2246467991473532e-16,-1.0,1,192,20,1,1,1,1,3,3,3,3,3,0,7,1,1,3,1,2,2,0,11.813030057420567,4,0,0,0
274,9600,Lvl,Inside,NAmes,1Fam,1Story,6,6,Hip,CBlock,1632,3,1,2009,Normal,80.0,Wd Sdng,WD,MnPrv,Attchd,BrkCmn,1,620,620,1240,1.0,289,1,0.17,51,51,21,1,3.0,1,0.86602540378443871,-0.49999999999999978,1,0,289,1,1,1,1,3,3,3,4,3,4,6,2,1,3,2,2,2,0,11.842229212112828,3,0,30,0
831,11900,Lvl,Corner,NAmes,1Fam,1Story,6,5,Gable,CBlock,1392,3,2,2008,Normal,80.0,HdBoard,WD,None,Attchd,BrkFace,2,1040,0,1392,0.74712643678160917,192,1,0.11697478991596638,51,51,51,0,2.5,0,1.2246467991473532e-16,-1.0,1,192,0,1,1,1,0,3,3,3,3,3,4,7,1,1,2,2,2,2,0,12.01974306733868,4,0,0,0
527,13300,Lvl,Inside,NAmes,1Fam,1Story,5,7,Hip,CBlock,928,2,0,2007,Normal,70.0,Wd Sdng,WD,None,Attchd,None,1,377,0,928,0.40625,417,1,0.069774436090225558,51,51,7,1,1.0,0,1.2246467991473532e-16,-1.0,1,156,261,1,1,1,1,3,3,4,3,3,0,7,1,1,3,1,2,2,0,11.790557201568507,4,0,44,1
425,9000,Lvl,Inside,NAmes,1Fam,1Story,6,5,Gable,CBlock,1196,2,1,2008,Normal,72.0,Wd Sdng,WD,None,Attchd,BrkFace,1,616,0,1196,0.51505016722408026,44,1,0.13288888888888889,52,52,52,0,2.0,0,0.49999999999999994,-0.86602540378443871,1,0,44,1,1,1,0,3,3,4,4,3,4,7,1,1,3,2,2,2,0,11.842229212112828,3,0,0,0
77,8475,Lvl,Inside,NAmes,1Fam,1Story,4,7,Gable,CBlock,952,2,0,2008,Normal,73.0,VinylSd,WD,None,Detchd,None,1,228,0,952,0.23949579831932774,0,0,0.11233038348082595,52,52,52,0,1.0,0,0.86602540378443871,-0.49999999999999978,1,0,0,1,1,1,0,3,3,3,5,3,0,7,1,1,2,1,2,2,0,11.818570237796182,2,0,0,1
1321,8400,Lvl,Inside,NAmes,1Fam,1Story,6,3,Hip,CBlock,1478,3,2,2009,Normal,70.0,BrkFace,WD,None,Attchd,None,2,189,661,1478,0.57510148849797027,330,1,0.17595238095238094,52,52,52,0,2.5,0,1.2246467991473532e-16,-1.0,1,216,114,1,1,1,1,3,3,3,4,3,4,7,3,1,3,2,2,2,0,11.960811288962345,3,0,0,0
902,8712,Lvl,Inside,NAmes,1Fam,1Story,5,7,Hip,CBlock,1306,2,0,2009,Normal,64.0,MetalSd,WD,None,Detchd,None,1,860,0,992,0.86693548387096775,0,0,0.14990817263544537,41,52,9,1,2.0,0,0.49999999999999994,-0.86602540378443871,1,0,0,1,1,1,1,3,4,3,3,3,0,7,1,2,2,1,2,2,0,11.938193200374572,3,0,43,1
805,9000,Lvl,Inside,NAmes,1Fam,1Story,5,5,Gable,CBlock,1128,2,0,2006,Family,75.0,Wd Sdng,WD,GdWo,Attchd,None,1,812,0,936,0.86752136752136755,0,0,0.12533333333333332,52,52,52,0,1.0,0,1.2246467991473532e-16,-1.0,1,0,0,1,1,1,1,3,3,3,3,3,0,6,1,1,3,1,2,2,0,11.678439903447801,4,0,0,0
55,7134,Bnk,Inside,NAmes,1Fam,SLvl,5,5,Gable,CBlock,1360,3,1,2007,Normal,60.0,MetalSd,WD,MnPrv,Detchd,None,2,384,0,384,1.0,50,1,0.19063638912251191,45,52,52,0,1.0,0,0.8660254037844386,0.50000000000000011,0,0,50,1,1,1,1,3,3,3,3,3,3,6,1,1,3,1,2,1,0,11.77528972943772,4,0,0,0
817,11425,Lvl,Corner,NAmes,1Fam,1Story,5,6,Gable,CBlock,1008,2,1,2006,Normal,73.0,BrkFace,WD,None,Attchd,None,1,486,0,1008,0.48214285714285715,120,1,0.088227571115973735,52,52,52,0,1.0,0,-0.49999999999999972,-0.86602540378443882,1,120,0,1,1,1,1,3,3,3,4,3,4,7,1,1,2,2,2,2,0,11.827736204810263,3,0,0,0
248,11310,Lvl,Inside,NAmes,1Fam,1Story,6,5,Hip,CBlock,1375,2,1,2006,Normal,75.0,Wd Sdng,WD,None,Attchd,None,2,0,0,1367,0.0,30,1,0.12157382847038019,52,52,52,0,1.0,0,1.2246467991473532e-16,-1.0,1,0,30,1,1,1,1,3,3,3,5,3,3,7,1,1,3,1,2,2,0,11.849397701591441,2,0,0,0
255,8400,Lvl,Inside,NAmes,1Fam,1Story,5,6,Gable,CBlock,1314,3,0,2010,Normal,70.0,MetalSd,WD,None,Attchd,None,1,922,0,1314,0.70167427701674279,250,1,0.15642857142857142,53,53,53,0,2.0,0,1.2246467991473532e-16,-1.0,1,0,250,1,1,1,1,3,4,3,3,3,0,7,1,1,3,2,2,2,0,11.884489021402711,3,0,0,0
968,7390,Lvl,Inside,NAmes,1Fam,1Story,5,7,Hip,CBlock,1098,3,0,2008,Normal,73.0,Wd Sdng,WD,None,Attchd,BrkFace,1,902,0,1098,0.82149362477231325,0,0,0.14857916102841678,53,53,53,0,2.0,0,-0.49999999999999972,-0.86602540378443882,1,0,0,1,1,1,1,3,3,3,3,3,0,7,1,1,2,1,2,2,0,11.813030057420567,4,0,0,0
634,9250,Lvl,Corner,NAmes,1Fam,1Story,5,7,Gable,CBlock,1056,3,0,2007,Normal,80.0,Wd Sdng,WD,None,Attchd,None,1,480,468,1056,0.89772727272727271,390,1,0.11416216216216216,53,53,2,1,1.5,0,-0.49999999999999972,-0.86602540378443882,1,0,390,1,1,1,1,3,3,3,3,3,0,7,2,1,3,1,2,2,0,11.845102777308561,4,0,51,1
1372,9600,Lvl,Inside,NAmes,1Fam,SLvl,6,6,Hip,CBlock,1661,3,1,2008,Normal,80.0,AsbShng,WD,MnPrv,BuiltIn,None,1,831,0,992,0.83770161290322576,206,1,0.17302083333333335,53,53,12,1,2.0,0,-0.8660254037844386,0.50000000000000011,0,178,28,1,1,1,1,3,3,3,4,4,3,7,1,3,3,2,2,2,0,12.016726473799254,3,0,41,1
1262,9600,Lvl,Inside,NAmes,1Fam,1Story,5,6,Hip,CBlock,1050,2,0,2009,Normal,80.0,MetalSd,WD,None,Attchd,None,1,504,0,1050,0.48,0,0,0.109375,53,53,53,0,1.0,0,1.2246467991473532e-16,-1.0,1,0,0,1,1,1,1,3,3,3,4,3,0,7,1,1,3,1,2,2,0,11.766792188927278,3,0,0,0
1095,5868,Lvl,Inside,NAmes,1Fam,1Story,5,7,Gable,CBlock,936,2,0,2010,Normal,74.0,MetalSd,WD,None,Attchd,None,1,248,240,936,0.5213675213675214,240,1,0.15950920245398773,54,54,10,1,2.0,0,0.49999999999999994,-0.86602540378443871,1,240,0,1,1,1,1,3,3,3,5,3,0,7,3,1,3,3,2,2,0,11.76756768334381,2,0,44,1
1114,8923,Lvl,Inside,NAmes,1Fam,1Story,5,7,Gable,CBlock,1008,2,0,2007,Normal,66.0,Wd Sdng,WD,None,Attchd,None,1,643,0,1008,0.63789682539682535,18,1,0.11296649109044044,54,54,1,1,2.0,0,0.49999999999999994,-0.86602540378443871,1,0,18,1,1,1,1,3,3,3,4,4,0,7,1,1,3,1,2,2,0,11.809319478024031,3,0,53,1
618,7227,HLS,Corner,NAmes,1Fam,1.5Unf,6,6,Gable,CBlock,832,2,0,2008,Normal,59.0,MetalSd,WD,None,Detchd,None,2,0,0,832,0.0,0,0,0.11512384115123842,46,54,54,0,1.0,1,1.2246467991473532e-16,-1.0,1,0,0,1,1,1,1,3,3,3,4,4,0,7,1,1,3,1,2,1,0,11.566466231898259,3,0,0,0
1126,10434,Lvl,Inside,NAmes,1Fam,1Story,4,5,Gable,CBlock,1005,2,1,2009,Normal,60.0,Plywood,WD,None,Detchd,None,2,0,0,1005,0.0,0,0,0.096319723979298444,32,54,54,0,1.0,0,-0.50000000000000044,0.86602540378443837,0,0,0,1,1,1,1,3,3,3,3,2,3,7,1,1,3,1,2,2,0,11.652687407345388,4,0,0,0
798,7677,Lvl,Inside,NAmes,1Fam,1Story,5,5,Gable,CBlock,773,2,0,2008,Abnorml,57.0,VinylSd,WD,None,Attchd,None,1,570,0,773,0.73738680465717987,0,0,0.10069037384394947,55,55,55,0,1.0,0,0.86602540378443871,-0.49999999999999978,1,0,0,1,1,1,1,3,3,3,4,3,0,7,1,1,3,1,2,2,0,11.608235644774552,3,0,0,0
38,8532,Lvl,Inside,NAmes,1Fam,1Story,5,6,Hip,CBlock,1297,3,1,2009,Normal,74.0,Wd Sdng,WD,None,Attchd,BrkFace,2,1213,0,1297,0.93523515805705471,0,0,0.15201593999062354,55,55,19,1,1.5,0,-0.8660254037844386,0.50000000000000011,0,0,0,1,1,1,1,3,3,3,4,3,3,7,1,1,3,3,2,2,0,11.938193200374572,3,0,36,0
628,9600,Lvl,Inside,NAmes,1Fam,SLvl,6,6,Gable,CBlock,1520,3,2,2010,Normal,80.0,AsbShng,WD,None,Basment,BrkFace,1,674,132,1156,0.69723183391003463,189,1,0.15833333333333333,55,55,38,1,2.0,0,1.0,6.123233995736766e-17,0,189,0,1,1,1,1,3,3,3,5,3,4,7,2,3,3,2,2,2,0,11.938193200374572,2,0,17,0
873,8892,Lvl,Corner,NAmes,1Fam,1Story,5,7,Gable,Stone,910,3,0,2008,Normal,74.0,WdShing,WD,GdWo,Attchd,None,2,0,0,105,0.0,346,1,0.1023391812865497,55,55,12,1,1.0,0,-0.8660254037844386,0.50000000000000011,0,150,196,1,1,1,1,4,3,3,4,4,0,7,1,3,3,1,2,2,0,11.661345470088502,3,0,43,1
533,7200,Lvl,Inside,NAmes,1Fam,1Story,5,7,Gable,Slab,827,2,1,2010,Normal,60.0,VinylSd,WD,None,Detchd,None,1,0,0,0,0.0,0,0,0.11486111111111111,43,55,3,1,1.0,0,0.86602540378443871,-0.49999999999999978,1,0,0,1,1,1,1,3,3,0,5,3,1,4,0,0,3,1,2,2,0,11.585246126549855,2,0,52,1
1224,10680,Lvl,Inside,NAmes,1Fam,1Story,5,3,Hip,CBlock,2136,4,0,2006,Normal,89.0,Wd Sdng,WD,MnPrv,Detchd,BrkFace,2,756,0,2136,0.3539325842696629,30,1,0.2,55,55,55,0,2.0,0,-0.8660254037844386,0.50000000000000011,0,0,30,1,0,1,0,3,3,3,3,3,0,4,1,1,3,1,2,2,0,11.834284063781393,4,0,0,0
91,7200,Lvl,Inside,NAmes,1Fam,1Story,4,5,Gable,Slab,1040,2,0,2006,Normal,60.0,BrkFace,WD,None,Detchd,None,2,0,0,0,0.0,29,1,0.14444444444444443,56,56,56,0,1.0,0,-0.49999999999999972,-0.86602540378443882,1,0,29,1,1,1,0,3,3,0,3,3,0,7,0,0,3,1,2,2,0,11.607326140391713,4,0,0,0
157,7200,Lvl,Inside,NAmes,1Fam,1Story,5,7,Hip,CBlock,1040,2,0,2006,Normal,60.0,Wd Sdng,WD,None,Detchd,None,2,0,0,0,0.0,0,0,0.14444444444444443,56,56,56,0,1.0,0,1.2246467991473532e-16,-1.0,1,0,0,1,1,1,0,3,3,0,3,3,0,7,0,0,3,1,2,2,0,11.603679828238693,4,0,0,0
295,9600,Lvl,Inside,NAmes,1Fam,1Story,6,5,Hip,CBlock,1644,3,2,2009,Normal,80.0,HdBoard,WD,None,Attchd,Stone,2,1285,0,1416,0.90748587570621464,110,1,0.17125,56,56,56,0,2.0,0,-0.8660254037844386,0.50000000000000011,0,0,110,1,1,1,1,3,3,3,3,3,4,7,1,1,3,3,2,2,0,12.025749091398891,4,0,0,0
737,8544,Lvl,Inside,NAmes,Duplex,1Story,3,4,Gable,CBlock,1040,2,0,2006,Normal,60.0,Stucco,WD,None,Detchd,None,2,0,0,0,0.0,0,0,0.12172284644194757,57,56,56,0,2.0,0,-0.49999999999999972,-0.86602540378443882,1,0,0,1,0,0,0,3,3,0,4,3,0,7,0,0,3,1,2,2,0,11.445716715276779,3,0,0,0
374,10634,Lvl,Inside,NAmes,1Fam,1Story,5,6,Gable,PConc,1319,3,0,2009,Normal,79.0,MetalSd,WD,GdWo,Attchd,None,1,428,180,608,1.0,66,1,0.12403611058867782,56,56,56,0,2.0,0,-0.50000000000000044,0.86602540378443837,0,0,66,1,1,1,1,3,3,3,3,3,0,5,2,1,3,1,2,2,0,11.719939634354555,4,0,0,0
369,7800,Lvl,Inside,NAmes,1Fam,1Story,5,6,Gable,PConc,1268,2,1,2010,Normal,78.0,HdBoard,WD,None,Attchd,BrkFace,1,540,0,1268,0.42586750788643535,98,1,0.16256410256410256,56,56,56,0,1.0,0,1.0,6.123233995736766e-17,0,0,98,1,1,1,1,3,3,3,4,3,4,7,1,1,3,3,2,2,0,11.790557201568507,3,0,0,0
906,9920,Lvl,Inside,NAmes,1Fam,1Story,5,5,Gable,CBlock,1063,3,0,2010,Normal,80.0,HdBoard,WD,MnPrv,Attchd,Stone,1,354,290,1056,0.60984848484848486,164,1,0.10715725806451613,56,56,56,0,2.0,0,0.8660254037844386,0.50000000000000011,0,164,0,1,1,1,1,3,3,3,3,3,0,7,2,1,3,2,2,2,0,11.759785542901755,4,0,0,0
890,12160,Lvl,Inside,NAmes,1Fam,1Story,6,4,Hip,CBlock,1505,2,1,2009,Normal,128.0,Wd Sdng,WD,None,Attchd,BrkFace,2,1024,0,1505,0.68039867109634555,162,1,0.12376644736842106,56,56,56,0,2.0,1,0.8660254037844386,0.50000000000000011,0,162,0,1,1,1,1,3,3,3,5,3,3,7,1,1,3,2,2,2,0,11.915051671812877,2,0,0,0
74,10200,Lvl,Inside,NAmes,1Fam,1Story,5,7,Gable,CBlock,1086,3,0,2010,Normal,85.0,Wd Sdng,WD,GdWo,Attchd,BrkFace,2,320,362,1086,0.62799263351749535,0,0,0.10647058823529412,21,56,7,1,2.0,0,0.49999999999999994,-0.86602540378443871,1,0,0,1,1,1,1,3,3,3,4,3,0,7,4,1,3,1,2,2,0,11.883799128308773,3,0,49,1
1250,7200,Lvl,Inside,NAmes,1Fam,1Story,5,7,Gable,CBlock,988,3,0,2007,Normal,60.0,MetalSd,WD,None,Attchd,None,1,534,96,876,0.71917808219178081,80,1,0.13722222222222222,57,57,57,0,1.0,0,0.49999999999999994,-0.86602540378443871,1,0,80,1,1,1,1,3,3,3,3,3,0,7,3,1,3,1,2,2,0,11.686878772093667,4,0,0,0
343,8544,Lvl,Inside,NAmes,Duplex,1Story,3,4,Gable,Slab,1040,2,0,2006,Normal,73.0,Stucco,WD,None,Detchd,BrkFace,2,0,0,0,0.0,0,0,0.12172284644194757,57,57,56,1,2.0,0,0.49999999999999994,-0.86602540378443871,1,0,0,0,0,0,0,3,3,0,2,3,0,7,0,0,3,1,2,2,0,11.379394072345706,5,0,1,0
39,7922,Lvl,Inside,NAmes,1Fam,1Story,5,7,Gable,CBlock,1057,3,0,2010,Abnorml,68.0,VinylSd,WD,None,Detchd,None,1,731,0,1057,0.69157994323557237,52,1,0.13342590254986114,57,57,3,1,2.0,0,0.49999999999999994,0.86602540378443871,0,0,52,1,1,1,1,3,4,3,3,4,0,7,1,1,3,1,2,2,0,11.59910316121128,3,0,54,1
1151,8280,Lvl,Inside,NAmes,1Fam,1Story,6,5,Gable,CBlock,932,2,1,2007,Normal,57.0,BrkFace,WD,GdPrv,Attchd,None,1,0,0,932,0.0,214,1,0.11256038647342995,57,57,57,0,1.0,0,-0.50000000000000044,0.86602540378443837,0,214,0,1,1,1,0,3,3,3,5,4,4,7,1,1,2,1,2,2,0,11.728036844587175,2,0,0,0
971,10800,Lvl,Inside,NAmes,1Fam,1.5Fin,4,4,Gable,CBlock,1192,4,0,2006,Abnorml,60.0,AsbShng,WD,None,None,None,0,0,0,720,0.0,0,0,0.11037037037037037,-999,57,56,1,1.5,0,-2.4492935982947064e-16,1.0,0,0,0,1,0,1,0,3,3,3,3,3,0,7,1,1,3,0,2,2,0,11.813030057420567,4,0,1,0
951,7200,Lvl,Inside,NAmes,1Fam,1Story,5,8,Gable,CBlock,864,3,0,2007,Normal,60.0,VinylSd,WD,None,Detchd,None,2,398,149,864,0.63310185185185186,194,1,0.12,27,57,5,1,2.0,0,-0.49999999999999972,-0.86602540378443882,1,0,194,1,1,1,1,3,3,3,4,4,0,7,4,1,3,2,2,2,0,11.76756768334381,3,0,52,1
1141,7350,Lvl,Corner,NAmes,1Fam,1Story,5,7,Gable,CBlock,952,2,0,2008,Abnorml,60.0,HdBoard,COD,None,Detchd,None,2,852,0,952,0.89495798319327735,0,0,0.12952380952380951,20,57,57,0,2.0,0,1.2246467991473532e-16,-1.0,1,0,0,1,1,1,1,3,3,3,3,3,0,7,1,2,3,1,2,2,0,11.842229212112828,4,0,0,0
143,8520,Lvl,Corner,NAmes,1Fam,1.5Fin,5,4,Gable,CBlock,1385,4,0,2010,Normal,71.0,BrkFace,WD,MnPrv,Detchd,None,2,507,0,910,0.55714285714285716,0,0,0.16255868544600938,10,58,58,0,2.0,1,1.2246467991473532e-16,-1.0,1,0,0,1,1,1,1,3,2,3,2,3,0,7,1,1,3,1,2,2,0,12.01974306733868,6,1,0,0
1137,9600,Lvl,Inside,NAmes,1Fam,1.5Fin,6,5,Gable,CBlock,1252,3,0,2008,Abnorml,80.0,VinylSd,WD,None,Attchd,None,1,280,0,1032,0.27131782945736432,96,1,0.13041666666666665,58,58,58,0,1.0,0,0.86602540378443871,-0.49999999999999978,1,96,0,1,1,1,0,3,3,3,3,3,0,7,1,1,3,1,2,2,0,11.686878772093667,4,0,0,0
891,8064,Lvl,Corner,NAmes,1Fam,1.5Fin,5,7,Gable,CBlock,924,3,1,2007,Normal,60.0,MetalSd,WD,MnPrv,Detchd,None,2,0,0,672,0.0,0,0,0.11458333333333333,4,58,1,1,1.0,1,-0.49999999999999972,-0.86602540378443882,1,0,0,1,1,1,1,3,4,3,5,3,1,7,1,2,3,1,2,2,0,11.719126295554126,1,0,57,1
1223,10496,Lvl,Inside,NAmes,1Fam,1.5Fin,6,6,Gable,CBlock,1846,3,1,2007,Normal,78.0,Wd Sdng,WD,GdWo,Attchd,BrkFace,1,196,0,1040,0.18846153846153846,0,0,0.1758765243902439,58,58,57,1,2.0,1,0.49999999999999994,0.86602540378443871,0,0,0,1,1,1,1,3,3,3,5,3,4,7,1,2,3,1,2,2,0,11.870599909242044,2,0,1,0
511,14559,Lvl,Inside,NAmes,1Fam,1Story,5,7,Hip,CBlock,1363,2,2,2009,Normal,75.0,Wd Sdng,WD,None,CarPort,BrkCmn,1,650,180,1008,0.82341269841269837,534,1,0.093619067243629367,58,58,9,1,2.0,0,1.2246467991473532e-16,-1.0,1,168,366,1,1,1,1,4,3,3,5,3,3,6,3,1,3,1,2,2,0,12.01309450854769,2,0,49,1
647,7200,Lvl,Inside,NAmes,1Fam,1Story,5,5,Hip,CBlock,1048,3,0,2008,Normal,60.0,MetalSd,WD,None,Detchd,None,2,0,0,0,0.0,27,1,0.14555555555555555,58,58,58,0,1.0,0,-0.49999999999999972,-0.86602540378443882,1,0,27,1,1,1,1,3,3,0,4,3,0,6,0,0,3,1,2,2,0,11.495779306135258,3,0,0,0
1070,9600,Lvl,Inside,NAmes,1Fam,1.5Unf,5,7,Gable,CBlock,893,2,0,2007,Normal,60.0,MetalSd,WD,None,Detchd,None,2,220,0,845,0.26035502958579881,0,0,0.09302083333333333,22,58,4,1,1.5,0,0.49999999999999994,-0.86602540378443871,1,0,0,1,1,1,1,3,3,3,3,4,0,7,1,1,3,1,2,2,0,11.813030057420567,4,0,54,1
1412,9600,Lvl,Inside,NAmes,1Fam,1.5Fin,6,8,Gable,CBlock,1668,3,0,2009,Normal,80.0,VinylSd,WD,MnPrv,Attchd,None,1,120,0,856,0.14018691588785046,0,0,0.17375,59,59,4,1,1.5,0,-1.0,-1.8369701987210297e-16,0,0,0,1,1,1,1,3,4,3,5,3,0,5,1,1,3,1,2,2,0,11.849397701591441,1,0,55,1
486,9600,Lvl,Inside,NAmes,1Fam,1Story,5,7,Gable,CBlock,1113,3,1,2009,Normal,80.0,MetalSd,WD,None,Attchd,None,1,607,0,1113,0.54537286612758307,200,1,0.1159375,59,59,2,1,1.0,0,-0.49999999999999972,-0.86602540378443882,1,120,80,1,1,1,1,4,3,3,4,4,4,7,1,1,3,1,2,2,0,11.898187865760873,3,0,57,1
1276,11345,Lvl,Corner,NAmes,Duplex,2Story,5,5,Gable,CBlock,1920,4,0,2007,Normal,95.0,AsbShng,WD,None,Detchd,Stone,2,220,0,928,0.23706896551724138,0,0,0.16923754958131335,59,59,57,1,2.0,1,-0.49999999999999972,-0.86602540378443882,1,0,0,1,1,0,0,3,3,3,4,3,0,7,1,1,3,1,2,2,0,11.827736204810263,3,0,2,0
1399,7200,Lvl,Inside,NAmes,1Fam,1.5Fin,5,4,Gable,CBlock,1904,3,0,2009,Normal,60.0,VinylSd,WD,GdPrv,Attchd,None,1,180,352,1208,0.44039735099337746,168,1,0.26444444444444443,59,59,27,1,2.5,0,0.49999999999999994,-0.86602540378443871,1,168,0,1,1,1,0,3,3,3,4,3,0,6,4,1,3,1,2,2,0,11.835008964139341,3,0,32,0
1015,11664,Lvl,Inside,NAmes,1Fam,1Story,6,5,Gable,CBlock,1082,2,1,2007,Normal,60.0,MetalSd,WD,None,Detchd,BrkFace,1,336,0,1082,0.31053604436229204,130,1,0.092764060356652953,59,59,57,1,1.0,1,-0.50000000000000044,0.86602540378443837,0,0,130,1,1,1,1,3,3,3,3,3,4,7,1,1,3,1,2,2,0,11.688558033613386,4,0,2,0
1091,8544,Lvl,Corner,NAmes,Duplex,1Story,3,4,Gable,Slab,1040,2,0,2009,Normal,60.0,BrkFace,WD,None,Detchd,None,2,0,0,0,0.0,0,0,0.12172284644194757,22,59,59,0,2.0,0,1.2246467991473532e-16,-1.0,1,0,0,0,0,0,0,3,3,0,2,3,0,7,0,0,3,1,2,2,0,11.439278924801929,5,0,0,0
27,7200,Lvl,Corner,NAmes,1Fam,1Story,5,7,Gable,CBlock,900,3,0,2010,Normal,60.0,Wd Sdng,WD,None,Detchd,None,2,234,486,900,0.8,254,1,0.125,5,59,10,1,1.5,0,0.49999999999999994,-0.86602540378443871,1,0,254,1,1,1,1,3,3,3,3,4,0,7,3,2,3,1,2,2,0,11.811547477460344,4,0,49,1
1413,7200,Lvl,Inside,NAmes,Duplex,1Story,4,5,Gable,Slab,1040,2,0,2009,Normal,60.0,BrkFace,WD,None,Detchd,None,2,0,0,0,0.0,0,0,0.14444444444444443,53,60,59,1,2.0,0,1.2246467991473532e-16,-1.0,1,0,0,0,0,0,0,3,3,0,2,3,0,7,0,0,3,1,2,2,0,11.407564949312402,5,0,1,0
1459,9717,Lvl,Inside,NAmes,1Fam,1Story,5,6,Hip,CBlock,1078,2,0,2010,Normal,68.0,MetalSd,WD,None,Attchd,None,1,49,1029,1078,1.0,478,1,0.11093959040856231,60,60,14,1,2.0,0,0.86602540378443871,-0.49999999999999978,1,112,366,1,1,1,0,3,3,3,4,4,0,7,3,2,3,1,2,2,0,11.864462231052837,3,0,46,1
874,12144,Lvl,Inside,NAmes,1Fam,1Story,5,7,Gable,CBlock,1268,3,1,2009,Normal,60.0,HdBoard,WD,None,Attchd,None,1,375,0,832,0.45072115384615385,28,1,0.1044137022397892,60,60,59,1,1.0,0,-1.0,-1.8369701987210297e-16,0,0,28,1,1,1,1,4,3,3,4,3,4,7,1,1,3,1,2,2,0,11.798104407203891,3,0,1,0
312,8000,Lvl,Inside,NAmes,1Fam,1Story,6,6,Gable,CBlock,972,2,1,2009,Normal,50.0,VinylSd,WD,None,Detchd,None,1,680,0,972,0.69958847736625518,0,0,0.1215,61,61,7,1,2.0,0,0.49999999999999994,-0.86602540378443871,1,0,0,1,1,1,1,3,4,3,5,3,4,7,1,1,3,1,2,2,0,11.790557201568507,1,0,54,1
576,8480,Lvl,Inside,NAmes,1Fam,1.5Fin,5,5,Gable,CBlock,1216,2,0,2008,Abnorml,80.0,MetalSd,COD,None,Detchd,None,1,442,0,832,0.53125,260,1,0.14339622641509434,61,61,58,1,1.0,0,-0.8660254037844386,0.50000000000000011,0,102,158,1,1,1,1,3,3,3,3,3,0,7,1,1,3,1,2,2,0,11.682668239557323,4,0,3,0
659,17503,Lvl,Inside,NAmes,1Fam,1.5Fin,6,5,Gable,CBlock,1458,3,1,2010,Abnorml,78.0,VinylSd,WD,None,Attchd,None,1,0,0,912,0.0,192,1,0.083300005713306285,62,62,60,1,1.5,1,0.49999999999999994,0.86602540378443871,0,0,192,1,1,1,1,3,3,3,3,3,4,7,1,1,3,1,2,2,0,11.487607656985938,4,0,2,0
1428,10930,Bnk,Inside,NAmes,1Fam,1.5Fin,5,6,Gable,CBlock,1558,3,1,2008,Normal,60.0,MetalSd,WD,None,Attchd,None,1,580,0,913,0.63526834611171956,0,0,0.14254345837145471,46,63,58,1,2.5,1,0.86602540378443871,-0.49999999999999978,1,0,0,1,1,1,0,3,3,3,3,3,3,7,1,1,3,1,2,2,1,11.849397701591441,4,0,5,0
468,9480,Lvl,Inside,NAmes,1Fam,2Story,5,7,Gable,CBlock,1644,3,2,2007,Normal,79.0,MetalSd,WD,None,Attchd,Stone,1,386,0,728,0.53021978021978022,168,1,0.17341772151898735,65,65,12,1,1.5,1,1.2246467991473532e-16,-1.0,1,0,168,1,1,1,1,3,3,3,5,4,4,7,1,1,3,1,2,2,0,11.894780707439258,2,0,53,1
492,9490,Lvl,Inside,NAmes,1Fam,1.5Fin,6,7,Gable,CBlock,1578,3,2,2006,Normal,79.0,Wd Sdng,WD,MnPrv,Attchd,None,1,403,165,806,0.70471464019851116,32,1,0.16628029504741834,65,65,56,1,2.0,1,-0.86602540378443837,-0.50000000000000044,0,32,0,1,1,1,0,3,3,3,3,2,3,7,3,1,3,1,2,2,0,11.798104407203891,4,0,9,0
1029,9492,Lvl,Inside,NAmes,1Fam,1.5Fin,5,5,Gable,CBlock,1376,3,1,2007,Normal,79.0,WdShing,WD,None,Attchd,None,1,368,41,768,0.53255208333333337,0,0,0.14496418036241046,66,66,57,1,2.0,1,0.86602540378443871,-0.49999999999999978,1,0,0,1,1,1,1,3,3,3,3,3,4,7,4,1,3,1,2,2,0,11.561715629139661,4,0,9,0
198,25419,Lvl,Corner,NAmes,1Fam,2Story,8,4,Gable,PConc,3112,4,1,2006,Abnorml,174.0,Stucco,WD,GdPrv,Detchd,None,2,1036,184,1360,0.8970588235294118,568,1,0.12242810496085606,88,88,16,1,3.5,1,1.0,6.123233995736766e-17,0,552,16,1,1,1,1,4,4,3,4,4,5,7,2,1,3,1,2,2,0,12.367340793126296,2,0,72,0
1363,12513,Lvl,FR2,NAmes,1Fam,1.5Fin,4,4,Gable,BrkTil,1738,4,1,2009,Normal,73.0,VinylSd,WD,None,Attchd,None,1,0,0,715,0.0,55,1,0.13889554862942541,89,89,2,1,2.0,1,1.2246467991473532e-16,-1.0,1,0,55,1,1,1,1,3,4,3,4,3,4,7,1,1,2,1,2,2,0,11.560762794384388,2,0,87,0
963,2308,Lvl,Corner,NPkVill,TwnhsE,2Story,6,6,Gable,CBlock,1548,3,1,2007,Normal,24.0,Plywood,WD,None,Detchd,None,2,556,0,804,0.69154228855721389,48,1,0.6707105719237435,31,31,31,0,3.5,0,-0.49999999999999972,-0.86602540378443882,1,0,48,1,1,1,1,3,3,4,3,4,3,7,1,1,3,1,2,2,0,11.951180395901384,4,0,0,0
551,4043,Lvl,Inside,NPkVill,TwnhsE,1Story,6,6,Gable,CBlock,1069,2,0,2008,Abnorml,53.0,Plywood,COD,None,Attchd,None,2,559,0,1069,0.52291861552853136,255,1,0.26440761810536728,31,31,31,0,2.0,0,-0.8660254037844386,0.50000000000000011,0,200,55,1,1,1,1,3,3,4,3,3,0,7,1,1,3,2,2,2,0,11.849397701591441,4,0,0,0
127,4928,Lvl,Inside,NPkVill,TwnhsE,1Story,6,5,Gable,CBlock,958,2,1,2007,Normal,24.0,Plywood,WD,None,Attchd,None,2,120,0,1078,0.11131725417439703,205,1,0.19439935064935066,30,31,31,0,2.0,0,0.8660254037844386,0.50000000000000011,0,0,205,1,1,1,1,3,3,4,3,3,3,7,1,1,2,2,2,2,0,11.759785542901755,4,0,0,0
676,2289,Lvl,Inside,NPkVill,Twnhs,2Story,6,6,Gable,CBlock,1441,3,1,2009,Normal,24.0,Plywood,WD,None,Attchd,None,2,311,0,855,0.36374269005847953,28,1,0.62953254696373961,31,31,31,0,2.5,0,0.86602540378443871,-0.49999999999999978,1,0,28,1,1,1,1,3,3,3,3,3,3,7,1,1,3,1,2,2,0,11.908340237224891,4,0,0,0
1161,2280,Lvl,Inside,NPkVill,Twnhs,2Story,6,5,Gable,CBlock,1456,3,1,2010,Normal,24.0,Plywood,WD,None,Attchd,None,2,311,0,855,0.36374269005847953,26,1,0.63859649122807016,32,32,32,0,2.5,0,-0.49999999999999972,-0.86602540378443882,1,0,26,1,1,1,1,3,3,4,2,3,3,7,1,1,3,1,2,2,0,11.891361900690473,5,0,0,0
1432,4928,Lvl,Inside,NPkVill,TwnhsE,1Story,6,6,Gable,CBlock,958,2,0,2009,Normal,24.0,Plywood,WD,None,Attchd,None,2,958,0,958,1.0,60,1,0.19439935064935066,33,33,33,0,2.0,0,-0.8660254037844386,0.50000000000000011,0,0,60,1,1,1,1,3,3,4,3,3,0,7,1,1,2,2,2,2,0,11.875830958659597,4,0,0,0
1422,4043,Lvl,Inside,NPkVill,TwnhsE,1Story,6,5,Gable,CBlock,1069,2,1,2010,Normal,53.0,Plywood,WD,None,Attchd,None,2,360,0,1069,0.33676333021515437,220,1,0.26440761810536728,33,33,33,0,2.0,0,-0.49999999999999972,-0.86602540378443882,1,165,55,1,1,1,1,3,3,4,3,3,2,7,1,1,3,2,2,2,0,11.755871643580617,4,0,0,0
196,2280,Lvl,FR2,NPkVill,Twnhs,2Story,6,6,Gable,CBlock,1456,3,1,2009,Normal,24.0,Plywood,WD,None,Attchd,None,2,566,0,855,0.66198830409356724,87,1,0.63859649122807016,33,33,33,0,2.5,0,-0.49999999999999972,-0.86602540378443882,1,0,87,1,1,1,1,3,3,4,3,3,3,7,1,1,3,1,2,2,0,11.908340237224891,4,0,0,0
505,2308,Lvl,Inside,NPkVill,TwnhsE,2Story,6,5,Gable,CBlock,1322,3,1,2009,Normal,24.0,Plywood,WD,None,Attchd,None,2,257,495,855,0.87953216374269,260,1,0.57279029462738307,35,35,35,0,3.0,0,1.2246467991473532e-16,-1.0,1,0,260,1,1,1,1,3,3,3,3,3,2,7,3,1,3,1,2,2,0,11.898187865760873,4,0,0,0
1016,8400,Lvl,Inside,NWAmes,1Fam,2Story,8,6,Gable,PConc,1665,3,0,2009,Normal,70.0,VinylSd,WD,None,Attchd,None,2,643,0,810,0.79382716049382718,45,1,0.1982142857142857,8,8,8,0,3.5,0,-0.50000000000000044,0.86602540378443837,0,0,45,1,1,1,1,4,3,4,5,4,0,7,1,1,3,3,2,2,0,12.332705296463539,2,0,0,0
543,10140,Lvl,Inside,NWAmes,1Fam,1Story,7,5,Hip,PConc,1680,3,1,2009,Normal,78.0,VinylSd,WD,None,Attchd,None,2,144,1127,1650,0.77030303030303027,151,1,0.16568047337278108,11,11,10,1,3.0,1,1.2246467991473532e-16,-1.0,1,0,151,1,1,1,1,4,3,5,5,4,3,3,6,1,3,3,2,2,0,12.270220465353926,2,0,1,0
546,13837,Lvl,Corner,NWAmes,1Fam,1.5Fin,7,5,Gable,PConc,2183,4,0,2006,Normal,80.0,HdBoard,WD,None,Attchd,BrkFace,3,1002,202,1204,1.0,0,0,0.15776541157765411,18,18,18,0,2.5,0,0.8660254037844386,0.50000000000000011,0,0,0,1,1,1,1,4,4,4,4,4,0,7,2,1,2,1,2,2,0,12.341477282536376,2,0,0,0
246,10400,Lvl,Inside,NWAmes,1Fam,1Story,7,5,Gable,CBlock,1872,3,1,2006,Normal,80.0,Wd Sdng,WD,None,Attchd,BrkFace,2,929,0,1845,0.50352303523035236,236,1,0.18,18,18,18,0,2.5,0,1.2246467991473532e-16,-1.0,1,0,236,1,1,1,1,3,3,4,4,3,3,7,1,3,3,3,2,2,0,12.394624752074764,3,0,0,0
767,10421,Lvl,Inside,NWAmes,1Fam,2Story,7,5,Gable,CBlock,1714,3,1,2010,Normal,80.0,HdBoard,WD,MnPrv,Attchd,BrkFace,2,394,0,980,0.4020408163265306,450,1,0.16447557815948566,22,22,22,0,2.5,0,1.0,6.123233995736766e-17,0,156,294,1,1,1,1,3,3,4,3,3,3,7,1,1,3,1,2,2,0,12.188417710291453,4,0,0,0
1410,20544,Lvl,CulDSac,NWAmes,1Fam,2Story,7,6,Gable,CBlock,2093,3,1,2008,Normal,46.0,Plywood,WD,MnPrv,Attchd,BrkFace,2,0,0,791,0.0,427,1,0.10187889408099689,22,22,17,1,2.5,0,-0.50000000000000044,0.86602540378443837,0,0,427,1,1,1,1,3,4,4,4,3,3,7,1,1,2,3,2,2,0,12.2783933071098,2,0,5,0
339,14145,Lvl,Corner,NWAmes,1Fam,1Story,7,7,Gable,CBlock,1621,3,0,2006,Normal,91.0,Wd Sdng,WD,None,Attchd,None,2,213,0,1208,0.17632450331125829,153,1,0.11459879816189467,22,22,8,1,3.0,0,0.49999999999999994,-0.86602540378443871,1,0,153,1,1,1,1,4,3,4,5,4,0,7,1,2,3,2,2,2,0,12.218495165528731,2,0,14,0
1246,12090,Lvl,Inside,NWAmes,1Fam,SLvl,6,7,Hip,CBlock,1868,3,1,2007,Abnorml,78.0,VinylSd,WD,None,BuiltIn,BrkFace,2,0,0,585,0.0,527,1,0.15450785773366418,23,23,4,1,3.5,0,0.49999999999999994,0.86602540378443871,0,147,380,1,1,1,1,3,3,4,5,3,3,7,1,1,3,3,2,2,0,12.089538829274222,2,0,19,0
1430,12546,Lvl,Corner,NWAmes,1Fam,1Story,6,7,Gable,CBlock,1440,3,1,2007,Normal,80.0,MetalSd,WD,None,Attchd,BrkFace,2,678,0,1440,0.47083333333333333,99,1,0.11477761836441894,26,26,26,0,2.0,0,0.86602540378443871,-0.49999999999999978,1,99,0,1,1,1,1,4,4,4,5,4,3,7,1,1,2,3,2,2,0,12.116694834378958,1,0,0,0
925,10240,Lvl,Inside,NWAmes,1Fam,1Story,6,6,Gable,CBlock,1686,3,1,2006,Normal,79.0,Plywood,WD,None,Attchd,BrkFace,2,625,1061,1686,1.0,515,1,0.1646484375,26,26,26,0,3.0,0,0.49999999999999994,-0.86602540378443871,1,0,515,1,1,1,1,3,4,4,3,3,3,7,2,1,3,1,2,2,0,12.242886618652889,3,0,0,0
266,12090,Lvl,Inside,NWAmes,1Fam,1Story,6,6,Gable,CBlock,1422,3,1,2008,Normal,78.0,MetalSd,WD,GdPrv,Attchd,BrkFace,2,588,228,1422,0.57383966244725737,276,1,0.11761786600496278,27,27,27,0,2.0,0,1.2246467991473532e-16,-1.0,1,0,276,1,1,1,1,3,4,4,3,4,3,7,2,1,2,3,2,2,0,12.075394321888057,3,0,0,0
1440,11584,Lvl,Inside,NWAmes,1Fam,SLvl,7,6,Hip,CBlock,1725,3,1,2007,Normal,80.0,HdBoard,WD,None,Attchd,BrkFace,2,315,110,539,0.78849721706864562,304,1,0.14891229281767956,28,28,28,0,2.5,0,-0.50000000000000044,0.86602540378443837,0,216,88,1,1,1,1,3,3,3,3,3,3,7,3,1,3,2,2,2,0,12.190959007720126,4,0,0,0
1387,16692,Lvl,Inside,NWAmes,1Fam,2Story,7,5,Gable,CBlock,2784,5,2,2006,Normal,80.0,Plywood,WD,MnPrv,Attchd,BrkFace,2,790,469,1392,0.90445402298850575,552,1,0.1667864845434939,28,28,28,0,4.5,1,-0.49999999999999972,-0.86602540378443882,1,440,112,1,1,1,1,3,3,4,3,4,3,7,2,1,2,2,2,2,0,12.429216196844383,4,0,0,0
1045,9600,Lvl,Inside,NWAmes,1Fam,1Story,8,5,Hip,PConc,2524,4,1,2009,Normal,80.0,BrkFace,WD,MnPrv,Attchd,None,2,1104,0,2524,0.43740095087163233,594,1,0.26291666666666669,28,28,28,0,3.5,0,-0.49999999999999972,-0.86602540378443882,1,0,594,1,1,1,1,4,3,4,3,4,4,7,1,1,3,3,2,2,0,12.535376392672774,4,0,0,0
317,13005,Lvl,Corner,NWAmes,1Fam,2Story,7,7,Gable,CBlock,2353,4,1,2009,Normal,94.0,CemntBd,WD,GdPrv,Attchd,BrkFace,2,692,0,845,0.81893491124260354,483,1,0.18093041138023838,26,29,29,0,3.5,0,-0.86602540378443837,-0.50000000000000044,0,0,483,1,1,1,1,4,3,4,3,5,3,7,1,1,2,2,2,2,0,12.468436909997665,4,0,0,0
320,14115,Lvl,Inside,NWAmes,1Fam,SLvl,7,5,Gable,CBlock,1472,3,2,2009,Normal,80.0,Plywood,WD,None,Attchd,BrkFace,2,1036,0,1372,0.75510204081632648,281,1,0.1042862203329791,29,29,29,0,3.0,0,1.2246467991473532e-16,-1.0,1,0,281,1,1,1,1,3,3,4,3,3,3,7,1,3,3,1,2,2,0,12.141534124392603,4,0,0,0
294,16659,Lvl,Corner,NWAmes,1Fam,2Story,7,7,Gable,CBlock,2263,3,1,2006,Normal,80.0,Plywood,WD,None,Attchd,BrkFace,2,795,0,795,1.0,250,1,0.13584248754427036,29,29,12,1,3.5,0,1.0,6.123233995736766e-17,0,0,250,1,1,1,1,3,3,3,2,4,3,7,1,1,2,3,2,2,0,12.367340793126296,5,0,17,0
612,10395,Lvl,FR2,NWAmes,1Fam,SLvl,6,6,Gable,CBlock,1032,3,1,2007,Normal,80.0,HdBoard,WD,MnPrv,Attchd,BrkFace,2,605,0,1032,0.58624031007751942,0,0,0.099278499278499285,29,29,29,0,2.5,0,-0.49999999999999972,-0.86602540378443882,1,0,0,1,1,1,1,3,3,4,3,3,3,7,1,3,2,1,2,2,0,11.904967552746252,4,0,0,0
472,11952,Lvl,Inside,NWAmes,1Fam,2Story,7,6,Mansard,CBlock,1969,3,1,2007,Normal,92.0,WdShing,WD,None,Attchd,None,2,0,0,808,0.0,276,1,0.16474230254350736,30,30,30,0,2.5,0,-0.50000000000000044,0.86602540378443837,0,276,0,1,1,1,1,3,3,4,3,3,4,7,1,1,3,2,2,2,0,12.154779351142624,4,0,0,0
365,18800,Lvl,FR2,NWAmes,1Fam,2Story,6,5,Gable,PConc,1574,3,1,2006,Normal,80.0,HdBoard,WD,None,Attchd,BrkFace,2,712,0,796,0.89447236180904521,417,1,0.083723404255319142,30,30,30,0,3.5,0,-0.49999999999999972,-0.86602540378443882,1,0,417,1,1,1,1,3,3,4,3,3,3,7,1,2,2,3,2,2,0,12.154779351142624,4,0,0,0
125,17043,Lvl,CulDSac,NWAmes,1Fam,1Story,6,5,Gable,CBlock,1586,3,1,2009,Normal,48.0,HdBoard,WD,None,Attchd,None,2,0,0,1362,0.0,192,1,0.093058733790999243,30,30,11,1,2.0,0,0.49999999999999994,0.86602540378443871,0,0,192,1,1,1,1,3,4,4,3,3,3,7,1,1,2,1,2,2,0,12.106252310247962,3,0,19,0
1294,10140,Lvl,Inside,NWAmes,1Fam,2Story,7,5,Gable,PConc,1664,4,1,2006,Normal,78.0,HdBoard,WD,GdWo,Attchd,None,2,194,0,832,0.23317307692307693,287,1,0.1641025641025641,30,30,30,0,2.5,0,1.0,6.123233995736766e-17,0,259,28,1,1,1,1,3,3,4,3,3,3,7,1,1,3,2,2,2,0,12.000891794590137,4,0,0,0
926,15611,Lvl,Corner,NWAmes,1Fam,1Story,5,6,Gable,PConc,1126,3,0,2008,Abnorml,80.0,VinylSd,WD,None,Attchd,None,2,767,93,1126,0.7637655417406749,180,1,0.072128627250016009,31,31,31,0,2.5,0,1.0,6.123233995736766e-17,0,0,180,1,1,1,1,3,3,4,3,5,0,7,2,3,2,2,2,2,0,12.072541252905651,4,0,0,0
1004,11500,Lvl,Corner,NWAmes,Duplex,1Story,5,6,Gable,CBlock,1680,4,0,2007,Normal,80.0,VinylSd,WD,None,Detchd,BrkFace,2,0,0,1680,0.0,0,0,0.14608695652173914,31,31,31,0,2.0,1,1.2246467991473532e-16,-1.0,1,0,0,1,1,0,1,3,3,3,2,3,0,7,1,1,2,1,2,2,0,11.827042533619087,5,0,0,0
223,11475,Lvl,Inside,NWAmes,1Fam,2Story,6,6,Gable,CBlock,1552,3,1,2006,Normal,85.0,VinylSd,WD,MnPrv,Attchd,None,2,550,0,713,0.77138849929873776,417,1,0.13525054466230937,31,31,31,0,3.5,1,0.8660254037844386,0.50000000000000011,0,0,417,1,1,1,1,3,3,4,3,3,3,7,1,1,3,2,2,2,0,12.100156419938624,4,0,0,0
962,12227,Lvl,Corner,NWAmes,1Fam,2Story,6,7,Gable,CBlock,2872,4,1,2008,Normal,80.0,HdBoard,WD,None,Attchd,BrkFace,2,896,0,1330,0.67368421052631577,832,1,0.23488999754641368,31,31,13,1,3.5,0,-0.49999999999999972,-0.86602540378443882,1,0,832,1,1,1,1,3,4,4,3,3,3,7,1,1,2,3,2,2,0,12.513557345278134,3,0,18,0
1100,11880,Lvl,Inside,NWAmes,1Fam,1Story,7,5,Gable,CBlock,1601,3,1,2009,Abnorml,82.0,Plywood,COD,None,Attchd,BrkFace,2,704,0,1271,0.55389457120377661,0,0,0.13476430976430975,31,31,31,0,2.0,1,0.86602540378443871,-0.49999999999999978,1,0,0,1,1,1,1,3,3,4,3,3,3,7,1,1,2,2,2,2,0,11.964001084330445,4,0,0,0
989,12046,Lvl,Inside,NWAmes,1Fam,2Story,6,6,Gable,CBlock,2030,4,1,2007,Normal,80.0,Plywood,WD,None,Attchd,BrkFace,2,156,0,848,0.18396226415094338,224,1,0.16852067076207869,31,31,31,0,2.5,0,1.2246467991473532e-16,-1.0,1,0,224,1,1,1,1,3,3,3,3,4,3,7,1,1,2,3,2,2,0,12.180754837545884,4,0,0,0
661,12384,Lvl,CulDSac,NWAmes,1Fam,2Story,7,7,Gable,CBlock,1935,3,1,2007,Normal,80.0,Plywood,WD,None,Attchd,BrkFace,2,0,0,793,0.0,365,1,0.15625,31,31,31,0,2.5,0,-0.50000000000000044,0.86602540378443837,0,252,113,1,1,1,1,3,3,4,3,3,3,7,1,1,3,2,2,2,0,12.195517131590657,4,0,0,0
1205,10140,Lvl,Inside,NWAmes,1Fam,1Story,5,6,Gable,CBlock,1074,3,0,2006,Normal,78.0,HdBoard,WD,MnPrv,Attchd,None,2,788,0,1056,0.74621212121212122,88,1,0.1059171597633136,31,31,31,0,2.5,0,-0.49999999999999972,-0.86602540378443882,1,0,88,1,1,1,1,3,3,4,5,3,0,7,1,1,3,2,2,2,0,11.941455846009388,2,0,0,0
1112,10480,Lvl,Inside,NWAmes,1Fam,2Story,7,6,Hip,CBlock,1964,4,1,2008,Normal,80.0,Plywood,WD,None,Attchd,BrkFace,2,403,0,803,0.50186799501868,69,1,0.18740458015267175,32,32,32,0,2.5,0,-1.0,-1.8369701987210297e-16,0,0,69,1,1,1,1,3,3,3,3,3,4,7,1,1,3,2,2,2,0,12.230765258120545,4,0,0,0
1457,13175,Lvl,Inside,NWAmes,1Fam,1Story,6,6,Gable,CBlock,2073,3,2,2010,Normal,85.0,Plywood,WD,MnPrv,Attchd,Stone,2,790,163,1542,0.61802853437094685,349,1,0.15734345351043644,32,32,22,1,3.0,0,0.8660254037844386,0.50000000000000011,0,0,349,1,1,1,1,3,3,4,3,3,3,6,3,1,3,1,2,2,0,12.254862809699606,4,0,10,0
811,10140,Lvl,Inside,NWAmes,1Fam,1Story,6,6,Hip,CBlock,1309,3,1,2006,Normal,78.0,HdBoard,WD,GdPrv,Attchd,BrkFace,2,663,377,1040,1.0,265,1,0.12909270216962523,32,32,7,1,2.5,0,0.49999999999999994,0.86602540378443871,0,0,265,1,1,1,1,3,3,3,2,4,2,7,2,1,3,2,2,2,0,12.106252310247962,5,0,25,0
746,8963,Lvl,Inside,NWAmes,1Fam,2Story,8,9,Hip,CBlock,2715,4,2,2008,Normal,80.0,VinylSd,WD,None,BuiltIn,BrkFace,2,575,80,1142,0.5735551663747811,204,1,0.30291197143813453,14,32,12,1,4.0,0,-0.49999999999999972,-0.86602540378443882,1,0,204,1,1,1,1,5,4,3,5,4,3,7,5,1,2,3,2,2,0,12.610870864650634,1,0,20,0
422,16635,Lvl,FR2,NWAmes,1Fam,1Story,6,7,Gable,CBlock,1602,3,1,2009,Normal,80.0,CemntBd,WD,None,Attchd,Stone,2,1246,0,1602,0.77777777777777779,240,1,0.096302975653742115,32,32,9,1,2.5,0,1.2246467991473532e-16,-1.0,1,0,240,1,1,1,1,4,3,4,4,4,3,7,1,1,2,3,2,2,0,12.2783933071098,3,0,23,0
1336,9650,Lvl,Inside,NWAmes,1Fam,1Story,6,5,Gable,CBlock,1334,2,1,2009,Normal,80.0,Plywood,WD,None,Attchd,BrkFace,2,686,0,1350,0.50814814814814813,16,1,0.13823834196891191,32,32,32,0,2.5,0,0.86602540378443871,-0.49999999999999978,1,0,16,1,1,1,1,3,3,4,3,3,3,7,1,1,3,2,2,2,0,12.031123843065632,4,0,0,0
633,11900,Lvl,Inside,NWAmes,1Fam,1Story,7,5,Hip,CBlock,1411,3,1,2009,Family,85.0,Plywood,WD,None,Attchd,BrkFace,2,822,0,1386,0.59307359307359309,192,1,0.11857142857142858,32,32,32,0,2.0,0,0.86602540378443871,-0.49999999999999978,1,0,192,1,1,1,1,3,4,3,3,3,3,7,1,1,3,3,2,2,0,11.320553572322773,3,0,0,0
1056,11361,Lvl,Inside,NWAmes,1Fam,1Story,6,5,Gable,CBlock,1523,3,1,2008,Abnorml,104.0,Plywood,COD,MnPrv,Attchd,BrkFace,2,644,0,1193,0.539815590947192,189,1,0.13405510078338173,32,32,32,0,2.5,0,0.49999999999999994,-0.86602540378443871,1,189,0,1,1,1,1,3,3,4,3,3,3,7,1,1,3,3,2,2,0,12.100712129872347,4,0,0,0
110,11751,Lvl,Inside,NWAmes,1Fam,1Story,6,6,Hip,CBlock,1844,3,1,2010,Normal,105.0,Plywood,COD,MnPrv,Attchd,BrkFace,2,705,0,1844,0.38232104121475052,122,1,0.15692281507956771,33,33,33,0,2.0,0,0.49999999999999994,0.86602540378443871,0,0,122,1,1,1,1,3,3,4,5,3,3,7,1,1,2,2,2,2,0,12.154779351142624,2,0,0,0
101,10603,Lvl,Inside,NWAmes,1Fam,1Story,6,7,Gable,PConc,1610,3,2,2010,Normal,80.0,Plywood,WD,None,Attchd,BrkFace,2,1200,0,1610,0.74534161490683226,236,1,0.15184381778741865,33,33,9,1,3.0,0,0.8660254037844386,0.50000000000000011,0,0,236,1,1,1,1,3,3,3,4,4,3,7,1,2,2,2,2,2,0,12.230765258120545,3,0,24,0
1142,10304,Lvl,CulDSac,NWAmes,1Fam,2Story,5,7,Gable,CBlock,1868,4,1,2009,Normal,80.0,Plywood,WD,None,Attchd,BrkFace,2,381,0,780,0.48846153846153845,544,1,0.18128881987577639,33,33,33,0,3.5,0,-0.8660254037844386,0.50000000000000011,0,0,544,1,1,1,1,3,4,3,5,4,3,7,1,1,2,1,2,2,0,12.193493863323313,1,0,0,0
859,10400,Lvl,Inside,NWAmes,1Fam,1Story,7,5,Gable,CBlock,1370,3,1,2009,Family,80.0,HdBoard,WD,MnPrv,Attchd,BrkFace,2,0,0,1090,0.0,0,0,0.13173076923076923,33,33,33,0,2.0,0,1.2246467991473532e-16,-1.0,1,0,0,1,1,1,1,3,3,4,3,3,3,7,1,1,3,2,2,2,0,11.931635799828413,4,0,0,0
456,9600,Lvl,Inside,NWAmes,1Fam,1Story,7,6,Hip,CBlock,1242,3,1,2007,Normal,80.0,HdBoard,WD,None,Attchd,BrkFace,2,916,0,1242,0.7375201288244766,0,0,0.129375,34,34,34,0,1.5,0,-1.0,-1.8369701987210297e-16,0,0,0,1,1,1,1,3,3,3,2,3,3,7,1,1,3,1,2,2,0,12.075394321888057,5,0,0,0
1160,9120,Lvl,Inside,NWAmes,1Fam,2Story,6,6,Hip,CBlock,1876,4,1,2008,Normal,76.0,HdBoard,WD,None,Attchd,BrkFace,2,442,0,901,0.49056603773584906,69,1,0.20570175438596491,34,34,34,0,2.5,0,-0.49999999999999972,-0.86602540378443882,1,0,69,1,1,1,1,4,3,3,3,4,3,7,1,1,3,2,2,2,0,12.128111104060462,4,0,0,0
622,10800,Lvl,Inside,NWAmes,1Fam,2Story,6,7,Gable,CBlock,2614,4,1,2008,Normal,90.0,HdBoard,WD,None,Attchd,None,2,956,182,1522,0.74770039421813406,281,1,0.24203703703703705,34,34,11,1,2.5,0,1.2246467991473532e-16,-1.0,1,0,281,1,1,1,1,3,3,3,3,3,3,7,3,1,3,2,2,2,0,12.388394202324129,4,0,23,0
625,10400,Lvl,Inside,NWAmes,1Fam,2Story,6,5,Gable,CBlock,1790,4,1,2006,Normal,80.0,VinylSd,WD,None,Attchd,None,2,247,0,732,0.337431693989071,295,1,0.17211538461538461,34,34,34,0,3.0,0,-0.50000000000000044,0.86602540378443837,0,147,148,1,1,1,1,3,3,3,4,3,3,5,1,1,3,2,2,2,0,12.014609430818936,3,0,0,0
153,14803,Lvl,CulDSac,NWAmes,1Fam,2Story,6,5,Gable,CBlock,1993,4,1,2006,Normal,80.0,HdBoard,WD,GdWo,Attchd,BrkFace,2,416,0,825,0.50424242424242427,66,1,0.13463487130986962,35,35,35,0,2.5,0,1.2246467991473532e-16,-1.0,1,0,66,1,1,1,1,3,3,3,4,3,4,7,1,1,2,2,2,2,0,12.154779351142624,3,0,0,0
1337,9246,Lvl,Inside,NWAmes,Duplex,1Story,5,5,Gable,CBlock,1656,4,0,2008,Normal,87.0,Plywood,WD,None,Detchd,BrkFace,2,0,0,1656,0.0,211,1,0.17910447761194029,35,35,35,0,2.0,1,-0.50000000000000044,0.86602540378443837,0,0,211,1,1,0,1,3,3,3,3,3,0,7,1,1,2,1,2,2,0,11.813030057420567,4,0,0,0
718,10000,Lvl,Inside,NWAmes,1Fam,1Story,5,6,Gable,CBlock,1178,3,1,2008,Normal,80.0,HdBoard,WD,MnPrv,Attchd,None,2,1084,0,1176,0.92176870748299322,224,1,0.1178,35,35,8,1,2.0,0,-0.50000000000000044,0.86602540378443837,0,0,224,1,1,1,1,3,3,4,4,4,2,7,1,1,3,1,2,2,0,11.964001084330445,3,0,27,0
716,10140,Lvl,Inside,NWAmes,1Fam,1Story,6,5,Hip,CBlock,1350,3,1,2009,Normal,78.0,HdBoard,WD,MnPrv,Attchd,BrkFace,2,0,0,1064,0.0,0,0,0.13313609467455623,35,35,35,0,2.0,0,-0.86602540378443837,-0.50000000000000044,0,0,0,1,1,1,1,3,3,4,3,3,3,7,1,1,3,2,2,2,0,12.013700752882718,4,0,0,0
1243,10625,Lvl,Inside,NWAmes,1Fam,SFoyer,7,6,Gable,CBlock,1173,3,2,2010,Family,85.0,Plywood,WD,MnPrv,Attchd,BrkFace,2,885,168,1053,1.0,120,1,0.1104,36,36,36,0,3.0,0,0.49999999999999994,0.86602540378443871,0,0,120,1,1,1,1,3,3,4,3,4,3,7,2,4,3,2,2,2,0,12.043553716032399,4,0,0,0
8,10382,Lvl,Corner,NWAmes,1Fam,2Story,7,6,Gable,CBlock,2090,3,2,2009,Normal,80.0,HdBoard,WD,None,Attchd,Stone,2,859,32,1107,0.80487804878048785,667,1,0.20130995954536698,36,36,36,0,3.5,0,-0.50000000000000044,0.86602540378443837,0,228,439,1,1,1,1,3,3,4,5,3,3,7,4,2,2,2,2,2,0,12.206072645530174,2,0,0,0
488,12243,Lvl,Inside,NWAmes,1Fam,1Story,5,6,Gable,CBlock,1484,3,1,2007,Normal,70.0,Plywood,WD,None,Attchd,None,2,998,0,1484,0.6725067385444744,404,1,0.12121212121212122,36,36,36,0,2.0,0,0.8660254037844386,0.50000000000000011,0,180,224,1,1,1,1,3,3,4,4,3,3,7,1,3,2,1,2,2,0,12.072541252905651,3,0,0,0
1081,11040,Lvl,Inside,NWAmes,1Fam,1Story,6,7,Gable,CBlock,1258,3,0,2008,Abnorml,80.0,VinylSd,COD,None,Attchd,BrkFace,2,656,0,1258,0.52146263910969792,271,1,0.11394927536231884,37,37,4,1,2.5,0,-0.8660254037844386,0.50000000000000011,0,216,55,1,1,1,1,4,4,3,5,4,0,7,1,1,3,2,2,2,0,11.884489021402711,1,0,33,0
1277,12936,Lvl,CulDSac,NWAmes,1Fam,2Story,6,6,Gable,CBlock,1395,3,1,2009,Normal,80.0,HdBoard,WD,None,Attchd,None,2,593,0,723,0.82019363762102349,410,1,0.10783858998144713,37,37,37,0,2.0,0,-2.4492935982947064e-16,1.0,0,0,410,1,1,1,1,3,3,3,3,3,3,7,1,1,2,1,2,2,0,11.99535161421452,4,0,0,0
517,10448,Lvl,Corner,NWAmes,1Fam,SLvl,6,6,Gable,CBlock,2119,3,1,2009,Abnorml,80.0,HdBoard,COD,GdPrv,Attchd,BrkFace,2,0,0,689,0.0,104,1,0.20281393568147013,37,37,37,0,2.5,0,-0.86602540378443837,-0.50000000000000044,0,0,104,1,1,1,1,3,3,3,3,3,3,7,1,1,2,2,2,2,0,11.970350312009105,4,0,0,0
702,9600,Lvl,Inside,NWAmes,1Fam,1Story,7,5,Hip,CBlock,1164,3,0,2006,Normal,80.0,HdBoard,COD,None,Attchd,BrkFace,2,0,0,1164,0.0,0,0,0.12125,37,37,37,0,1.5,0,-0.49999999999999972,-0.86602540378443882,1,0,0,1,1,1,1,3,3,3,3,3,0,7,1,1,3,1,2,2,0,11.849397701591441,4,0,0,0
860,11029,Lvl,Corner,NWAmes,1Fam,2Story,6,7,Gable,CBlock,2654,4,1,2006,Normal,80.0,HdBoard,WD,None,Attchd,BrkFace,2,619,0,1054,0.58728652751423149,287,1,0.24063831716384079,38,38,22,1,3.5,0,-0.86602540378443837,-0.50000000000000044,0,222,65,1,1,1,1,3,3,3,3,4,4,7,1,2,2,1,2,2,0,12.429216196844383,4,0,16,0
136,10400,Lvl,Inside,NWAmes,1Fam,1Story,7,6,Hip,PConc,1682,3,1,2008,Normal,80.0,Plywood,WD,MnPrv,Attchd,BrkFace,2,0,0,1304,0.0,98,1,0.16173076923076923,38,38,38,0,2.0,0,0.49999999999999994,-0.86602540378443871,1,0,98,1,1,1,1,3,3,3,4,3,4,7,1,1,3,1,2,2,0,12.066810578196666,3,0,0,0
644,10793,Lvl,Inside,NWAmes,1Fam,2Story,5,5,Mansard,CBlock,1620,4,0,2007,Normal,80.0,WdShing,WD,GdWo,Attchd,BrkFace,2,493,287,780,1.0,208,1,0.15009728527749466,38,38,38,0,2.5,1,0.86602540378443871,-0.49999999999999978,1,0,208,1,1,1,1,3,3,3,5,3,0,6,4,1,3,3,2,2,0,11.931635799828413,2,0,0,0
950,9360,Lvl,Inside,NWAmes,1Fam,1Story,6,7,Hip,CBlock,1381,3,1,2010,Normal,78.0,Plywood,WD,None,Attchd,None,2,982,0,1161,0.84582256675279932,0,0,0.14754273504273505,38,38,4,1,2.5,0,1.0,6.123233995736766e-17,0,0,0,1,1,1,1,3,3,3,3,4,3,7,1,1,3,2,2,2,0,12.193493863323313,4,0,34,0
1347,20781,Lvl,CulDSac,NWAmes,1Fam,1Story,7,7,Hip,CBlock,2156,3,1,2006,Normal,80.0,BrkFace,WD,None,Attchd,None,2,297,68,1568,0.23278061224489796,370,1,0.10374861652471007,38,38,3,1,2.0,0,1.2246467991473532e-16,-1.0,1,290,80,1,1,1,1,3,3,3,3,3,4,7,3,1,1,2,2,2,0,12.478006361013815,4,0,35,0
1421,11700,Lvl,Corner,NWAmes,1Fam,2Story,6,6,Gable,CBlock,1416,3,1,2006,Normal,90.0,HdBoard,WD,None,Attchd,BrkFace,2,404,0,708,0.57062146892655363,288,1,0.12102564102564102,38,38,38,0,2.5,0,0.49999999999999994,-0.86602540378443871,1,119,169,1,1,1,1,3,3,3,4,3,3,7,1,1,3,2,2,2,0,12.100156419938624,3,0,0,0
1356,10192,Lvl,Inside,NWAmes,1Fam,SLvl,7,6,Gable,CBlock,1920,4,1,2006,Normal,102.0,MetalSd,WD,GdPrv,Attchd,BrkFace,2,0,0,570,0.0,98,1,0.18838304552590268,38,38,14,1,3.0,0,-1.0,-1.8369701987210297e-16,0,0,98,1,1,1,1,3,3,3,4,4,3,7,1,1,2,2,2,2,0,12.043553716032399,3,0,24,0
998,11717,Lvl,Inside,NWAmes,1Fam,1Story,6,6,Hip,CBlock,1442,2,1,2009,Normal,80.0,HdBoard,WD,None,Attchd,BrkFace,2,0,0,1442,0.0,371,1,0.12306904497738329,39,39,39,0,2.0,0,0.8660254037844386,0.50000000000000011,0,0,371,1,1,1,1,3,3,3,3,3,3,7,1,1,2,2,2,2,0,12.128111104060462,4,0,0,0
299,11700,Lvl,Inside,NWAmes,1Fam,2Story,6,6,Mansard,CBlock,1743,3,1,2007,Normal,90.0,HdBoard,WD,None,Attchd,BrkFace,2,384,175,702,0.79629629629629628,224,1,0.14897435897435898,39,39,39,0,2.5,0,1.2246467991473532e-16,-1.0,1,0,224,1,1,1,1,4,3,3,4,3,4,7,3,1,3,1,2,2,0,12.072541252905651,3,0,0,0
928,9900,Lvl,Inside,NWAmes,1Fam,2Story,7,5,Gable,CBlock,1978,4,1,2008,Normal,80.0,MetalSd,WD,GdPrv,Attchd,BrkFace,2,552,0,832,0.66346153846153844,43,1,0.19979797979797981,40,40,40,0,2.5,1,0.86602540378443871,-0.49999999999999978,1,0,43,1,1,1,1,3,3,3,4,3,4,7,1,1,3,2,2,2,0,12.078239274020289,3,0,0,0
1272,9156,Lvl,Inside,NWAmes,1Fam,1Story,6,7,Hip,CBlock,1489,3,1,2009,Normal,80.0,BrkFace,WD,None,Attchd,None,2,0,0,1489,0.0,0,0,0.1626256006989952,41,41,41,0,2.0,0,-0.86602540378443837,-0.50000000000000044,0,0,0,1,1,1,1,3,3,3,4,4,4,7,1,1,2,2,2,2,0,12.132156962580005,3,0,0,0
1072,11700,Lvl,Inside,NWAmes,1Fam,2Story,6,6,Gable,CBlock,1556,4,0,2009,Normal,78.0,MetalSd,WD,None,Attchd,None,2,298,0,727,0.40990371389270974,0,0,0.13299145299145299,41,41,41,0,1.5,1,0.49999999999999994,-0.86602540378443871,1,0,0,1,1,1,1,3,3,3,5,3,0,7,1,1,3,1,2,2,0,11.944707881395766,2,0,0,0
1042,9130,Lvl,Inside,NWAmes,1Fam,2Story,6,8,Hip,CBlock,1632,4,0,2008,Normal,80.0,HdBoard,WD,None,Attchd,BrkFace,2,400,64,800,0.58,40,1,0.17875136911281489,42,42,8,1,2.0,1,-0.49999999999999972,-0.86602540378443882,1,0,40,1,1,1,1,3,3,3,4,4,0,7,3,1,3,1,2,2,0,12.061046873479915,3,0,34,0
1278,17871,Lvl,CulDSac,NWAmes,1Fam,SLvl,6,5,Gable,CBlock,1724,3,1,2009,Normal,80.0,HdBoard,WD,None,Attchd,BrkFace,2,528,0,1680,0.31428571428571428,0,0,0.09646913994740082,42,42,33,1,2.5,0,1.2246467991473532e-16,-1.0,1,0,0,1,1,1,1,3,3,4,2,3,4,7,1,3,2,2,2,2,0,12.195517131590657,5,0,9,0
786,9790,Lvl,Inside,NWAmes,1Fam,1Story,6,5,Gable,CBlock,1342,3,1,2009,Normal,80.0,BrkFace,WD,None,Attchd,None,2,251,630,1372,0.642128279883382,197,1,0.13707865168539327,42,42,42,0,2.0,1,-1.0,-1.8369701987210297e-16,0,197,0,1,1,1,1,3,3,3,3,3,4,7,2,1,3,1,2,2,0,11.992260421644849,4,0,0,0
1287,9790,Lvl,Inside,NWAmes,1Fam,1Story,6,5,Hip,CBlock,1328,3,2,2010,Normal,80.0,HdBoard,WD,None,Attchd,BrkFace,2,569,81,1328,0.48945783132530118,26,1,0.13564862104187947,47,47,47,0,2.5,1,1.2246467991473532e-16,-1.0,1,0,26,1,1,1,1,3,3,3,3,3,4,7,3,1,3,1,2,2,0,11.870599909242044,4,0,0,0
1374,11400,Lvl,Inside,NoRidge,1Fam,1Story,10,5,Hip,PConc,2633,2,2,2007,Normal,91.0,VinylSd,WD,None,Attchd,BrkFace,3,1282,0,2633,0.48689707557918727,454,1,0.23096491228070176,6,6,5,1,3.5,0,1.0,6.123233995736766e-17,0,0,454,1,1,1,1,5,3,5,5,5,4,7,1,4,3,2,2,2,0,13.053013299269535,2,0,1,0
542,11000,Lvl,FR2,NoRidge,1Fam,2Story,8,5,Gable,PConc,2285,4,1,2007,Normal,91.0,VinylSd,WD,None,BuiltIn,BrkFace,3,0,0,969,0.0,56,1,0.20772727272727273,7,7,7,0,2.5,0,1.2246467991473532e-16,-1.0,1,0,56,1,1,1,1,4,3,4,5,4,3,7,1,1,3,3,2,2,0,12.421184025147118,2,0,0,0
360,12011,Lvl,CulDSac,NoRidge,1Fam,2Story,8,5,Gable,PConc,1924,3,1,2006,Normal,78.0,VinylSd,WD,None,Attchd,BrkFace,2,956,0,1086,0.88029465930018413,657,1,0.16018649571226376,8,8,8,0,3.5,0,1.2246467991473532e-16,-1.0,1,374,283,1,1,1,1,4,3,4,5,4,3,7,1,3,2,2,2,2,0,12.542544882151386,2,0,0,0
5,14260,Lvl,FR2,NoRidge,1Fam,2Story,8,5,Gable,PConc,2198,4,1,2008,Normal,84.0,VinylSd,WD,None,Attchd,BrkFace,3,655,0,1145,0.57205240174672489,276,1,0.15413744740532959,8,8,8,0,3.5,0,-2.4492935982947064e-16,1.0,0,0,276,1,1,1,1,4,3,4,5,4,3,7,1,3,2,2,2,2,0,12.429216196844383,2,0,0,0
404,12090,Lvl,Corner,NoRidge,1Fam,2Story,8,5,Hip,PConc,2263,4,1,2006,Abnorml,93.0,VinylSd,WD,None,BuiltIn,BrkFace,2,0,0,1141,0.0,267,1,0.18717948717948718,8,8,8,0,2.5,0,-0.49999999999999972,-0.86602540378443882,1,0,267,1,1,1,1,4,3,4,4,4,3,7,1,1,3,3,2,2,0,12.460714863903755,3,0,0,0
991,9452,Lvl,Inside,NoRidge,1Fam,2Story,8,5,Gable,PConc,2392,3,1,2006,Normal,82.0,VinylSd,WD,None,Attchd,BrkFace,3,1074,0,1396,0.7693409742120344,70,1,0.2530681337283115,9,9,8,1,3.5,0,1.2246467991473532e-16,-1.0,1,0,70,1,1,1,1,4,3,4,5,4,3,7,1,1,3,3,2,2,0,12.759957758756611,2,0,1,0
424,9200,Lvl,Inside,NoRidge,1Fam,2Story,8,5,Gable,PConc,2630,4,1,2008,Normal,80.0,VinylSd,WD,None,Attchd,BrkFace,3,986,0,1470,0.6707482993197279,66,1,0.28586956521739132,10,10,10,0,3.5,0,1.2246467991473532e-16,-1.0,1,0,66,1,1,1,1,4,3,4,4,4,3,7,1,1,3,3,2,2,0,12.66032791780777,3,0,0,0
764,9430,Lvl,Inside,NoRidge,1Fam,2Story,8,5,Gable,PConc,2365,3,1,2009,Normal,82.0,VinylSd,WD,None,Attchd,BrkFace,3,1163,0,1252,0.92891373801916932,308,1,0.25079533404029691,10,10,10,0,3.5,0,-0.49999999999999972,-0.86602540378443882,1,180,128,1,1,1,1,4,3,4,5,4,4,7,1,2,3,2,2,2,0,12.727838209334498,2,0,0,0
793,9920,Lvl,CulDSac,NoRidge,1Fam,2Story,7,5,Gable,PConc,2013,3,1,2007,Normal,92.0,MetalSd,WD,None,Attchd,None,2,862,0,1117,0.77170993733213966,310,1,0.20292338709677418,10,11,10,1,3.5,0,1.2246467991473532e-16,-1.0,1,0,310,1,1,1,1,4,3,4,5,3,3,7,1,3,2,1,2,2,0,12.505399157576671,2,0,1,0
982,12203,Lvl,Corner,NoRidge,1Fam,2Story,8,5,Hip,PConc,2612,4,1,2009,Normal,98.0,VinylSd,WD,None,Attchd,BrkFace,3,854,0,1225,0.69714285714285718,250,1,0.21404572646070638,11,11,10,1,3.5,0,-0.49999999999999972,-0.86602540378443882,1,0,250,1,1,1,1,4,3,4,5,4,3,7,1,1,2,3,2,2,0,12.724866438945341,2,0,1,0
1170,35760,Lvl,CulDSac,NoRidge,1Fam,2Story,10,5,Hip,PConc,3627,4,1,2006,Normal,118.0,HdBoard,WD,None,Attchd,BrkFace,3,1387,0,1930,0.71865284974093269,437,1,0.10142617449664429,11,11,10,1,4.5,0,-0.49999999999999972,-0.86602540378443882,1,0,437,1,1,1,1,4,4,5,5,4,3,7,1,4,2,3,2,2,0,13.345506928718539,1,0,1,0
1314,14774,Lvl,Corner,NoRidge,1Fam,2Story,9,5,Gable,PConc,2599,4,1,2010,Normal,108.0,VinylSd,WD,None,BuiltIn,BrkFace,3,0,0,1393,0.0,698,1,0.17591715175307973,11,11,11,0,2.5,0,0.49999999999999994,-0.86602540378443871,1,0,698,1,1,1,1,4,3,4,5,4,3,7,1,1,2,3,2,2,0,12.716402146247475,2,0,0,0
273,11764,Lvl,CulDSac,NoRidge,1Fam,2Story,8,7,Gable,PConc,2270,4,1,2010,Normal,92.0,VinylSd,WD,None,Attchd,BrkFace,3,524,0,1152,0.4548611111111111,189,1,0.19296157769466168,11,11,3,1,2.5,0,0.86602540378443871,-0.49999999999999978,1,0,189,1,1,1,1,4,3,4,5,4,4,7,1,1,2,3,2,2,0,12.577636201962656,2,0,8,0
525,11787,Lvl,Inside,NoRidge,1Fam,2Story,7,5,Gable,PConc,2398,3,1,2007,Normal,95.0,VinylSd,WD,None,Attchd,BrkFace,3,719,0,1379,0.52139231327048585,299,1,0.20344447272418767,11,11,10,1,3.5,0,-0.86602540378443837,-0.50000000000000044,0,0,299,1,1,1,1,4,3,4,5,4,3,7,1,1,2,3,2,2,0,12.662706040212738,2,0,1,0
1418,16545,Lvl,Inside,NoRidge,1Fam,2Story,8,5,Gable,PConc,2450,3,1,2009,Normal,91.0,VinylSd,WD,None,Attchd,BrkFace,3,781,0,1284,0.60825545171339568,126,1,0.14808099123602297,11,11,11,0,3.5,0,0.49999999999999994,-0.86602540378443871,1,0,126,1,1,1,1,4,3,4,5,4,3,7,1,2,2,3,2,2,0,12.736700896592344,2,0,0,0
760,12257,Lvl,Inside,NoRidge,1Fam,2Story,8,5,Gable,PConc,2531,4,1,2007,Normal,65.0,VinylSd,WD,None,Attchd,BrkFace,3,56,64,1318,0.091047040971168433,320,1,0.20649424818471077,12,12,12,0,2.5,0,-0.50000000000000044,0.86602540378443837,0,0,320,1,1,1,1,4,3,4,5,4,3,7,5,3,2,2,2,2,0,12.577636201962656,2,0,0,0
1303,10120,Lvl,Inside,NoRidge,1Fam,2Story,8,5,Hip,PConc,2526,4,1,2006,Normal,92.0,VinylSd,WD,None,Attchd,BrkFace,3,740,0,1165,0.63519313304721026,387,1,0.24960474308300395,12,12,12,0,3.5,0,-2.4492935982947064e-16,1.0,0,0,387,1,1,1,1,4,3,4,5,4,3,7,1,1,3,2,2,2,0,12.577636201962656,2,0,0,0
1188,12461,Lvl,Corner,NoRidge,1Fam,1Story,8,5,Gable,PConc,1624,2,1,2006,Normal,89.0,ImStucc,WD,GdPrv,Attchd,None,3,1456,0,1624,0.896551724137931,306,1,0.1303266190514405,12,12,11,1,3.0,0,-0.49999999999999972,-0.86602540378443882,1,192,114,1,1,1,1,4,3,4,5,4,2,7,1,1,3,2,2,2,0,12.476099782743233,2,0,1,0
685,16770,Lvl,CulDSac,NoRidge,1Fam,2Story,7,5,Gable,PConc,1839,4,0,2010,Normal,58.0,VinylSd,WD,None,Attchd,BrkFace,2,0,0,1195,0.0,81,1,0.10966010733452594,12,12,12,0,2.5,0,1.2246467991473532e-16,-1.0,1,0,81,1,1,1,1,4,3,4,4,3,0,7,1,1,1,3,2,2,0,12.30591798049989,3,0,0,0
227,9950,Lvl,Inside,NoRidge,1Fam,2Story,7,5,Gable,PConc,2520,4,1,2007,Abnorml,82.0,VinylSd,WD,None,Attchd,BrkFace,3,565,0,1203,0.46965918536990858,338,1,0.25326633165829143,12,12,12,0,2.5,0,1.2246467991473532e-16,-1.0,1,0,338,1,1,1,1,4,3,4,5,4,3,7,1,1,2,2,2,2,0,12.577636201962656,2,0,0,0
1033,14541,Lvl,Corner,NoRidge,1Fam,2Story,8,7,Gable,PConc,2520,5,1,2006,Abnorml,91.0,MetalSd,WD,None,Attchd,None,3,1012,0,1338,0.75635276532137519,264,1,0.17330307406643283,13,13,13,0,3.5,0,-0.50000000000000044,0.86602540378443837,0,0,264,1,1,1,1,4,4,4,5,4,3,7,1,1,2,2,2,2,0,12.644327576461329,1,0,0,0
518,10208,Lvl,Inside,NoRidge,1Fam,2Story,7,5,Gable,PConc,2344,3,1,2009,Normal,79.0,VinylSd,WD,None,Attchd,BrkFace,3,0,0,1264,0.0,220,1,0.22962382445141066,13,13,12,1,2.5,0,-0.49999999999999972,-0.86602540378443882,1,0,220,1,1,1,1,4,3,4,5,4,3,7,1,1,2,2,2,2,0,12.487485104968359,2,0,1,0
655,10437,Lvl,Inside,NoRidge,1Fam,1Story,8,6,Hip,PConc,2113,2,1,2008,Normal,91.0,MetalSd,WD,None,Attchd,BrkFace,3,1696,0,2109,0.80417259364627791,282,1,0.2024528121107598,13,13,13,0,3.5,0,-0.86602540378443837,-0.50000000000000044,0,0,282,1,1,1,1,4,4,4,5,4,3,7,1,4,2,3,2,2,0,12.765688433465597,1,0,0,0
565,13346,Lvl,CulDSac,NoRidge,1Fam,2Story,7,5,Gable,PConc,2295,4,1,2006,Normal,91.0,HdBoard,WD,None,Attchd,None,2,728,0,1095,0.66484018264840183,40,1,0.1719616364453769,14,14,6,1,3.5,0,-0.49999999999999972,-0.86602540378443882,1,0,40,1,1,1,1,4,3,4,5,4,3,7,1,1,2,2,2,2,0,12.498742259492994,2,0,8,0
749,10593,Lvl,Inside,NoRidge,1Fam,1Story,7,5,Hip,PConc,1720,3,1,2010,Normal,59.0,VinylSd,WD,None,Attchd,BrkFace,2,919,0,1720,0.53430232558139534,450,1,0.16237137732464835,14,14,14,0,3.0,0,1.0,6.123233995736766e-17,0,154,296,1,1,1,1,4,3,4,5,4,3,7,1,1,2,3,2,2,0,12.469974189316551,2,0,0,0
1427,10944,Lvl,Inside,NoRidge,1Fam,2Story,7,5,Gable,PConc,2127,3,2,2008,Normal,81.0,VinylSd,WD,None,Attchd,BrkFace,2,1000,0,1223,0.81766148814390838,303,1,0.1943530701754386,14,14,14,0,3.5,0,-0.86602540378443837,-0.50000000000000044,0,0,303,1,1,1,1,4,3,4,5,4,3,7,1,1,2,2,2,2,0,12.509874099861838,2,0,0,0
232,15138,Lvl,Inside,NoRidge,1Fam,2Story,8,5,Gable,PConc,2794,4,1,2009,Normal,174.0,VinylSd,WD,None,Attchd,BrkFace,3,689,0,1462,0.47127222982216144,348,1,0.18456863522261857,14,14,13,1,3.5,0,-0.49999999999999972,-0.86602540378443882,1,202,146,1,1,1,1,4,3,4,5,5,3,7,1,1,2,3,2,2,0,12.90669184092882,2,0,1,0
1257,14303,Lvl,Corner,NoRidge,1Fam,1Story,8,5,Hip,PConc,1987,2,1,2008,Normal,91.0,HdBoard,WD,None,Attchd,BrkFace,2,1314,0,1986,0.66163141993957708,298,1,0.13892190449556038,14,14,14,0,3.0,0,-0.86602540378443837,-0.50000000000000044,0,0,298,1,1,1,1,4,3,4,5,4,3,7,1,4,2,3,2,2,0,12.616525295149378,2,0,0,0
1354,14720,Lvl,CulDSac,NoRidge,1Fam,1.5Fin,8,5,Hip,PConc,3238,4,1,2010,Normal,56.0,VinylSd,WD,None,Attchd,BrkFace,3,816,0,2033,0.40137727496310871,369,1,0.21997282608695654,14,15,14,1,3.5,0,1.0,6.123233995736766e-17,0,0,369,1,1,1,1,4,3,4,5,4,5,7,1,3,2,3,2,2,0,12.923912438680491,2,0,1,0
1176,10678,Lvl,Inside,NoRidge,1Fam,1.5Fin,8,5,Hip,PConc,2872,4,1,2007,Normal,85.0,HdBoard,WD,None,Attchd,BrkFace,2,700,0,1683,0.41592394533571003,33,1,0.26896422551039523,15,15,7,1,2.5,0,0.86602540378443871,-0.49999999999999978,1,0,33,1,1,1,1,4,3,4,5,4,3,7,1,1,3,3,2,2,0,12.560244459250788,2,0,8,0
1058,29959,Lvl,FR2,NoRidge,1Fam,2Story,7,6,Gable,PConc,1850,3,1,2009,Normal,91.0,HdBoard,WD,None,BuiltIn,None,2,595,0,973,0.61151079136690645,266,1,0.061751059781701659,15,15,15,0,2.5,0,0.49999999999999994,0.86602540378443871,0,0,266,1,1,1,1,4,3,4,5,4,4,7,1,1,1,3,2,2,0,12.421184025147118,2,0,0,0
497,12692,Lvl,Inside,NoRidge,1Fam,1Story,8,5,Hip,PConc,3228,4,1,2007,Normal,91.0,BrkFace,WD,None,Attchd,None,2,1231,0,3200,0.3846875,630,1,0.25433343838638511,15,15,14,1,4.0,0,0.49999999999999994,-0.86602540378443871,1,291,339,1,1,1,1,4,3,4,5,4,4,7,1,1,2,2,2,2,0,12.971540487669746,2,0,1,0
719,10542,Lvl,Inside,NoRidge,1Fam,2Story,7,5,Hip,PConc,2418,3,1,2008,Normal,96.0,Wd Sdng,WD,None,Attchd,BrkFace,3,1173,0,1311,0.89473684210526316,620,1,0.22936824132043254,15,15,14,1,3.5,0,-0.86602540378443837,-0.50000000000000044,0,216,404,1,1,1,1,4,3,4,5,4,3,7,1,4,3,2,2,2,0,12.739637756265655,2,0,1,0
86,16059,Lvl,Corner,NoRidge,1Fam,2Story,8,5,Hip,CBlock,2417,4,1,2006,Normal,121.0,HdBoard,WD,None,Attchd,BrkFace,2,0,0,1288,0.0,209,1,0.15050750358054674,15,15,14,1,2.5,0,0.86602540378443871,-0.49999999999999978,1,0,209,1,1,1,1,4,3,4,5,4,3,7,1,1,3,1,2,2,0,12.468436909997665,2,0,1,0
662,46589,Lvl,CulDSac,NoRidge,1Fam,2Story,8,7,Hip,PConc,2448,4,1,2009,Normal,52.0,VinylSd,WD,None,Attchd,BrkFace,3,1361,180,1629,0.94597912829957032,593,1,0.052544592071089739,15,15,4,1,3.5,0,-0.49999999999999972,-0.86602540378443882,1,0,593,1,1,1,1,4,3,4,5,4,3,7,3,1,1,2,2,2,0,12.904207367601158,2,0,11,0
1106,12256,Lvl,Corner,NoRidge,1Fam,2Story,8,5,Gable,PConc,2622,3,2,2010,Normal,98.0,HdBoard,WD,None,Attchd,BrkFace,2,1032,0,1463,0.70539986329460014,218,1,0.2139360313315927,16,16,15,1,3.5,0,0.86602540378443871,-0.49999999999999978,1,0,218,1,1,1,1,4,3,5,5,4,3,7,1,3,2,2,2,2,0,12.691580461311874,2,0,1,0
319,9900,Low,Inside,NoRidge,1Fam,2Story,7,5,Gable,PConc,2646,4,1,2009,Normal,90.0,HdBoard,WD,None,Attchd,BrkFace,3,987,0,1347,0.732739420935412,544,1,0.26727272727272727,16,16,16,0,3.5,0,0.86602540378443871,-0.49999999999999978,1,144,400,1,1,1,1,4,3,4,5,4,3,7,1,4,3,2,2,1,0,12.468436909997665,2,0,0,0
1313,9572,Lvl,Inside,NoRidge,1Fam,2Story,8,5,Gable,PConc,2810,4,1,2007,Normal,91.0,Wd Sdng,WD,None,Attchd,BrkFace,2,482,0,1453,0.33172746042670337,500,1,0.29356456330965314,17,17,17,0,2.5,0,1.2246467991473532e-16,-1.0,1,0,500,1,1,1,1,4,3,5,5,4,5,7,1,1,2,2,2,2,0,12.618182296357007,2,0,0,0
1323,10186,Lvl,Inside,NoRidge,1Fam,2Story,7,5,Gable,PConc,1923,3,1,2010,Normal,107.0,HdBoard,WD,None,Attchd,None,2,674,0,750,0.89866666666666661,279,1,0.18878853328097389,18,18,18,0,3.5,0,1.2246467991473532e-16,-1.0,1,0,279,1,1,1,1,4,3,4,5,4,3,7,1,1,2,2,2,2,0,12.154779351142624,2,0,0,0
619,11694,Lvl,Inside,NridgHt,1Fam,1Story,9,5,Hip,PConc,1828,3,1,2007,Partial,90.0,CemntBd,New,None,Attchd,BrkFace,3,48,0,1822,0.026344676180021953,368,1,0.15631948007525226,0,0,0,0,2.0,0,-0.49999999999999972,-0.86602540378443882,1,260,108,1,1,1,1,5,3,5,5,4,4,7,1,3,3,1,2,2,0,12.659734090733718,2,0,0,0
351,7820,Lvl,Inside,NridgHt,TwnhsE,1Story,9,5,Hip,PConc,1869,2,1,2007,Partial,68.0,MetalSd,New,None,Attchd,BrkFace,2,0,0,1869,0.0,264,1,0.23900255754475702,0,0,0,0,2.0,0,-2.4492935982947064e-16,1.0,0,0,264,1,1,1,1,5,3,5,5,5,4,7,1,1,2,2,2,2,0,12.669998467265833,2,0,0,0
516,12220,Lvl,Inside,NridgHt,1Fam,1Story,10,5,Hip,CBlock,2020,3,1,2009,Partial,94.0,CemntBd,New,None,Attchd,BrkFace,3,1436,0,2006,0.715852442671984,210,1,0.16530278232405893,0,0,0,0,3.5,0,-1.0,-1.8369701987210297e-16,0,0,210,1,1,1,1,5,3,5,5,5,4,7,1,1,3,3,2,2,0,12.906346868281233,2,0,0,0
1229,8769,Lvl,Corner,NridgHt,TwnhsE,1Story,9,5,Hip,PConc,1702,1,1,2008,Partial,65.0,MetalSd,New,None,Attchd,BrkFace,3,1540,0,1702,0.90481786133960052,296,1,0.1940928270042194,0,0,0,0,2.5,0,-0.8660254037844386,0.50000000000000011,0,224,72,1,1,1,1,5,3,5,5,5,4,7,1,1,3,3,2,2,0,12.813917896253697,2,0,0,0
1116,12085,Lvl,Inside,NridgHt,1Fam,1Story,8,5,Hip,PConc,1734,3,1,2007,Partial,93.0,VinylSd,New,None,Attchd,Stone,3,1004,0,1734,0.57900807381776243,0,0,0.14348365742656186,0,0,0,0,3.0,0,-0.50000000000000044,0.86602540378443837,0,0,0,1,1,1,1,4,3,5,5,5,4,7,1,1,3,2,2,2,0,12.669806661762314,2,0,0,0
321,16259,Lvl,Corner,NridgHt,1Fam,2Story,9,5,Gable,PConc,2596,4,0,2006,Partial,111.0,VinylSd,New,None,Attchd,Stone,3,0,0,1249,0.0,394,1,0.15966541607724952,0,0,0,0,3.5,0,-1.0,-1.8369701987210297e-16,0,0,394,1,1,1,1,3,3,5,5,4,0,7,1,3,3,2,2,2,0,12.7444443677961,2,0,0,0
239,12030,Lvl,Inside,NridgHt,1Fam,1Story,8,5,Hip,PConc,1694,3,0,2007,Partial,93.0,VinylSd,New,None,Attchd,BrkFace,3,0,0,1694,0.0,396,1,0.14081463009143808,0,0,0,0,2.0,0,-2.4492935982947064e-16,1.0,0,0,396,1,1,1,1,5,3,5,5,4,0,7,1,1,3,3,2,2,0,12.669806661762314,2,0,0,0
1290,11065,Lvl,Inside,NridgHt,1Fam,2Story,8,5,Gable,PConc,1970,3,1,2006,Partial,86.0,VinylSd,New,None,BuiltIn,Stone,3,0,0,1085,0.0,251,1,0.17803886127428831,0,0,0,0,2.5,0,-0.8660254037844386,0.50000000000000011,0,0,251,1,1,1,1,4,3,4,5,5,4,7,1,2,2,3,2,2,0,12.546109948315882,2,0,0,0
168,10562,Lvl,Inside,NridgHt,1Fam,2Story,8,5,Gable,PConc,2161,3,1,2007,Partial,86.0,VinylSd,New,None,Attchd,Stone,3,1288,0,1582,0.81415929203539827,298,1,0.20460140124976331,0,0,0,0,2.5,0,-0.50000000000000044,0.86602540378443837,0,0,298,1,1,1,1,4,3,5,5,5,4,7,1,1,3,3,2,2,0,12.693498620467778,2,0,0,0
528,14948,Lvl,Inside,NridgHt,1Fam,2Story,9,5,Hip,PConc,2713,3,1,2008,Partial,67.0,VinylSd,New,None,Attchd,Stone,3,1330,0,1452,0.91597796143250687,192,1,0.1814958522879315,0,0,0,0,3.5,0,-0.50000000000000044,0.86602540378443837,0,0,192,1,1,1,1,5,3,5,5,5,4,7,1,3,2,3,2,2,0,13.008659261632127,2,0,0,0
1166,9541,Lvl,Inside,NridgHt,1Fam,1Story,7,5,Gable,PConc,1502,3,0,2009,Partial,79.0,VinylSd,New,None,Attchd,Stone,2,0,0,1502,0.0,114,1,0.15742584634734305,0,0,0,0,2.0,0,-1.0,-1.8369701987210297e-16,0,0,114,1,1,1,1,4,3,4,5,4,0,7,1,1,2,2,2,2,0,12.359523080243038,2,0,0,0
1244,13891,Lvl,Inside,NridgHt,1Fam,1Story,10,5,Gable,PConc,2076,2,1,2006,Partial,107.0,VinylSd,New,None,Attchd,None,3,1386,0,2076,0.66763005780346818,445,1,0.14944928370887625,0,0,0,0,3.5,0,-1.0,-1.8369701987210297e-16,0,0,445,1,1,1,1,5,3,5,5,5,4,7,1,4,3,3,2,2,0,13.049792684569493,2,0,0,0
1438,12444,Lvl,FR2,NridgHt,1Fam,1Story,8,5,Hip,PConc,1932,2,1,2008,Partial,96.0,VinylSd,New,None,Attchd,Stone,3,1336,0,1932,0.69151138716356109,370,1,0.15525554484088716,0,0,0,0,3.0,0,-0.50000000000000044,0.86602540378443837,0,304,66,1,1,1,1,5,3,5,5,5,4,7,1,3,3,3,2,2,0,12.885670953244288,2,0,0,0
601,10927,Lvl,Inside,NridgHt,1Fam,2Story,8,5,Gable,PConc,1904,3,1,2006,Normal,74.0,VinylSd,WD,None,BuiltIn,BrkFace,2,546,0,1058,0.51606805293005675,239,1,0.17424727738629084,3,1,1,0,3.5,0,1.2246467991473532e-16,-1.0,1,0,239,1,1,1,1,4,3,4,5,5,4,7,1,3,3,3,2,2,0,12.524526376648708,2,0,0,0
21,14215,Lvl,Corner,NridgHt,1Fam,2Story,8,5,Gable,PConc,2376,4,1,2006,Partial,101.0,VinylSd,New,None,BuiltIn,BrkFace,3,0,0,1158,0.0,394,1,0.1671473795286669,1,1,0,1,3.5,0,-0.50000000000000044,0.86602540378443837,0,0,394,1,1,1,1,4,3,5,5,4,4,7,1,3,2,2,2,2,0,12.692503112461443,2,0,1,0
775,14226,Lvl,Corner,NridgHt,1Fam,1Story,8,5,Hip,PConc,1973,3,1,2007,Partial,110.0,VinylSd,New,None,Attchd,BrkFace,3,0,0,1935,0.0,360,1,0.13868972304231689,1,1,1,0,2.0,0,-0.49999999999999972,-0.86602540378443882,1,0,360,1,1,1,1,4,3,4,4,4,4,7,1,3,3,3,2,2,0,12.886641043883259,3,0,0,0
820,6371,Lvl,Inside,NridgHt,TwnhsE,1Story,7,5,Gable,PConc,1358,2,1,2010,Partial,44.0,VinylSd,New,None,Attchd,Stone,2,733,0,1358,0.53976435935198819,227,1,0.21315335112227279,0,1,0,1,3.0,0,1.2246467991473532e-16,-1.0,1,0,227,1,1,1,1,4,3,4,5,4,4,7,1,2,2,2,2,2,0,12.319401330837177,2,0,1,0
632,4590,Lvl,Inside,NridgHt,Twnhs,1Story,8,5,Gable,PConc,1554,2,1,2007,Normal,34.0,VinylSd,WD,None,Attchd,Stone,2,24,0,1554,0.015444015444015444,229,1,0.338562091503268,1,1,1,0,2.0,0,-0.86602540378443837,-0.50000000000000044,0,0,229,1,1,1,1,4,3,4,5,4,4,7,1,2,3,2,2,2,0,12.25247901834433,2,0,0,0
899,12919,Lvl,Inside,NridgHt,1Fam,1Story,9,5,Hip,PConc,2364,2,2,2010,Partial,100.0,VinylSd,New,None,Attchd,Stone,3,2188,0,2330,0.93905579399141625,67,1,0.1829862992491679,1,1,0,1,3.5,0,1.0,6.123233995736766e-17,0,0,67,1,1,1,1,5,3,5,5,5,4,7,1,4,2,3,2,2,0,13.323926946863102,2,0,1,0
469,11428,Lvl,Inside,NridgHt,1Fam,1Story,8,5,Gable,PConc,1634,3,1,2007,Normal,98.0,VinylSd,WD,None,Attchd,Stone,3,0,0,1626,0.0,44,1,0.14298214910745538,1,1,1,0,2.0,0,0.49999999999999994,-0.86602540378443871,1,0,44,1,1,1,1,4,3,4,5,4,4,7,1,1,2,2,2,2,0,12.429216196844383,2,0,0,0
804,13891,Lvl,Inside,NridgHt,1Fam,2Story,9,5,Hip,PConc,2822,4,1,2009,Partial,107.0,VinylSd,New,None,BuiltIn,Stone,3,0,0,1734,0.0,414,1,0.2031531207256497,0,1,0,1,3.5,0,0.49999999999999994,0.86602540378443871,0,192,222,1,1,1,1,5,3,5,5,5,4,7,1,4,3,2,2,2,0,13.275827535915461,2,0,1,0
63,6442,Lvl,Inside,NridgHt,TwnhsE,1Story,8,5,Gable,PConc,1370,2,1,2007,Normal,44.0,VinylSd,WD,None,Attchd,Stone,2,24,0,1370,0.017518248175182483,169,1,0.21266687364172618,1,1,1,0,2.0,0,-0.8660254037844386,0.50000000000000011,0,0,169,1,1,1,1,4,3,4,5,4,4,7,1,2,2,2,2,2,0,12.218495165528731,2,0,0,0
1307,6955,Lvl,Inside,NridgHt,TwnhsE,1Story,7,5,Gable,PConc,1368,2,1,2006,Partial,48.0,VinylSd,New,None,Attchd,Stone,2,0,0,1368,0.0,167,1,0.19669302659956867,1,1,0,1,2.0,0,-1.0,-1.8369701987210297e-16,0,0,167,1,1,1,1,4,3,4,5,4,4,7,1,1,2,2,2,2,0,12.218495165528731,2,0,1,0
474,14977,Lvl,Inside,NridgHt,1Fam,1Story,8,5,Gable,PConc,1976,2,1,2007,Partial,110.0,VinylSd,New,None,Attchd,BrkFace,3,1350,0,1976,0.6831983805668016,313,1,0.131935634639781,1,1,0,1,3.0,0,-0.49999999999999972,-0.86602540378443882,1,0,313,1,1,1,1,4,3,5,5,4,5,7,1,4,2,2,2,2,0,12.994530005894443,2,0,1,0
1057,7052,Lvl,Inside,NridgHt,TwnhsE,1Story,7,5,Gable,PConc,1364,2,1,2006,Normal,43.0,VinylSd,WD,None,Attchd,Stone,2,659,0,1364,0.48313782991202348,228,1,0.19342030629608623,1,1,1,0,3.0,0,1.2246467991473532e-16,-1.0,1,0,228,1,1,1,1,4,3,4,5,4,4,7,1,3,2,2,2,2,0,12.132695175725399,2,0,0,0
279,14450,Lvl,Inside,NridgHt,1Fam,1Story,9,5,Gable,PConc,2121,3,1,2007,Partial,107.0,CemntBd,New,None,Attchd,BrkFace,3,0,0,2121,0.0,364,1,0.14678200692041524,0,1,0,1,2.5,0,0.49999999999999994,-0.86602540378443871,1,142,222,1,1,1,1,5,3,5,5,5,5,7,1,4,3,3,2,2,0,12.936751613811438,2,0,1,0
799,13518,Lvl,Inside,NridgHt,1Fam,2Story,9,5,Hip,PConc,3140,4,2,2009,Partial,104.0,VinylSd,New,None,BuiltIn,Stone,3,0,0,1926,0.0,222,1,0.2322828820831484,0,1,0,1,3.5,0,-0.49999999999999972,-0.86602540378443882,1,0,222,1,1,1,1,5,3,5,5,5,4,7,1,1,3,3,2,2,0,13.091904169919621,2,0,1,0
512,6792,Lvl,Inside,NridgHt,TwnhsE,1Story,7,5,Gable,PConc,1368,2,1,2006,Partial,40.0,VinylSd,New,None,Attchd,Stone,2,0,0,1368,0.0,167,1,0.20141342756183744,1,1,0,1,2.0,0,1.0,6.123233995736766e-17,0,0,167,1,1,1,1,4,3,4,5,4,4,7,1,1,2,2,2,2,0,12.219309648562168,2,0,1,0
478,13693,Lvl,Inside,NridgHt,1Fam,2Story,9,5,Hip,PConc,2643,3,1,2007,Normal,105.0,VinylSd,WD,None,BuiltIn,BrkFace,3,0,0,2153,0.0,498,1,0.19301833053384942,1,1,1,0,2.5,0,1.0,6.123233995736766e-17,0,0,498,1,1,1,1,5,3,4,5,5,4,7,1,3,3,3,2,2,0,12.847926531702569,2,0,0,0
826,14803,Lvl,Inside,NridgHt,1Fam,1Story,10,5,Hip,PConc,2084,2,1,2008,Partial,114.0,CemntBd,New,None,Attchd,BrkFace,3,1636,0,2078,0.78729547641963427,233,1,0.14078227386340605,1,1,0,1,3.0,0,1.2246467991473532e-16,-1.0,1,0,233,1,1,1,1,5,3,5,5,5,4,7,1,3,3,3,2,2,0,12.860998613269921,2,0,1,0
409,14154,Lvl,Corner,NridgHt,1Fam,2Story,7,5,Gable,PConc,2172,3,1,2007,Partial,109.0,VinylSd,New,None,Attchd,BrkFace,3,0,0,1063,0.0,254,1,0.15345485375158965,1,1,1,0,2.5,0,-0.86602540378443837,-0.50000000000000044,0,0,254,1,1,1,1,4,3,5,5,4,4,7,1,1,3,2,2,2,0,12.542544882151386,2,0,0,0
152,13891,Lvl,Inside,NridgHt,1Fam,1Story,8,5,Hip,PConc,1710,2,1,2008,Partial,107.0,VinylSd,New,None,Attchd,Stone,3,1400,0,1710,0.81871345029239762,102,1,0.12310128860413218,1,1,0,1,3.0,0,0.49999999999999994,0.86602540378443871,0,0,102,1,1,1,1,4,3,5,5,4,4,7,1,4,3,2,2,2,0,12.827729194939907,2,0,1,0
12,11924,Lvl,Inside,NridgHt,1Fam,2Story,9,5,Hip,PConc,2324,4,2,2006,Partial,85.0,WdShing,New,None,BuiltIn,Stone,3,998,0,1175,0.8493617021276596,168,1,0.19490103991949009,1,1,0,1,4.0,0,-0.49999999999999972,-0.86602540378443882,1,0,168,1,1,1,1,5,3,5,5,5,4,7,1,1,2,3,2,2,0,12.751299696013497,2,0,1,0
592,13478,Lvl,Corner,NridgHt,1Fam,2Story,10,5,Gable,PConc,2296,3,1,2009,Normal,97.0,CemntBd,ConLI,None,BuiltIn,Stone,3,1338,0,1722,0.77700348432055744,656,1,0.1703516842261463,1,1,1,0,3.5,0,1.2246467991473532e-16,-1.0,1,0,656,1,1,1,1,5,3,5,5,5,4,7,1,4,2,2,2,2,0,13.021326833226556,2,0,0,0
754,10240,Lvl,Inside,NridgHt,1Fam,2Story,8,5,Gable,PConc,2098,3,1,2006,Normal,80.0,VinylSd,WD,None,Attchd,BrkFace,3,0,0,1030,0.0,244,1,0.2048828125,1,1,1,0,2.5,0,1.0,6.123233995736766e-17,0,0,244,1,1,1,1,4,3,4,4,5,4,7,1,2,3,2,2,2,0,12.526342907575106,3,0,0,0
441,15431,Lvl,Inside,NridgHt,1Fam,1Story,10,5,Hip,PConc,2402,2,2,2009,Normal,105.0,VinylSd,WD,None,Attchd,Stone,3,1767,539,3094,0.74531351001939239,242,1,0.15566068304063249,1,1,1,0,3.0,0,0.86602540378443871,-0.49999999999999978,1,170,72,1,1,1,1,5,3,5,5,5,4,7,5,4,3,3,2,2,0,13.226723392728571,2,0,0,0
350,20431,Lvl,Inside,NridgHt,1Fam,2Story,9,5,Hip,PConc,2728,4,2,2006,Partial,56.0,CemntBd,New,None,Attchd,BrkFace,3,1410,0,1848,0.762987012987013,0,0,0.13352258822377761,0,1,0,1,3.5,0,0.86602540378443871,-0.49999999999999978,1,0,0,1,1,1,1,5,3,5,5,5,5,7,1,1,1,3,2,2,0,12.988040814744458,2,0,1,0
988,10159,Lvl,Inside,NridgHt,1Fam,1Story,9,5,Hip,PConc,1940,3,1,2010,Partial,83.0,VinylSd,New,None,Attchd,Stone,3,1646,0,1930,0.85284974093264254,263,1,0.19096367752731569,0,1,0,1,3.5,0,0.86602540378443871,-0.49999999999999978,1,0,263,1,1,1,1,5,3,5,5,5,4,7,1,3,2,3,2,2,0,12.88712700173598,2,0,1,0
582,12704,Lvl,Inside,NridgHt,1Fam,1Story,8,5,Hip,PConc,2042,3,1,2009,Partial,98.0,VinylSd,New,None,Attchd,BrkFace,3,0,0,2042,0.0,90,1,0.16073677581863979,0,1,0,1,2.5,0,-0.86602540378443837,-0.50000000000000044,0,0,90,1,1,1,1,5,3,5,5,5,4,7,1,1,3,2,2,2,0,12.442302200392747,2,0,1,0
390,12474,Lvl,Inside,NridgHt,1Fam,2Story,10,5,Gable,PConc,2332,3,1,2008,Partial,96.0,VinylSd,New,None,BuiltIn,Stone,3,1280,0,1682,0.760998810939358,330,1,0.18694885361552027,0,1,0,1,3.5,0,-0.86602540378443837,-0.50000000000000044,0,0,330,1,1,1,1,5,3,5,5,5,5,7,1,3,3,3,2,2,0,12.962194625251508,2,0,1,0
1059,11308,Lvl,Inside,NridgHt,1Fam,2Story,9,5,Gable,PConc,2184,3,1,2009,Normal,96.0,VinylSd,WD,None,Attchd,Stone,3,936,0,1104,0.84782608695652173,102,1,0.19313760169791297,1,1,1,0,3.5,0,-0.49999999999999972,-0.86602540378443882,1,0,102,1,1,1,1,5,3,5,5,5,4,7,1,3,2,3,2,2,0,12.721885810807203,2,0,0,0
26,14230,Lvl,Corner,NridgHt,1Fam,1Story,8,5,Gable,PConc,1600,3,1,2009,Normal,110.0,VinylSd,WD,None,Attchd,Stone,3,0,0,1566,0.0,56,1,0.11243851018973998,2,2,2,0,2.0,0,-0.49999999999999972,-0.86602540378443882,1,0,56,1,1,1,1,4,3,4,5,4,4,7,1,1,3,2,2,2,0,12.454103912352162,2,0,0,0
35,7313,Lvl,Inside,NridgHt,TwnhsE,1Story,9,5,Hip,PConc,1561,2,1,2007,Normal,60.0,MetalSd,WD,None,Attchd,BrkFace,2,1153,0,1561,0.7386290839205637,250,1,0.21345549022289073,2,2,2,0,3.0,0,-0.86602540378443837,-0.50000000000000044,0,0,250,1,1,1,1,5,3,5,5,5,4,7,1,1,3,3,2,2,0,12.533576212168626,2,0,0,0
1158,5001,Lvl,Inside,NridgHt,Twnhs,1Story,7,5,Gable,PConc,1314,2,1,2009,Normal,34.0,VinylSd,WD,None,Attchd,Stone,2,904,0,1314,0.68797564687975643,234,1,0.262747450509898,1,2,1,1,3.0,0,-0.49999999999999972,-0.86602540378443882,1,0,234,1,1,1,1,4,3,4,5,4,4,7,1,1,2,2,2,2,0,12.345834587905333,2,0,1,0
36,13418,Lvl,Inside,NridgHt,1Fam,2Story,8,5,Gable,PConc,2452,4,1,2006,Normal,108.0,VinylSd,WD,None,BuiltIn,Stone,3,0,0,1117,0.0,145,1,0.18273960351766283,2,2,1,1,3.5,0,-1.0,-1.8369701987210297e-16,0,0,145,1,1,1,1,4,3,5,5,4,4,7,1,3,3,3,2,2,0,12.641096555879882,2,0,1,0
283,5063,Lvl,Inside,NridgHt,Twnhs,1Story,7,5,Gable,PConc,1314,2,1,2009,Normal,34.0,VinylSd,ConLw,None,Attchd,Stone,2,904,0,1314,0.68797564687975643,234,1,0.25952992297057081,1,2,1,1,3.0,0,0.86602540378443871,-0.49999999999999978,1,0,234,1,1,1,1,4,3,4,5,4,4,7,1,1,3,2,2,2,0,12.242886618652889,2,0,1,0
481,16033,Lvl,FR2,NridgHt,1Fam,1Story,9,5,Hip,PConc,1850,3,1,2006,Normal,98.0,VinylSd,WD,None,Attchd,BrkFace,3,1261,0,1833,0.68794326241134751,631,1,0.11538701428304123,2,2,1,1,3.0,0,1.0,6.123233995736766e-17,0,0,631,1,1,1,1,4,3,5,5,4,4,7,1,4,2,3,2,2,0,12.694652660348845,2,0,1,0
1360,16737,Lvl,FR3,NridgHt,1Fam,1Story,9,5,Hip,PConc,1980,3,1,2006,Normal,129.0,VinylSd,WD,None,Attchd,BrkFace,3,1447,0,1980,0.7308080808080808,239,1,0.11830077074744579,2,2,1,1,3.0,0,-1.0,-1.8369701987210297e-16,0,0,239,1,1,1,1,4,3,5,5,5,4,7,1,3,3,3,2,2,0,12.66032791780777,2,0,1,0
690,7577,Lvl,Corner,NridgHt,TwnhsE,1Story,6,5,Gable,PConc,1362,2,1,2007,Normal,61.0,VinylSd,WD,None,Attchd,Stone,2,20,0,1362,0.014684287812041116,220,1,0.17975452025867758,2,2,1,1,2.0,0,1.2246467991473532e-16,-1.0,1,0,220,1,1,1,1,4,3,4,5,4,4,7,1,3,2,2,2,2,0,12.17921519136029,2,0,1,0
482,11846,HLS,Inside,NridgHt,1Fam,1Story,9,5,Hip,PConc,1792,2,1,2006,Normal,72.0,VinylSd,WD,None,Attchd,BrkFace,3,1567,0,1792,0.8744419642857143,255,1,0.15127469187911532,3,3,2,1,3.0,0,-0.86602540378443837,-0.50000000000000044,0,0,255,1,1,1,1,4,3,5,5,5,4,7,1,4,2,3,2,2,0,12.832011076396668,2,0,1,0
553,11146,Lvl,Inside,NridgHt,1Fam,1Story,8,5,Gable,PConc,1717,3,1,2009,Normal,87.0,VinylSd,WD,None,Attchd,Stone,3,0,0,1709,0.0,208,1,0.15404629463484659,3,3,3,0,2.0,0,-0.49999999999999972,-0.86602540378443882,1,0,208,1,1,1,1,4,3,5,5,4,4,7,1,3,2,2,2,2,0,12.450977688625896,2,0,0,0
1252,3136,Lvl,Corner,NridgHt,TwnhsE,1Story,7,5,Gable,PConc,1405,2,1,2006,Normal,88.5,VinylSd,WD,None,Attchd,Stone,2,0,0,1405,0.0,184,1,0.44802295918367346,3,3,3,0,2.0,0,1.0,6.123233995736766e-17,0,0,184,1,1,1,1,4,3,4,5,4,4,7,1,1,2,2,2,2,0,12.053795210084596,2,0,0,0
708,6240,Lvl,Inside,NridgHt,TwnhsE,1Story,8,5,Hip,PConc,1324,2,1,2009,Normal,48.0,MetalSd,WD,None,Attchd,BrkFace,2,863,0,1324,0.65181268882175225,230,1,0.21217948717948718,3,3,3,0,3.0,0,-2.4492935982947064e-16,1.0,0,0,230,1,1,1,1,4,3,4,5,4,4,7,1,1,3,3,2,2,0,12.445089546000673,2,0,0,0
322,12099,Lvl,Inside,NridgHt,1Fam,2Story,8,5,Gable,PConc,2468,4,1,2007,Normal,99.0,VinylSd,WD,None,BuiltIn,BrkFace,3,970,0,1136,0.85387323943661975,338,1,0.20398380031407554,3,3,3,0,3.5,0,1.2246467991473532e-16,-1.0,1,0,338,1,1,1,1,4,3,5,5,4,4,7,1,3,2,3,2,2,0,12.777052192115912,2,0,0,0
995,12456,Lvl,FR2,NridgHt,1Fam,1Story,10,5,Hip,PConc,1718,3,1,2009,Normal,96.0,CemntBd,WD,None,Attchd,Stone,3,1172,0,1700,0.68941176470588239,264,1,0.13792549775208734,1,3,2,1,3.0,0,-0.49999999999999972,-0.86602540378443882,1,0,264,1,1,1,1,5,3,5,5,5,4,7,1,4,3,3,2,2,0,12.729320789294722,2,0,1,0
310,12378,Lvl,Inside,NridgHt,1Fam,1Story,9,5,Gable,PConc,1944,3,3,2006,Normal,90.0,VinylSd,WD,None,Attchd,None,3,1274,0,1896,0.67194092827004215,383,1,0.15705283567619971,3,3,2,1,3.0,0,-0.50000000000000044,0.86602540378443837,0,0,383,1,1,1,1,4,3,5,5,5,5,7,1,4,2,3,2,2,0,12.793859310432293,2,0,1,0
66,9591,Lvl,Inside,NridgHt,1Fam,2Story,8,5,Gable,PConc,2473,4,1,2007,Normal,76.0,VinylSd,WD,None,BuiltIn,BrkFace,3,0,0,1143,0.0,343,1,0.25784589719528722,3,3,2,1,2.5,0,-0.8660254037844386,0.50000000000000011,0,0,343,1,1,1,1,4,3,5,5,4,4,7,1,3,3,2,2,2,0,12.666657052859417,2,0,1,0
344,8849,Lvl,Inside,NridgHt,TwnhsE,1Story,9,5,Hip,PConc,1684,2,1,2008,Normal,63.0,MetalSd,WD,None,Attchd,BrkFace,2,28,0,1684,0.0166270783847981,567,1,0.19030398915131652,3,3,3,0,2.0,0,-0.49999999999999972,-0.86602540378443882,1,0,567,1,1,1,1,5,3,5,5,5,5,7,1,1,2,2,2,2,0,12.491251587763836,2,0,0,0
1306,13173,Lvl,Corner,NridgHt,1Fam,1Story,9,5,Hip,PConc,1652,2,2,2009,Normal,108.0,VinylSd,WD,None,Attchd,Stone,2,1572,0,1652,0.95157384987893467,506,1,0.12540803157974645,3,3,2,1,3.0,0,-0.50000000000000044,0.86602540378443837,0,0,506,1,1,1,1,4,3,5,5,5,5,7,1,1,2,3,2,2,0,12.691580461311874,2,0,1,0
28,11478,Lvl,Inside,NridgHt,1Fam,1Story,8,5,Gable,PConc,1704,3,1,2010,Normal,98.0,VinylSd,WD,None,Attchd,Stone,3,1218,0,1704,0.71478873239436624,50,1,0.14845791949817042,2,3,2,1,3.0,0,0.49999999999999994,-0.86602540378443871,1,0,50,1,1,1,1,4,3,5,5,4,4,7,1,1,3,2,2,2,0,12.631340380934517,2,0,1,0
334,8198,Lvl,FR3,NridgHt,TwnhsE,1Story,7,5,Gable,PConc,1358,2,1,2008,Normal,59.0,VinylSd,WD,None,Attchd,Stone,2,720,0,1358,0.53019145802650958,222,1,0.16565015857526225,4,4,4,0,3.0,0,-0.49999999999999972,-0.86602540378443882,1,0,222,1,1,1,1,4,3,4,5,4,4,7,1,3,3,2,2,2,0,12.240474072247506,2,0,0,0
927,11999,Lvl,Inside,NridgHt,1Fam,2Story,8,5,Hip,PConc,2374,4,1,2007,Normal,93.0,VinylSd,WD,None,BuiltIn,BrkFace,3,0,0,1181,0.0,204,1,0.19784982081840152,4,4,3,1,2.5,0,0.49999999999999994,-0.86602540378443871,1,0,204,1,1,1,1,4,3,4,5,5,4,7,1,1,3,3,2,2,0,12.560244459250788,2,0,1,0
1043,5381,Lvl,Inside,NridgHt,Twnhs,1Story,6,5,Gable,PConc,1306,1,1,2009,Normal,34.0,VinylSd,WD,None,Attchd,Stone,2,900,0,1306,0.6891271056661562,233,1,0.24270581676268352,4,4,4,0,3.0,0,-0.86602540378443837,-0.50000000000000044,0,0,233,1,1,1,1,4,3,4,5,4,4,7,1,3,2,2,2,2,0,12.185869938212655,2,0,0,0
878,8834,Lvl,Inside,NridgHt,1Fam,2Story,9,5,Hip,PConc,2224,4,1,2009,Normal,74.0,VinylSd,WD,None,Attchd,Stone,3,1170,0,1462,0.80027359781121754,184,1,0.25175458455965588,5,5,4,1,3.5,0,1.2246467991473532e-16,-1.0,1,0,184,1,1,1,1,4,3,5,5,5,4,7,1,1,3,3,2,2,0,12.765688433465597,2,0,1,0
641,12677,Lvl,Inside,NridgHt,TwnhsE,1Story,8,5,Hip,PConc,1518,1,1,2008,Normal,62.0,MetalSd,WD,None,Attchd,BrkFace,2,1218,0,1518,0.80237154150197632,325,1,0.11974441902658357,5,5,4,1,1.5,0,0.86602540378443871,-0.49999999999999978,1,0,325,1,1,1,1,5,3,5,5,5,4,7,1,4,2,2,2,2,0,12.520883385370206,2,0,1,0
46,7658,Lvl,Inside,NridgHt,TwnhsE,1Story,9,5,Hip,PConc,1752,2,1,2010,Normal,61.0,MetalSd,WD,None,Attchd,BrkFace,2,456,0,1752,0.26027397260273971,278,1,0.22878036040741709,5,5,5,0,3.0,0,0.8660254037844386,0.50000000000000011,0,0,278,1,1,1,1,5,3,5,5,5,4,7,1,1,3,2,2,2,0,12.675763725937609,2,0,0,0
555,10625,Lvl,Inside,NridgHt,1Fam,2Story,7,5,Gable,PConc,2046,3,1,2008,Normal,85.0,VinylSd,WD,None,BuiltIn,BrkFace,3,866,0,998,0.86773547094188375,382,1,0.19256470588235294,5,5,4,1,3.5,0,-0.86602540378443837,-0.50000000000000044,0,0,382,1,1,1,1,4,3,4,5,4,4,7,1,1,3,2,2,2,0,12.556729517143344,2,0,1,0
200,9591,Lvl,Inside,NridgHt,1Fam,1Story,8,5,Hip,PConc,1713,3,1,2009,Normal,76.0,VinylSd,WD,None,Attchd,BrkFace,3,1088,0,1713,0.63514302393461763,196,1,0.17860494213324993,5,5,4,1,3.0,0,0.49999999999999994,0.86602540378443871,0,170,26,1,1,1,1,4,3,5,5,5,4,7,1,3,3,3,2,2,0,12.524162674153336,2,0,1,0
349,2448,Lvl,Inside,NridgHt,Twnhs,2Story,7,5,Gable,PConc,1626,2,0,2008,Normal,36.0,VinylSd,WD,None,BuiltIn,Stone,2,573,0,764,0.75,27,1,0.66421568627450978,5,5,4,1,3.5,0,-0.8660254037844386,0.50000000000000011,0,0,27,1,1,1,1,4,3,4,5,4,0,7,1,1,3,2,2,2,0,11.944707881395766,2,0,1,0
162,13688,Lvl,Inside,NridgHt,1Fam,2Story,9,5,Gable,PConc,2668,3,2,2008,Normal,110.0,VinylSd,WD,None,BuiltIn,BrkFace,3,1016,0,1572,0.64631043256997456,400,1,0.19491525423728814,5,5,4,1,3.5,0,1.0,6.123233995736766e-17,0,0,400,1,1,1,1,4,3,5,5,5,4,7,1,3,2,3,2,2,0,12.929991484756872,2,0,1,0
163,12182,Lvl,Corner,NridgHt,1Fam,1Story,7,5,Gable,PConc,1541,3,1,2010,Partial,95.0,VinylSd,New,None,Attchd,BrkFace,2,1201,0,1541,0.77936404931862424,70,1,0.12649811196847807,5,5,5,0,2.0,0,0.49999999999999994,-0.86602540378443871,1,0,70,1,1,1,1,4,3,4,5,4,4,7,1,2,3,2,2,2,0,12.301382825334498,2,0,0,0
1110,11362,Lvl,Inside,NridgHt,1Fam,1Story,8,5,Gable,PConc,1836,3,1,2009,Normal,107.0,MetalSd,WD,None,Attchd,Stone,3,1039,0,1836,0.56590413943355122,310,1,0.16159126914275657,5,5,4,1,3.0,0,1.0,6.123233995736766e-17,0,0,310,1,1,1,1,4,3,5,5,4,4,7,1,2,2,3,2,2,0,12.542544882151386,2,0,1,0
225,13472,Lvl,Inside,NridgHt,1Fam,1Story,10,5,Hip,PConc,2392,3,1,2009,Normal,103.0,VinylSd,WD,None,Attchd,BrkFace,3,56,0,2392,0.023411371237458192,353,1,0.17755344418052257,6,6,6,0,2.0,0,1.2246467991473532e-16,-1.0,1,0,353,1,1,1,1,5,3,5,5,5,5,7,1,4,3,3,2,2,0,12.864240107194092,2,0,0,0
568,10171,Lvl,Inside,NridgHt,1Fam,1Story,7,5,Gable,PConc,1535,3,0,2010,Normal,70.0,VinylSd,WD,None,Attchd,BrkFace,2,2,0,1517,0.0013183915622940012,0,0,0.1509192803067545,6,6,6,0,2.0,0,1.0,6.123233995736766e-17,0,0,0,1,1,1,1,4,3,4,5,4,0,7,1,1,2,2,2,2,0,12.273731294003989,2,0,0,0
972,2268,Lvl,Inside,NridgHt,Twnhs,2Story,7,5,Gable,PConc,1626,2,0,2009,Normal,36.0,VinylSd,WD,None,BuiltIn,Stone,2,567,0,764,0.74214659685863871,27,1,0.716931216931217,6,6,5,1,2.0,0,-0.49999999999999972,-0.86602540378443882,1,0,27,1,1,1,1,4,3,4,5,4,0,7,1,1,3,2,2,2,0,12.061046873479915,2,0,1,0
333,10655,Lvl,Inside,NridgHt,1Fam,1Story,8,5,Gable,PConc,1629,3,1,2009,Normal,85.0,VinylSd,WD,None,Attchd,BrkFace,3,1124,479,3206,0.5,0,0,0.15288596902862506,6,6,5,1,3.0,0,-0.8660254037844386,0.50000000000000011,0,0,0,1,1,1,1,4,3,4,5,4,4,7,0,1,2,2,2,2,0,12.556729517143344,2,0,1,0
1237,2628,Lvl,Inside,NridgHt,Twnhs,2Story,7,5,Gable,PConc,1626,2,0,2010,Normal,36.0,VinylSd,WD,None,BuiltIn,Stone,2,0,0,764,0.0,27,1,0.61872146118721461,7,7,7,0,2.5,0,1.2246467991473532e-16,-1.0,1,0,27,1,1,1,1,4,3,4,5,4,0,7,1,1,3,2,2,2,0,12.075394321888057,2,0,0,0
184,11426,Lvl,Inside,OldTown,1Fam,1.5Fin,7,5,Gable,PConc,2082,3,0,2008,Normal,63.0,VinylSd,WD,None,Detchd,None,2,0,0,1362,0.0,518,1,0.18221599859968493,5,5,5,0,2.5,0,1.2246467991473532e-16,-1.0,1,0,518,1,1,1,1,3,3,4,5,4,0,4,1,1,3,1,0,2,0,12.206072645530174,2,0,0,0
1130,7200,Lvl,Inside,OldTown,Duplex,SFoyer,5,5,Gable,CBlock,936,2,0,2007,Normal,60.0,MetalSd,WD,None,Detchd,BrkFace,2,936,0,936,1.0,49,1,0.13,27,27,27,0,2.0,0,-0.86602540378443837,-0.50000000000000044,0,0,49,1,1,1,1,3,3,4,3,3,0,7,1,4,3,1,2,2,1,11.849397701591441,4,0,0,0
635,6979,Lvl,Inside,OldTown,Duplex,SFoyer,6,5,Gable,CBlock,1056,0,0,2010,Normal,64.0,Plywood,WD,GdPrv,Detchd,None,2,1056,0,1056,1.0,320,1,0.15131107608539907,30,30,30,0,2.0,0,1.2246467991473532e-16,-1.0,1,0,320,1,1,0,1,3,3,3,4,3,0,7,1,1,3,1,2,2,0,11.877568578558138,3,0,0,0
552,6000,Lvl,Inside,OldTown,1Fam,1Story,5,6,Hip,CBlock,928,3,0,2008,Normal,50.0,BrkFace,WD,None,Attchd,None,1,308,0,928,0.33189655172413796,0,0,0.15466666666666667,51,51,51,0,1.0,0,1.2246467991473532e-16,-1.0,1,0,0,1,1,1,0,3,3,3,4,3,0,7,1,1,3,3,2,2,0,11.630708500626612,3,0,0,0
324,5820,Lvl,Inside,OldTown,1Fam,1Story,3,8,Gable,CBlock,1163,3,0,2006,Normal,49.0,VinylSd,WD,None,Attchd,None,1,256,0,1162,0.22030981067125646,240,1,0.19982817869415809,51,51,1,1,2.0,0,-0.49999999999999972,-0.86602540378443882,1,0,240,1,1,1,1,3,4,3,5,3,0,7,1,1,3,1,2,2,0,11.745425111208464,1,0,50,1
164,5500,Lvl,Inside,OldTown,1Fam,1.5Unf,4,6,Gable,CBlock,882,1,0,2007,Normal,55.0,MetalSd,WD,MnPrv,None,None,0,0,0,882,0.0,0,0,0.16036363636363637,-999,51,51,0,1.0,0,0.86602540378443871,-0.49999999999999978,1,0,0,1,1,1,1,3,3,3,5,3,0,7,1,1,3,0,2,2,0,11.544424132029599,2,0,0,1
260,12702,Lvl,Inside,OldTown,1Fam,1Story,5,5,Gable,PConc,882,2,0,2008,Normal,70.0,BrkFace,WD,None,Detchd,None,1,0,0,0,0.0,45,1,0.069437883797827116,52,52,52,0,1.0,0,-2.4492935982947064e-16,1.0,0,0,45,1,1,1,0,3,3,0,4,3,0,7,0,0,3,1,2,2,0,11.48246625748552,3,0,0,0
1115,5400,Lvl,Inside,OldTown,1Fam,1Story,5,7,Gable,CBlock,833,2,0,2006,Normal,90.0,MetalSd,WD,MnPrv,Detchd,None,1,415,0,833,0.49819927971188477,0,0,0.15425925925925926,51,52,6,1,1.0,0,-0.86602540378443837,-0.50000000000000044,0,0,0,1,1,1,1,3,4,3,5,4,0,7,1,1,3,1,2,2,0,11.669929213779893,1,0,46,1
1439,7407,Lvl,Inside,OldTown,1Fam,1Story,6,7,Gable,CBlock,1236,2,0,2010,Normal,90.0,MetalSd,WD,MnPrv,Attchd,None,2,600,0,912,0.65789473684210531,316,1,0.16686917780477925,53,53,14,1,2.0,1,0.86602540378443871,-0.49999999999999978,1,158,158,1,1,1,0,3,3,3,3,3,0,7,1,1,3,1,2,2,0,11.916388570407721,4,0,39,0
549,8235,HLS,Inside,OldTown,1Fam,1Story,5,7,Gable,CBlock,825,2,0,2008,Normal,49.0,MetalSd,WD,MnPrv,Detchd,None,2,180,645,825,1.0,190,1,0.10018214936247723,45,53,13,1,2.0,1,1.2246467991473532e-16,-1.0,1,0,190,1,1,1,1,3,4,3,3,3,0,7,3,1,2,2,2,2,0,11.736069016284437,3,0,40,0
789,6000,Lvl,Corner,OldTown,1Fam,1Story,4,7,Gable,CBlock,901,2,0,2008,Normal,50.0,MetalSd,WD,None,Detchd,None,1,0,0,901,0.0,0,0,0.15016666666666667,54,54,8,1,1.0,0,-0.86602540378443837,-0.50000000000000044,0,0,0,1,1,1,1,3,3,3,5,3,0,7,1,1,3,1,2,2,0,11.588960151246226,2,0,46,1
580,12150,Lvl,Inside,OldTown,1Fam,1.5Fin,5,5,Gable,BrkTil,1795,4,0,2008,Normal,81.0,MetalSd,WD,None,Attchd,BrkFace,1,0,0,1050,0.0,0,0,0.14773662551440328,54,54,54,0,2.0,0,-0.50000000000000044,0.86602540378443837,0,0,0,1,0,1,0,3,3,3,5,3,0,7,1,1,3,1,2,2,1,11.786762130599957,2,0,0,0
638,6000,Lvl,Inside,OldTown,2fmCon,1.5Fin,5,4,Gable,CBlock,1387,3,0,2009,Normal,50.0,Wd Sdng,WD,None,BuiltIn,None,1,0,0,811,0.0,0,0,0.23116666666666666,55,55,55,0,2.0,0,-0.50000000000000044,0.86602540378443837,0,0,0,1,1,0,0,3,3,3,3,4,0,7,1,1,3,1,2,2,0,11.440354772135393,4,0,0,0
822,6000,Bnk,Inside,OldTown,2fmCon,1Story,4,4,Gable,CBlock,936,2,0,2009,Normal,60.0,MetalSd,WD,None,Detchd,None,2,0,0,936,0.0,144,1,0.156,35,56,56,0,1.0,0,0.8660254037844386,0.50000000000000011,0,112,32,1,0,1,1,2,3,2,3,3,0,5,1,1,3,1,2,1,2,11.440354772135393,4,0,0,0
506,7596,Lvl,Inside,OldTown,Duplex,2Story,5,5,Hip,CBlock,1960,4,0,2009,Normal,60.0,Wd Sdng,COD,None,Detchd,BrkFace,2,0,0,960,0.0,0,0,0.258030542390732,57,57,57,0,2.0,1,-0.49999999999999972,-0.86602540378443882,1,0,0,1,1,0,1,3,3,3,4,3,0,7,1,1,3,1,0,2,1,11.732060994886899,3,0,0,0
837,8100,Lvl,Inside,OldTown,1Fam,1Story,5,6,Gable,BrkTil,1559,2,0,2007,Normal,90.0,VinylSd,COD,GdWo,Detchd,None,2,338,0,1559,0.21680564464400257,346,1,0.19246913580246913,59,59,34,1,2.0,0,1.2246467991473532e-16,-1.0,1,230,116,1,1,1,1,3,3,3,4,3,0,5,1,1,3,1,2,2,2,11.941455846009388,3,0,25,0
450,6000,Lvl,Inside,OldTown,1Fam,1.5Fin,3,7,Gable,CBlock,1183,2,0,2007,Normal,50.0,MetalSd,WD,None,Detchd,None,1,331,0,649,0.51001540832049308,176,1,0.19716666666666666,26,59,5,1,1.5,0,1.2246467991473532e-16,-1.0,1,0,176,1,1,1,1,3,4,3,5,3,0,7,1,1,3,1,2,2,0,11.695247021764184,1,0,54,1
1309,12000,Lvl,Inside,OldTown,1Fam,1Story,5,7,Gable,CBlock,1122,2,0,2008,Normal,100.0,MetalSd,WD,GdWo,Attchd,None,2,144,608,924,0.81385281385281383,36,1,0.0935,60,60,3,1,2.0,0,0.49999999999999994,-0.86602540378443871,1,0,36,1,1,1,1,3,3,3,5,4,0,7,5,1,3,1,2,2,0,11.898187865760873,2,0,57,1
108,6000,Lvl,Inside,OldTown,1Fam,1Story,5,5,Gable,CBlock,789,2,0,2008,Partial,50.0,VinylSd,WD,None,Detchd,None,1,104,169,789,0.34600760456273766,0,0,0.1315,60,60,58,1,1.0,0,0.86602540378443871,-0.49999999999999978,1,0,0,1,1,1,1,3,3,3,5,3,0,7,4,1,3,1,2,2,0,11.652687407345388,2,0,2,0
242,3880,Lvl,Inside,OldTown,1Fam,1Story,5,9,Gable,CBlock,866,2,0,2007,Normal,40.0,VinylSd,WD,None,None,None,0,329,0,686,0.47959183673469385,100,1,0.22319587628865981,-999,62,10,1,1.0,0,-0.86602540378443837,-0.50000000000000044,0,0,100,1,1,1,1,3,4,3,4,4,0,7,1,1,3,0,2,2,0,11.612770799939945,2,0,52,1
205,3500,Lvl,Inside,OldTown,1Fam,1.5Fin,5,7,Gable,CBlock,1284,2,0,2009,Normal,50.0,AsbShng,WD,MnWw,Detchd,None,1,312,0,720,0.43333333333333335,35,1,0.36685714285714288,61,62,59,1,1.5,0,0.86602540378443871,-0.49999999999999978,1,0,35,1,1,1,1,3,3,3,3,3,0,7,1,1,3,1,2,2,1,11.608235644774552,4,0,3,0
426,3378,HLS,Inside,OldTown,1Fam,2Story,7,8,Gable,CBlock,1389,3,2,2009,Normal,60.0,HdBoard,WD,None,Detchd,None,1,0,0,651,0.0,126,1,0.411190053285968,62,63,17,1,1.5,0,-1.0,-1.8369701987210297e-16,0,126,0,1,1,1,1,3,4,3,4,3,4,7,1,1,3,1,1,2,1,11.813030057420567,2,0,46,1
1338,4118,Bnk,Corner,OldTown,1Fam,1Story,4,4,Gable,CBlock,693,2,0,2006,Normal,153.0,Wd Sdng,WD,None,None,None,0,0,0,693,0.0,20,1,0.16828557552209811,-999,65,56,1,1.0,1,1.0,6.123233995736766e-17,0,0,20,0,0,1,0,3,3,3,2,2,0,7,1,1,2,0,0,1,1,10.868568448579715,5,0,9,0
69,4608,Lvl,Corner,OldTown,1Fam,1Story,4,6,Gable,CBlock,747,2,0,2010,Normal,47.0,MetalSd,WD,None,Attchd,None,1,0,0,747,0.0,0,0,0.162109375,65,65,60,1,1.0,1,1.2246467991473532e-16,-1.0,1,0,0,1,1,1,1,3,4,3,3,3,0,7,1,1,3,1,2,2,0,11.289781913656018,3,0,5,1
171,12358,Lvl,Inside,OldTown,1Fam,1.5Fin,5,6,Gable,CBlock,1382,2,0,2007,Normal,60.0,MetalSd,WD,None,Detchd,None,2,360,0,720,0.5,237,1,0.11183039326751902,16,66,57,1,1.5,1,0.49999999999999994,-0.86602540378443871,1,0,237,1,1,1,1,3,3,3,3,3,0,7,1,1,2,1,2,2,0,11.763684183317412,4,0,9,0
313,7800,Lvl,Inside,OldTown,2fmCon,1.5Fin,5,7,Gable,CBlock,1118,3,1,2006,Normal,65.0,MetalSd,WD,MnPrv,Detchd,None,2,507,0,793,0.639344262295082,271,1,0.14333333333333334,67,67,56,1,2.0,1,0.49999999999999994,-0.86602540378443871,1,271,0,1,1,1,1,3,3,4,3,3,4,7,1,2,3,1,2,2,0,11.694413341015606,4,0,11,0
395,10134,Lvl,Inside,OldTown,1Fam,1.5Fin,5,6,Gable,CBlock,1034,2,0,2007,Normal,60.0,MetalSd,WD,None,Detchd,None,1,0,0,735,0.0,39,1,0.10203276100256561,67,67,57,1,1.0,0,-0.49999999999999972,-0.86602540378443882,1,0,39,1,1,1,0,3,3,3,4,3,0,7,1,1,3,1,2,2,0,11.59910316121128,3,0,10,0
875,5720,Lvl,Inside,OldTown,1Fam,1.5Fin,5,6,Gable,CBlock,1131,3,0,2009,Abnorml,52.0,Wd Sdng,WD,None,Detchd,None,1,0,0,676,0.0,26,1,0.19772727272727272,68,68,59,1,1.5,1,-0.86602540378443837,-0.50000000000000044,0,0,26,1,1,1,1,3,3,3,5,3,0,7,1,1,3,1,2,2,0,11.104957226643945,2,0,9,0
480,5925,Bnk,Inside,OldTown,1Fam,1Story,4,7,Hip,BrkTil,1131,2,0,2007,Alloca,50.0,Stucco,WD,MnPrv,Detchd,BrkCmn,2,168,0,907,0.185226019845645,72,1,0.1908860759493671,12,70,7,1,1.0,0,1.0,6.123233995736766e-17,0,0,72,1,1,1,1,3,3,2,3,3,0,7,1,1,3,1,2,2,0,11.401669829409995,4,0,63,1
1429,7200,Lvl,Corner,OldTown,1Fam,1Story,5,7,Gable,CBlock,804,2,2,2010,Abnorml,60.0,MetalSd,WD,MnPrv,Attchd,Stone,1,510,0,788,0.64720812182741116,154,1,0.11166666666666666,70,70,18,1,2.0,0,0.8660254037844386,0.50000000000000011,0,154,0,1,1,1,1,3,4,3,3,4,4,7,1,1,3,1,2,2,0,11.686878772093667,3,0,52,1
1077,10800,Lvl,Inside,OldTown,1Fam,1.5Fin,5,8,Gable,CBlock,1466,3,1,2006,Normal,60.0,Wd Sdng,WD,None,Attchd,None,2,626,0,796,0.78643216080402012,457,1,0.13574074074074075,56,70,17,1,2.5,0,0.86602540378443871,-0.49999999999999978,1,0,457,1,1,1,1,3,3,2,4,4,3,6,1,1,3,1,2,2,1,12.043553716032399,3,0,53,1
495,5784,Lvl,Inside,OldTown,1Fam,1Story,5,8,Gable,BrkTil,886,2,0,2009,Normal,50.0,MetalSd,WD,None,Attchd,None,1,0,0,190,0.0,244,1,0.15318118948824344,71,71,13,1,1.0,1,-2.4492935982947064e-16,1.0,0,80,164,1,1,1,0,3,3,2,4,3,0,7,1,1,3,1,2,2,0,11.421906066583059,3,0,58,1
451,5684,Lvl,Inside,OldTown,1Fam,1Story,6,8,Hip,BrkTil,813,2,0,2006,Normal,70.0,Wd Sdng,WD,None,Detchd,None,1,0,0,813,0.0,113,1,0.14303307529908516,74,76,1,1,1.0,0,1.2246467991473532e-16,-1.0,1,0,113,1,1,1,0,3,3,3,5,4,0,7,1,1,3,1,0,2,0,11.608235644774552,2,0,75,1
9,6120,Lvl,Inside,OldTown,1Fam,1.5Fin,7,5,Gable,BrkTil,1774,2,2,2008,Abnorml,51.0,BrkFace,WD,None,Detchd,None,2,0,0,952,0.0,295,1,0.28986928104575166,77,77,58,1,2.0,1,0.86602540378443871,-0.49999999999999978,1,205,90,1,1,0,0,3,3,3,4,3,3,6,1,1,3,1,2,2,0,11.774520202658691,3,0,19,0
1023,9439,Lvl,Inside,OldTown,1Fam,1.5Fin,5,5,Gable,CBlock,1248,2,0,2007,Normal,52.0,Wd Sdng,WD,None,Detchd,None,1,324,0,912,0.35526315789473684,192,1,0.13221739591058373,50,77,57,1,1.0,0,1.0,6.123233995736766e-17,0,192,0,1,1,1,0,3,3,3,4,3,0,7,1,1,3,1,2,2,0,11.373663397636721,3,0,20,0
128,4388,Bnk,Inside,OldTown,1Fam,1.5Unf,5,7,Gable,BrkTil,840,3,1,2007,Normal,55.0,WdShing,WD,None,None,None,0,116,0,672,0.17261904761904762,0,0,0.19143117593436645,-999,77,57,1,1.0,1,1.2246467991473532e-16,-1.0,1,0,0,1,1,1,1,3,4,3,5,3,3,7,1,1,2,0,0,2,0,11.373663397636721,1,0,20,0
509,9600,Lvl,Inside,OldTown,1Fam,2Story,7,9,Gambrel,BrkTil,1378,3,1,2008,Normal,60.0,MetalSd,WD,None,Detchd,None,2,141,0,689,0.204644412191582,116,1,0.14354166666666668,80,80,3,1,2.0,0,-0.8660254037844386,0.50000000000000011,0,116,0,1,1,1,1,3,5,3,5,4,4,7,1,1,3,1,0,2,0,11.9891596439666,0,0,77,1
1064,6000,Lvl,Inside,OldTown,1Fam,1Story,6,6,Gable,BrkTil,1103,2,1,2006,Normal,50.0,MetalSd,WD,MnPrv,Detchd,None,2,397,0,1103,0.35992747053490481,286,1,0.18383333333333332,30,81,26,1,1.0,1,-0.49999999999999972,-0.86602540378443882,1,0,286,1,1,1,1,3,4,3,4,4,4,7,1,1,3,1,2,2,0,11.612770799939945,2,0,55,1
218,9906,Lvl,Inside,OldTown,1Fam,2Story,4,4,Gable,CBlock,1328,3,0,2006,Family,57.0,MetalSd,WD,None,Detchd,None,1,0,0,686,0.0,232,1,0.13406016555622854,66,81,56,1,1.0,0,-1.0,-1.8369701987210297e-16,0,60,172,1,0,1,1,3,3,3,2,3,0,7,1,1,3,1,2,2,1,11.580584113444043,5,0,25,0
165,5400,Lvl,Corner,OldTown,1Fam,1Story,6,7,Gable,BrkTil,1616,3,0,2007,Normal,40.0,MetalSd,WD,None,Detchd,None,1,370,0,1149,0.32201914708442125,183,1,0.29925925925925928,81,81,3,1,2.0,0,-0.8660254037844386,0.50000000000000011,0,183,0,1,1,1,0,3,4,3,4,4,0,7,1,2,3,1,2,2,2,11.931635799828413,2,0,78,1
264,5500,Lvl,Corner,OldTown,1Fam,1.5Fin,5,7,Gable,BrkTil,1316,3,0,2010,Normal,50.0,Wd Sdng,WD,None,Detchd,None,2,234,692,926,1.0,0,0,0.23927272727272728,36,81,9,1,2.0,0,0.86602540378443871,-0.49999999999999978,1,0,0,1,1,1,1,3,3,3,3,3,0,7,5,1,3,1,2,2,0,11.77528972943772,4,0,72,1
315,9600,Lvl,Inside,OldTown,1Fam,2Story,7,7,Gable,BrkTil,1641,3,1,2006,Normal,60.0,Wd Sdng,WD,None,Detchd,None,2,16,0,728,0.02197802197802198,234,1,0.1709375,81,81,16,1,2.0,0,-0.86602540378443837,-0.50000000000000044,0,234,0,1,1,1,1,3,3,3,5,5,4,7,1,1,3,1,2,2,1,12.089538829274222,2,0,65,1
1149,5700,Lvl,Inside,OldTown,1Fam,1.5Fin,7,7,Gable,PConc,1111,2,1,2008,Normal,60.0,Wd Sdng,WD,None,Detchd,None,1,0,0,572,0.0,176,1,0.1949122807017544,26,82,58,1,1.0,0,-0.86602540378443837,-0.50000000000000044,0,176,0,1,1,1,1,3,3,3,3,3,4,7,1,1,3,1,2,2,0,11.66907414746016,4,0,24,0
354,8520,Lvl,Inside,OldTown,1Fam,1Story,6,8,Gable,BrkTil,720,2,0,2010,Normal,60.0,VinylSd,WD,None,Detchd,None,2,0,0,624,0.0,106,1,0.084507042253521125,5,82,7,1,1.0,0,0.49999999999999994,-0.86602540378443871,1,0,106,1,1,1,1,3,4,3,4,3,0,7,1,1,3,1,2,2,0,11.570250531589497,2,0,75,1
203,7000,Lvl,Corner,OldTown,1Fam,1.5Fin,6,6,Gable,BrkTil,1310,2,0,2006,Normal,50.0,MetalSd,COD,None,Attchd,None,1,617,0,617,1.0,126,1,0.18714285714285714,82,82,56,1,2.0,1,0.49999999999999994,-0.86602540378443871,1,126,0,1,1,1,1,3,4,2,4,3,0,6,1,1,3,1,2,2,0,11.626254150277232,2,0,26,0
1193,9600,Lvl,Inside,OldTown,1Fam,1.5Fin,5,8,Gambrel,PConc,1472,3,0,2007,Normal,60.0,VinylSd,WD,GdWo,Detchd,None,1,0,0,702,0.0,84,1,0.15333333333333332,82,82,13,1,1.0,0,-0.49999999999999972,-0.86602540378443882,1,84,0,1,1,1,1,3,3,3,4,4,0,7,1,2,3,1,1,2,1,11.736069016284437,3,0,69,1
1178,3950,Bnk,Inside,OldTown,1Fam,1.5Fin,6,8,Gable,CBlock,1224,3,0,2009,Normal,60.0,MetalSd,WD,None,Detchd,None,1,468,0,818,0.57212713936430315,116,1,0.309873417721519,83,83,5,1,1.0,1,-2.4492935982947064e-16,1.0,0,116,0,1,1,1,1,3,3,3,3,3,0,7,1,1,3,1,0,2,1,11.652687407345388,4,0,78,1
414,8960,Lvl,Inside,OldTown,1Fam,1Story,5,6,Gable,CBlock,1028,2,1,2010,Normal,56.0,WdShing,WD,None,Detchd,None,2,0,0,1008,0.0,130,1,0.11473214285714285,83,83,60,1,1.0,1,1.0,6.123233995736766e-17,0,130,0,1,1,1,0,3,3,3,4,3,4,7,1,1,3,1,2,2,1,11.652687407345388,3,0,23,0
265,5232,Bnk,Inside,OldTown,1Fam,1Story,5,5,Gable,BrkTil,764,2,0,2008,Normal,30.0,Wd Sdng,WD,None,Detchd,None,2,0,0,680,0.0,0,0,0.14602446483180428,43,83,4,1,1.0,1,1.2246467991473532e-16,-1.0,1,0,0,1,0,1,0,3,3,2,4,3,0,7,1,1,0,1,0,2,1,11.198214720130528,3,0,79,0
155,11340,Lvl,Corner,OldTown,1Fam,1Story,6,5,Gable,BrkTil,1200,4,0,2006,Family,84.0,Wd Sdng,WD,None,Detchd,None,1,0,0,1200,0.0,228,1,0.10582010582010581,83,83,56,1,1.0,0,1.0,6.123233995736766e-17,0,228,0,1,1,1,0,3,3,3,3,3,0,7,1,1,3,1,2,2,0,11.736069016284437,4,0,27,0
459,5100,Lvl,Inside,OldTown,1Fam,2Story,8,7,Hip,PConc,1666,3,1,2008,Normal,60.0,Stucco,WD,MnPrv,Detchd,None,1,0,0,588,0.0,255,1,0.32666666666666666,83,83,12,1,1.0,0,1.2246467991473532e-16,-1.0,1,0,255,1,1,1,1,3,4,3,2,4,4,7,1,1,3,1,2,2,1,11.9891596439666,4,0,71,1
180,8520,Lvl,Inside,OldTown,1Fam,1Story,5,6,Gable,CBlock,968,2,0,2007,Normal,60.0,Wd Sdng,WD,None,Detchd,None,2,0,0,968,0.0,184,1,0.1136150234741784,72,84,1,1,1.0,0,-0.49999999999999972,-0.86602540378443882,1,184,0,1,1,1,1,4,3,3,3,3,0,7,1,1,3,1,0,2,0,11.512925464970229,4,0,83,1
678,9022,Lvl,Inside,OldTown,1Fam,1Story,5,8,Gable,BrkTil,792,2,0,2009,Normal,52.0,VinylSd,WD,None,Detchd,None,1,0,0,768,0.0,436,1,0.087785413433828424,85,85,3,1,1.0,0,0.49999999999999994,-0.86602540378443871,1,120,316,1,1,1,1,4,3,3,5,4,0,7,1,1,3,1,0,2,0,11.603679828238693,2,0,82,1
694,5400,Lvl,Corner,OldTown,1Fam,1Story,5,6,Gable,BrkTil,1073,2,0,2006,Abnorml,60.0,MetalSd,WD,None,Detchd,None,1,0,0,1073,0.0,112,1,0.19870370370370372,38,85,38,1,1.0,0,-2.4492935982947064e-16,1.0,0,112,0,1,1,1,1,3,3,3,5,3,0,7,1,1,3,1,2,0,0,11.594321103174222,2,0,47,1
1383,7200,Lvl,Corner,OldTown,1Fam,2Story,7,7,Hip,BrkTil,1762,4,0,2006,Normal,60.0,Wd Sdng,WD,None,Detchd,None,2,0,0,596,0.0,257,1,0.24472222222222223,17,86,56,1,2.5,0,-0.8660254037844386,0.50000000000000011,0,221,36,1,1,1,1,3,3,2,5,4,0,7,1,1,3,1,0,2,0,11.964001084330445,2,0,30,0
437,4400,Lvl,Inside,OldTown,1Fam,1.5Fin,6,8,Gable,BrkTil,1118,2,0,2006,Normal,40.0,Stucco,WD,None,Detchd,None,2,0,0,648,0.0,0,0,0.25409090909090909,16,86,56,1,1.0,0,-0.8660254037844386,0.50000000000000011,0,0,0,1,1,1,0,3,3,2,3,3,0,7,1,1,3,1,2,2,0,11.661345470088502,4,0,30,0
1184,10800,Lvl,Inside,OldTown,1Fam,1Story,5,6,Hip,BrkTil,1130,2,1,2006,Normal,60.0,Stucco,WD,None,Detchd,None,2,821,0,1120,0.73303571428571423,229,1,0.10462962962962963,36,86,56,1,2.0,0,1.2246467991473532e-16,-1.0,1,0,229,1,1,1,1,3,3,3,5,3,4,7,1,1,3,1,2,2,1,11.695247021764184,2,0,30,0
1002,5400,Lvl,Corner,OldTown,1Fam,1Story,5,6,Gable,BrkTil,691,2,0,2007,Abnorml,60.0,Wd Sdng,WD,None,Detchd,None,1,0,0,691,0.0,114,1,0.12796296296296297,87,87,57,1,1.0,0,0.49999999999999994,0.86602540378443871,0,94,20,1,1,1,0,3,3,2,5,5,0,7,1,1,3,1,0,2,0,11.362102575235644,2,0,30,0
1346,6000,Lvl,Inside,OldTown,1Fam,1Story,4,4,Hip,PConc,960,2,0,2007,Normal,50.0,MetalSd,WD,None,Detchd,None,1,250,0,960,0.26041666666666669,168,1,0.16,10,87,57,1,1.0,0,-0.49999999999999972,-0.86602540378443882,1,168,0,1,1,1,0,3,3,3,4,2,0,7,1,1,3,1,2,2,0,11.594505451962652,3,0,30,0
1329,10440,Lvl,Corner,OldTown,1Fam,1.5Fin,6,7,Gable,BrkTil,2792,5,2,2008,Normal,60.0,BrkFace,WD,MnPrv,Detchd,None,2,493,0,1510,0.32649006622516558,1027,1,0.26743295019157087,88,88,58,1,2.0,0,1.2246467991473532e-16,-1.0,1,480,547,0,1,1,1,4,4,4,5,3,3,4,1,1,3,1,2,2,1,12.4529327234617,1,0,30,0
432,5586,Bnk,Inside,OldTown,1Fam,1.5Fin,6,7,Gable,BrkTil,1198,4,0,2008,Abnorml,60.0,MetalSd,ConLD,MnPrv,None,None,0,0,0,901,0.0,98,1,0.21446473326172574,-999,88,10,1,1.0,1,-1.0,-1.8369701987210297e-16,0,0,98,1,1,1,1,3,3,3,4,3,0,7,1,1,2,0,0,2,0,11.288531131754366,3,0,78,1
49,4456,Lvl,Inside,OldTown,2fmCon,2Story,4,5,Gable,BrkTil,1452,2,0,2009,Partial,33.0,MetalSd,New,None,None,None,0,0,0,736,0.0,102,1,0.3258527827648115,-999,89,1,1,2.0,0,1.2246467991473532e-16,-1.0,1,102,0,1,1,0,1,3,3,3,4,3,0,7,1,1,3,0,0,2,0,11.635143097694478,3,0,88,0
1150,9000,Lvl,Inside,OldTown,1Fam,2Story,7,9,Hip,PConc,1482,3,0,2009,Normal,50.0,VinylSd,WD,None,Detchd,None,2,624,0,650,0.96,0,0,0.16466666666666666,79,89,21,1,1.5,1,-0.49999999999999972,-0.86602540378443882,1,0,0,1,1,1,1,3,4,3,5,3,0,7,1,1,3,1,2,2,0,11.870599909242044,1,0,68,1
64,10300,Bnk,Inside,OldTown,1Fam,2Story,7,6,Gable,BrkTil,1710,3,0,2010,Normal,50.0,Stucco,WD,GdPrv,Detchd,None,2,0,0,576,0.0,87,1,0.16601941747572815,20,89,60,1,2.0,1,0.86602540378443871,-0.49999999999999978,1,64,23,1,1,1,1,3,3,3,4,3,0,7,1,1,2,1,2,2,0,11.849397701591441,3,0,29,0
1371,5400,Lvl,Corner,OldTown,1Fam,1.5Fin,4,6,Gable,PConc,1374,2,0,2009,Normal,90.0,CBlock,WD,None,Detchd,None,1,315,105,840,0.5,198,1,0.25444444444444442,42,89,59,1,1.0,1,-0.8660254037844386,0.50000000000000011,0,198,0,1,1,1,1,2,3,3,5,3,0,7,3,1,3,3,2,2,0,11.561715629139661,2,0,30,1
1198,8850,Bnk,Corner,OldTown,1Fam,2.5Unf,7,6,Gable,BrkTil,1690,3,1,2006,Normal,65.0,MetalSd,ConLw,None,Detchd,None,1,0,0,815,0.0,330,1,0.19096045197740114,90,90,56,1,1.0,0,-0.49999999999999972,-0.86602540378443882,1,330,0,1,1,1,1,3,3,3,5,3,4,7,1,1,2,1,2,2,0,11.877568578558138,2,0,34,0
1388,8520,Lvl,Inside,OldTown,1Fam,1.5Fin,6,7,Gable,BrkTil,2526,5,1,2007,Family,60.0,Stucco,CWD,GdWo,Detchd,None,1,168,546,714,1.0,103,1,0.29647887323943661,91,91,57,1,2.0,1,-0.86602540378443837,-0.50000000000000044,0,0,103,0,0,1,1,3,4,3,3,4,4,7,2,1,3,1,2,2,1,11.820410164718188,3,0,34,0
1249,9600,Lvl,Inside,OldTown,1Fam,2.5Unf,6,5,Gable,BrkTil,2058,3,1,2008,Normal,60.0,AsbShng,WD,None,Detchd,None,2,319,0,735,0.43401360544217688,259,1,0.214375,58,91,58,1,1.5,0,0.86602540378443871,-0.49999999999999978,1,259,0,0,0,1,1,3,3,4,2,3,4,7,1,1,3,1,1,2,1,11.771436160121729,5,0,33,0
1405,10410,Lvl,Corner,OldTown,1Fam,1.5Fin,3,4,Gable,PConc,1214,3,0,2006,Family,60.0,Wd Sdng,WD,MnPrv,Detchd,None,3,0,0,672,0.0,376,1,0.11661863592699327,8,91,56,1,1.0,1,0.49999999999999994,0.86602540378443871,0,160,216,1,1,1,1,3,3,3,3,3,0,7,1,1,3,1,2,2,1,11.561715629139661,4,0,35,0
736,10800,Lvl,Inside,OldTown,1Fam,2.5Unf,7,7,Gable,BrkTil,1768,2,2,2006,Normal,60.0,Wd Sdng,WD,None,Detchd,None,2,390,0,880,0.44318181818181818,341,1,0.16370370370370371,92,92,36,1,1.5,0,-0.8660254037844386,0.50000000000000011,0,0,341,0,0,1,1,3,3,4,2,3,3,7,1,2,3,1,0,2,0,12.0015054797889,5,0,56,1
457,4571,Lvl,Inside,OldTown,1Fam,2Story,5,5,Gable,BrkTil,1344,4,0,2008,Abnorml,34.0,AsbShng,COD,None,Detchd,None,3,0,0,624,0.0,96,1,0.29402756508422667,92,92,58,1,1.0,0,0.49999999999999994,-0.86602540378443871,1,96,0,1,0,1,1,3,3,3,2,3,0,7,1,1,3,1,2,2,1,11.492722757652709,5,0,34,0
188,10410,Lvl,Inside,OldTown,1Fam,1.5Fin,5,7,Gable,CBlock,1656,3,0,2009,Normal,60.0,HdBoard,WD,MnPrv,Detchd,None,1,0,0,660,0.0,140,1,0.15907780979827088,93,93,22,1,2.5,0,-0.86602540378443837,-0.50000000000000044,0,140,0,1,1,1,1,3,3,2,5,3,0,5,1,1,3,1,0,2,0,11.813030057420567,2,0,71,1
845,12665,Lvl,Inside,OldTown,1Fam,1.5Fin,5,8,Gable,BrkTil,1416,4,1,2008,Normal,100.0,Wd Sdng,WD,None,Detchd,None,3,0,0,876,0.0,612,1,0.11180418476115278,59,93,58,1,1.5,1,1.2246467991473532e-16,-1.0,1,194,418,1,1,1,1,3,3,3,4,3,4,7,1,2,2,1,2,2,1,11.94405831982697,3,0,35,0
483,2500,Lvl,Corner,OldTown,1Fam,2Story,7,8,Gable,PConc,1826,4,1,2009,Normal,50.0,Stucco,WD,None,Attchd,None,1,299,0,910,0.32857142857142857,0,0,0.7304,94,94,4,1,2.5,0,1.2246467991473532e-16,-1.0,1,0,0,1,1,1,1,4,3,3,5,5,4,5,1,1,3,1,2,2,2,11.951180395901384,2,0,90,1
785,6300,Lvl,Inside,OldTown,1Fam,2.5Unf,6,6,Gable,CBlock,1484,3,1,2008,Normal,35.0,Wd Sdng,WD,None,None,None,0,0,0,742,0.0,425,1,0.23555555555555555,-999,94,7,1,2.0,0,1.2246467991473532e-16,-1.0,1,134,291,1,1,1,1,3,3,3,5,3,4,7,1,1,3,0,2,2,1,11.759785542901755,2,0,87,1
75,5790,Lvl,Corner,OldTown,1Fam,2Story,3,6,Gambrel,CBlock,1605,3,0,2010,Normal,60.0,VinylSd,WD,None,Detchd,None,1,0,0,840,0.0,202,1,0.27720207253886009,95,95,60,1,2.0,0,0.49999999999999994,-0.86602540378443871,1,202,0,1,0,0,1,4,4,2,4,3,0,7,1,1,3,1,2,2,0,11.584315461056901,2,0,35,1
787,10800,Lvl,Inside,OldTown,1Fam,1.5Fin,5,6,Gable,PConc,1652,4,0,2010,Normal,60.0,MetalSd,WD,None,Detchd,None,1,686,0,686,1.0,196,1,0.15296296296296297,49,95,60,1,3.0,1,1.2246467991473532e-16,-1.0,1,196,0,1,1,1,1,3,4,2,3,3,0,7,1,1,3,1,2,2,0,11.842229212112828,3,0,35,0
987,5310,Lvl,Corner,OldTown,1Fam,1.5Fin,6,8,Hip,CBlock,1635,2,0,2006,Normal,59.0,VinylSd,WD,None,Attchd,None,1,0,0,485,0.0,394,1,0.307909604519774,56,96,3,1,1.0,1,1.2246467991473532e-16,-1.0,1,0,394,1,1,1,1,3,4,3,4,4,0,7,1,1,3,1,2,2,0,11.669929213779893,2,0,93,1
597,3600,Lvl,Inside,OldTown,1Fam,2Story,6,7,Gable,CBlock,1368,3,0,2006,Normal,60.0,VinylSd,WD,None,Detchd,None,1,0,0,684,0.0,158,1,0.38,76,96,13,1,1.0,0,-0.8660254037844386,0.50000000000000011,0,0,158,1,0,1,0,3,3,3,5,3,0,7,1,1,3,1,0,2,1,11.648365035864053,2,0,83,1
247,9142,Lvl,Inside,OldTown,2fmCon,2Story,6,8,Gable,Stone,1928,4,0,2006,Normal,69.0,AsbShng,WD,None,Detchd,None,1,0,0,1020,0.0,172,1,0.21089477138481733,96,96,56,1,2.0,0,0.86602540378443871,-0.49999999999999978,1,112,60,1,0,0,0,3,2,2,4,2,0,7,1,1,3,1,2,2,1,11.827736204810263,4,0,40,0
741,9600,Lvl,Inside,OldTown,1Fam,2Story,5,7,Gable,BrkTil,1432,2,0,2007,Abnorml,60.0,Wd Sdng,WD,GdPrv,Detchd,None,2,0,0,264,0.0,382,1,0.14916666666666667,97,97,5,1,2.0,0,0.49999999999999994,-0.86602540378443871,1,112,270,1,1,1,1,3,4,2,5,3,0,7,1,1,3,1,2,2,1,11.790557201568507,1,0,92,1
199,5520,Lvl,Corner,OldTown,1Fam,2.5Fin,6,6,Gable,CBlock,2229,5,0,2009,Abnorml,92.0,Wd Sdng,WD,MnPrv,None,None,0,0,0,755,0.0,228,1,0.40380434782608693,-999,97,59,1,1.0,0,-0.49999999999999972,-0.86602540378443882,1,30,198,1,1,1,1,3,3,3,5,3,0,7,1,1,3,0,2,2,0,11.552146178123509,2,0,38,0
1267,10120,Bnk,Inside,OldTown,2fmCon,2.5Unf,7,4,Hip,CBlock,1889,4,1,2007,Normal,60.0,Wd Sdng,WD,MnPrv,Detchd,None,1,0,0,925,0.0,264,1,0.1866600790513834,47,97,57,1,1.5,1,0.49999999999999994,0.86602540378443871,0,264,0,1,0,0,0,2,3,3,3,3,4,7,1,1,2,1,0,2,0,11.711776323715394,4,0,40,0
1014,7200,Lvl,Inside,OldTown,1Fam,1Story,5,4,Hip,BrkTil,1022,2,0,2009,Normal,60.0,MetalSd,WD,None,Detchd,None,1,247,465,1022,0.69667318982387472,256,1,0.14194444444444446,53,99,3,1,2.0,0,1.2246467991473532e-16,-1.0,1,226,30,0,0,1,1,3,3,3,3,3,0,2,3,1,3,1,2,2,0,11.350406535472453,4,0,96,0
969,5925,Lvl,Inside,OldTown,1Fam,1.5Fin,3,6,Gable,BrkTil,968,2,0,2009,Abnorml,50.0,VinylSd,WD,GdWo,None,None,0,0,0,600,0.0,0,0,0.16337552742616035,-999,99,59,1,1.0,0,0.49999999999999994,-0.86602540378443871,1,0,0,0,0,1,1,3,3,3,2,3,0,7,1,1,3,0,2,2,0,10.542706391070517,5,0,40,1
80,10440,Lvl,Corner,OldTown,1Fam,2Story,5,6,Gable,PConc,1230,2,0,2009,Normal,60.0,Wd Sdng,WD,MnPrv,Detchd,None,2,0,0,440,0.0,202,1,0.11781609195402298,43,99,28,1,1.5,0,0.49999999999999994,-0.86602540378443871,1,128,74,1,1,1,1,3,3,3,4,3,0,7,1,1,3,1,2,2,1,11.608235644774552,3,0,71,1
751,8800,Lvl,Corner,OldTown,1Fam,1.5Fin,4,7,Gable,BrkTil,1140,3,0,2010,Normal,55.0,Wd Sdng,WD,None,None,None,0,0,0,576,0.0,160,1,0.12954545454545455,-999,100,6,1,1.0,0,1.2246467991473532e-16,-1.0,1,0,160,1,1,1,1,3,3,3,4,3,0,5,1,1,3,0,0,2,1,11.477298287327077,3,0,94,1
1409,7740,Lvl,Inside,OldTown,1Fam,2Story,4,7,Gable,CBlock,1363,3,0,2010,Normal,60.0,VinylSd,WD,None,Detchd,None,2,0,0,622,0.0,168,1,0.17609819121447029,44,100,60,1,1.0,0,1.2246467991473532e-16,-1.0,1,168,0,1,1,1,1,3,3,2,4,3,0,7,1,1,3,1,2,2,0,11.740061037553975,3,0,40,1
1394,10800,Lvl,Inside,OldTown,2fmCon,1.5Fin,6,7,Gable,BrkTil,1912,3,1,2008,Normal,60.0,Wd Sdng,WD,None,Detchd,None,2,0,0,482,0.0,237,1,0.17703703703703705,5,103,8,1,2.0,0,0.86602540378443871,-0.49999999999999978,1,212,25,1,0,0,1,3,3,2,5,3,3,7,1,1,3,1,2,2,2,12.0015054797889,2,0,95,1
842,10440,Lvl,Inside,OldTown,1Fam,2Story,5,8,Gable,PConc,1539,3,1,2008,Normal,60.0,MetalSd,WD,None,Detchd,None,2,0,0,650,0.0,216,1,0.14741379310344827,25,104,6,1,2.0,0,1.2246467991473532e-16,-1.0,1,68,148,1,1,1,1,3,3,3,4,4,1,7,1,1,3,1,1,2,1,11.967180737247824,3,0,98,1
243,5000,Lvl,Corner,OldTown,1Fam,1.5Fin,5,4,Gable,BrkTil,1440,3,0,2006,Normal,63.0,Wd Sdng,WD,None,Attchd,None,1,0,0,540,0.0,77,1,0.288,66,106,56,1,1.0,0,0.86602540378443871,-0.49999999999999978,1,77,0,1,0,1,0,3,3,3,4,3,0,7,1,1,3,1,2,2,0,11.277203131449159,3,0,50,0
677,9600,Lvl,Inside,OldTown,1Fam,2Story,4,2,Gable,BrkTil,1774,4,0,2006,Normal,60.0,AsbShng,WD,None,2Types,None,3,0,0,1095,0.0,90,1,0.18479166666666666,86,106,56,1,3.0,0,0.49999999999999994,-0.86602540378443871,1,90,0,0,0,0,1,3,3,3,2,3,0,5,1,1,3,1,0,2,1,11.373663397636721,5,0,50,0
489,10800,Lvl,Corner,OldTown,2fmCon,1.5Fin,5,4,Gable,CBlock,2414,3,1,2006,Normal,60.0,Wd Sdng,ConLD,None,Attchd,None,2,664,0,954,0.69601677148846963,142,1,0.22351851851851851,36,106,36,1,2.0,0,0.49999999999999994,-0.86602540378443871,1,0,142,1,0,0,0,3,2,3,3,3,4,4,1,1,3,1,0,2,0,11.982929094215963,5,1,70,0
1063,13600,Lvl,Inside,OldTown,2fmCon,2Story,5,5,Gable,BrkTil,2337,5,0,2007,Normal,85.0,Wd Sdng,WD,None,Detchd,None,2,0,0,662,0.0,57,1,0.17183823529411765,62,107,57,1,2.0,0,-1.0,-1.8369701987210297e-16,0,0,57,1,0,0,1,3,3,3,3,3,0,5,1,1,3,1,2,2,1,11.407564949312402,4,0,50,0
521,10800,Lvl,Inside,OldTown,2fmCon,2Story,4,7,Gable,BrkTil,1294,3,0,2008,Normal,60.0,MetalSd,WD,None,None,None,0,0,0,0,0.0,544,1,0.11981481481481482,-999,108,8,1,2.0,0,-0.86602540378443837,-0.50000000000000044,0,210,334,1,0,0,0,3,3,0,3,3,0,7,0,0,3,0,0,2,1,11.573550086786664,4,0,100,1
1187,10615,Bnk,Corner,OldTown,2fmCon,2Story,3,5,Gable,CBlock,1699,3,0,2009,Abnorml,107.0,HdBoard,WD,None,CarPort,None,2,440,0,978,0.44989775051124742,74,1,0.16005652378709373,89,109,39,1,3.0,1,-0.86602540378443837,-0.50000000000000044,0,0,74,1,1,0,1,3,3,2,3,3,0,7,1,2,2,1,2,1,0,11.461632170582678,4,0,70,0
704,7630,Lvl,Inside,OldTown,2fmCon,2Story,5,9,Gable,BrkTil,1812,4,1,2010,Normal,76.0,Wd Sdng,WD,MnPrv,Detchd,None,2,0,0,360,0.0,384,1,0.23748361730013107,11,110,14,1,2.0,1,0.49999999999999994,-0.86602540378443871,1,40,344,1,1,0,1,3,4,4,4,4,1,7,1,1,3,1,0,2,0,11.849397701591441,2,0,96,1
810,8100,Lvl,Corner,OldTown,1Fam,2.5Unf,5,5,Hip,PConc,2138,2,0,2009,Normal,90.0,AsbShng,WD,MnPrv,Detchd,None,2,0,0,849,0.0,196,1,0.26395061728395064,99,111,44,1,2.0,0,-0.50000000000000044,0.86602540378443837,0,0,196,1,0,0,0,3,3,3,3,3,0,7,1,1,3,1,0,2,0,11.571194373094205,4,0,67,0
186,22950,Lvl,Inside,OldTown,1Fam,2.5Fin,10,9,Gable,BrkTil,3608,4,2,2006,Normal,90.0,Wd Sdng,WD,GdPrv,Detchd,None,3,0,0,1107,0.0,670,1,0.15721132897603485,13,114,13,1,2.5,1,1.2246467991473532e-16,-1.0,1,410,260,1,1,1,1,4,4,3,5,5,3,7,1,2,1,1,2,2,0,13.071070083016778,1,0,101,1
584,13500,Lvl,Inside,OldTown,1Fam,2.5Unf,10,9,Gable,BrkTil,2775,3,1,2008,Normal,75.0,Wd Sdng,WD,None,Detchd,None,2,0,0,1237,0.0,607,1,0.20555555555555555,20,115,8,1,3.5,1,-0.49999999999999972,-0.86602540378443882,1,0,607,1,1,1,1,5,5,3,4,4,4,7,1,1,3,1,2,2,0,12.691580461311874,1,0,107,1
1293,6600,Lvl,Corner,OldTown,1Fam,2Story,5,4,Gable,Stone,2372,4,0,2009,Normal,60.0,Wd Sdng,WD,None,Attchd,None,1,0,0,994,0.0,287,1,0.35939393939393938,24,117,44,1,2.0,0,-2.4492935982947064e-16,1.0,0,0,287,1,0,0,1,3,3,3,3,3,0,5,1,1,3,2,2,2,0,11.585246126549855,4,0,73,0
717,10800,Bnk,Inside,OldTown,1Fam,2Story,7,8,Gable,BrkTil,2554,3,0,2007,Normal,60.0,Wd Sdng,WD,None,Detchd,None,2,0,0,718,0.0,191,1,0.23648148148148149,11,117,9,1,1.5,0,-0.49999999999999972,-0.86602540378443882,1,143,48,1,1,1,1,3,4,3,5,3,0,7,1,1,3,1,1,2,1,11.979799201207037,1,0,108,1
946,8820,Lvl,Corner,OldTown,1Fam,1.5Fin,5,6,Hip,BrkTil,1869,2,0,2009,Normal,98.0,VinylSd,WD,MnWw,Detchd,None,2,1088,0,1088,1.0,292,1,0.2119047619047619,46,119,13,1,1.0,0,-1.0,-1.8369701987210297e-16,0,244,48,1,1,1,1,3,3,3,3,3,0,7,1,1,3,1,2,2,0,11.735268696113669,4,0,106,1
107,10800,Lvl,Inside,OldTown,1Fam,1Story,4,7,Mansard,BrkTil,1047,2,0,2007,Normal,60.0,VinylSd,WD,None,Detchd,None,1,0,0,641,0.0,0,0,0.096944444444444444,53,122,12,1,1.0,0,-0.86602540378443837,-0.50000000000000044,0,0,0,1,1,1,1,3,3,2,4,3,0,7,1,1,3,1,0,2,1,11.512925464970229,3,0,110,1
1417,11340,Lvl,Inside,OldTown,2fmCon,2Story,4,6,Gable,PConc,2290,4,0,2010,Normal,60.0,VinylSd,WD,None,Detchd,None,2,0,0,777,0.0,114,1,0.2019400352733686,39,125,60,1,2.0,0,0.86602540378443871,-0.49999999999999978,1,114,0,1,1,0,1,3,3,3,4,3,0,7,1,1,3,1,0,2,0,11.715866308966918,3,0,65,1
631,9000,Lvl,Corner,OldTown,1Fam,2Story,5,6,Gable,BrkTil,1750,3,0,2006,Abnorml,50.0,VinylSd,WD,MnPrv,Detchd,None,1,0,0,636,0.0,293,1,0.19444444444444445,69,126,15,1,1.0,1,1.2246467991473532e-16,-1.0,1,293,0,1,1,1,0,3,3,2,3,5,0,7,1,1,3,1,0,2,1,11.728036844587175,4,0,111,1
1133,9900,Lvl,Inside,OldTown,1Fam,2Story,6,4,Gable,BrkTil,2210,5,0,2007,Normal,90.0,Wd Sdng,WD,None,Detchd,None,1,0,0,1008,0.0,48,1,0.22323232323232323,77,127,57,1,2.0,0,0.49999999999999994,-0.86602540378443871,1,0,48,0,1,1,1,3,3,3,3,2,0,7,1,2,3,1,0,2,0,11.67419361256635,4,0,70,0
992,17671,Lvl,Corner,OldTown,1Fam,2Story,8,9,Gable,BrkTil,1742,4,1,2009,Normal,121.0,Wd Sdng,WD,None,Attchd,None,2,216,0,916,0.23580786026200873,169,1,0.098579593684567937,84,127,23,1,1.5,1,-0.50000000000000044,0.86602540378443837,0,0,169,1,1,1,1,4,4,3,4,4,4,7,1,1,3,1,1,2,1,12.031719258385396,2,0,104,1
305,18386,Lvl,Inside,OldTown,1Fam,2.5Fin,7,9,Gable,BrkTil,3493,3,1,2008,Normal,87.0,CemntBd,WD,None,Attchd,None,3,0,0,1470,0.0,302,1,0.1899815076688785,5,128,6,1,3.0,0,0.49999999999999994,-0.86602540378443871,1,0,302,1,1,1,1,3,3,3,5,4,5,7,1,1,3,1,2,2,0,12.594730635321957,2,0,122,1
748,11700,Lvl,Corner,OldTown,1Fam,2Story,7,7,Mansard,Stone,2640,4,1,2009,Normal,65.0,Stucco,WD,None,Detchd,None,4,0,0,1240,0.0,567,1,0.22564102564102564,59,129,6,1,1.5,0,0.49999999999999994,-0.86602540378443871,1,386,181,0,0,1,1,4,3,3,3,4,4,7,1,1,2,1,0,2,2,12.491172637278908,4,0,123,1
1350,5250,Lvl,Inside,OldTown,1Fam,2Story,8,5,Gable,BrkTil,2358,4,0,2008,Normal,50.0,MetalSd,WD,None,None,None,0,259,0,684,0.37865497076023391,74,1,0.44914285714285712,-999,136,21,1,2.0,0,-2.4492935982947064e-16,1.0,0,20,54,0,0,1,1,3,4,3,2,3,0,7,1,1,3,0,2,2,2,11.711776323715394,4,0,115,0
355,8400,Bnk,Inside,SWISU,1Fam,1.5Fin,6,5,Gable,CBlock,1595,2,2,2006,Normal,60.0,Wd Sdng,WD,None,Attchd,None,1,388,0,940,0.4127659574468085,108,1,0.18988095238095237,66,66,6,1,1.0,0,1.2246467991473532e-16,-1.0,1,108,0,1,1,1,1,3,3,3,5,3,4,7,1,1,3,1,2,2,0,11.849397701591441,2,0,60,0
824,9900,Lvl,Inside,SWISU,1Fam,1.5Fin,6,7,Gable,BrkTil,1489,3,1,2009,Normal,60.0,VinylSd,WD,GdWo,Detchd,None,1,0,0,778,0.0,335,1,0.1504040404040404,69,69,59,1,2.0,0,-0.49999999999999972,-0.86602540378443882,1,0,335,1,1,1,1,3,3,3,3,3,4,7,1,1,3,1,2,2,0,11.845819880243557,4,0,10,0
268,8400,Bnk,Inside,SWISU,1Fam,2.5Fin,5,8,Gable,PConc,2192,4,1,2008,Normal,60.0,Wd Sdng,WD,None,Detchd,None,1,378,0,720,0.525,286,1,0.26095238095238094,69,69,11,1,2.5,0,-0.49999999999999972,-0.86602540378443882,1,0,286,1,1,1,1,3,3,3,5,4,4,7,1,1,3,1,2,1,0,12.097930486910471,2,0,58,1
800,7200,Lvl,Corner,SWISU,1Fam,1.5Fin,5,7,Gable,BrkTil,1768,3,2,2007,Normal,60.0,Wd Sdng,WD,MnPrv,Detchd,BrkFace,1,569,0,731,0.77838577291381672,264,1,0.24555555555555555,68,70,57,1,2.5,1,1.2246467991473532e-16,-1.0,1,264,0,1,1,1,1,3,3,4,5,4,3,7,1,1,3,1,2,2,0,12.072541252905651,2,0,13,0
407,10480,Lvl,Inside,SWISU,1Fam,1.5Fin,6,5,Gable,BrkTil,1639,3,0,2008,Normal,51.0,MetalSd,WD,None,Detchd,None,1,0,0,1064,0.0,0,0,0.15639312977099237,72,72,58,1,1.0,0,1.0,6.123233995736766e-17,0,0,0,1,1,1,0,3,3,3,5,3,0,2,1,1,3,1,2,2,0,11.652687407345388,2,0,14,0
462,7200,Lvl,Inside,SWISU,1Fam,2Story,7,9,Gable,PConc,1135,3,0,2009,Normal,60.0,Wd Sdng,WD,MnPrv,Detchd,None,2,350,210,560,1.0,256,1,0.15763888888888888,38,73,2,1,2.0,1,0.86602540378443871,-0.49999999999999978,1,0,256,1,1,1,1,4,4,4,5,4,0,7,4,1,3,2,2,2,0,11.951180395901384,1,0,71,1
682,4500,Bnk,Inside,SWISU,1Fam,1.5Fin,5,5,Gable,BrkTil,1520,3,0,2009,Abnorml,55.0,VinylSd,WD,None,Detchd,None,1,182,0,793,0.22950819672131148,56,1,0.33777777777777779,41,77,9,1,1.0,0,-0.49999999999999972,-0.86602540378443882,1,56,0,1,1,1,1,3,3,3,5,3,0,7,1,1,1,1,2,2,2,11.979385322467598,2,0,68,0
1377,6292,Bnk,Inside,SWISU,1Fam,1Story,6,5,Gable,BrkTil,790,2,0,2008,Normal,52.0,Wd Sdng,WD,None,Detchd,None,1,384,0,768,0.5,141,1,0.12555626191989827,83,78,58,1,1.0,0,0.86602540378443871,-0.49999999999999978,1,0,141,1,0,1,1,3,3,4,3,3,0,7,1,2,3,1,2,2,0,11.418614785498987,4,0,20,0
1010,6000,Lvl,Inside,SWISU,1Fam,1.5Fin,5,5,Gable,BrkTil,1522,4,0,2006,Normal,60.0,Wd Sdng,WD,None,None,None,0,0,0,1008,0.0,138,1,0.25366666666666665,-999,80,56,1,2.0,0,1.2246467991473532e-16,-1.0,1,138,0,1,1,1,1,3,2,3,5,3,0,7,1,1,3,0,1,2,0,11.532728092266408,3,0,24,0
1131,7804,Lvl,Inside,SWISU,1Fam,1.5Fin,4,3,Gable,BrkTil,1981,4,2,2009,Normal,65.0,WdShing,WD,MnPrv,Detchd,None,2,622,0,1122,0.55436720142602491,475,1,0.25384418247052792,28,81,59,1,3.0,0,-2.4492935982947064e-16,1.0,0,0,475,1,1,1,1,3,3,3,3,4,3,5,1,1,3,1,2,2,0,11.813030057420567,4,0,22,0
577,6292,Lvl,Inside,SWISU,1Fam,1.5Fin,7,7,Gable,BrkTil,1477,3,1,2009,Normal,52.0,Wd Sdng,WD,None,Detchd,None,1,0,0,861,0.0,50,1,0.23474253019707564,81,81,59,1,2.5,0,-0.86602540378443837,-0.50000000000000044,0,0,50,1,1,1,1,3,3,3,4,3,4,7,1,1,3,1,2,2,0,11.884489021402711,3,0,22,0
841,12155,Lvl,Inside,SWISU,1Fam,2Story,6,8,Gable,BrkTil,1482,4,0,2008,Normal,60.0,Wd Sdng,WD,None,Detchd,None,1,156,0,672,0.23214285714285715,254,1,0.12192513368983957,74,83,58,1,2.0,0,1.0,6.123233995736766e-17,0,254,0,1,0,1,1,3,3,3,3,2,0,7,1,1,2,1,1,2,0,11.849397701591441,4,0,25,0
1093,8400,Bnk,Inside,SWISU,1Fam,1.5Fin,6,5,Gable,PConc,1694,4,1,2008,Normal,60.0,MetalSd,WD,None,Detchd,None,2,423,0,1181,0.35817104149026247,470,1,0.20166666666666666,83,83,58,1,2.0,0,1.2246467991473532e-16,-1.0,1,128,342,1,1,1,1,3,3,3,2,3,4,7,1,1,3,1,2,2,0,11.824079893607152,5,0,25,0
1400,6171,Lvl,Inside,SWISU,1Fam,1.5Fin,6,6,Gable,BrkTil,1608,3,1,2009,Normal,51.0,WdShing,WD,MnPrv,Detchd,None,1,264,0,976,0.27049180327868855,163,1,0.26057365094798252,84,84,19,1,2.5,0,-0.8660254037844386,0.50000000000000011,0,0,163,1,1,1,1,3,3,3,5,4,4,7,1,1,3,1,2,2,0,11.831015493593391,2,0,65,1
381,5000,Lvl,Inside,SWISU,1Fam,1.5Fin,5,6,Gable,BrkTil,1691,3,1,2010,Normal,50.0,BrkFace,WD,None,Detchd,None,1,218,0,1026,0.2124756335282651,242,1,0.3382,86,86,60,1,2.0,0,0.49999999999999994,-0.86602540378443871,1,242,0,1,1,1,1,3,3,3,3,4,4,7,1,1,3,1,2,2,2,11.751942365440728,4,0,26,0
1361,9842,Lvl,Inside,SWISU,1Fam,2Story,5,6,Gable,BrkTil,2601,4,0,2008,Normal,51.0,MetalSd,WD,None,BuiltIn,None,2,0,0,612,0.0,484,1,0.26427555374923795,10,87,10,1,3.5,1,0.49999999999999994,-0.86602540378443871,1,301,183,1,1,1,1,3,3,3,5,3,0,7,1,1,3,2,2,2,0,12.149502294041779,2,0,77,1
1032,15863,Lvl,Corner,SWISU,1Fam,2.5Fin,7,3,Gable,BrkTil,3082,5,2,2009,Normal,102.0,Wd Sdng,WD,None,Basment,None,2,523,0,824,0.63470873786407767,199,1,0.1942885961041417,39,89,39,1,3.5,0,-0.86602540378443837,-0.50000000000000044,0,0,199,1,1,1,1,3,3,3,5,3,3,7,1,1,3,3,2,2,0,12.190959007720126,2,0,50,0
1101,8400,Bnk,Inside,SWISU,1Fam,1Story,2,5,Gable,CBlock,438,1,0,2009,Normal,60.0,Wd Sdng,WD,None,Detchd,None,1,290,0,290,1.0,0,0,0.052142857142857144,79,89,59,1,1.0,0,0.49999999999999994,0.86602540378443871,0,0,0,1,0,1,0,3,3,3,3,2,0,7,1,1,3,1,0,2,0,11.002099841204238,4,0,30,0
1031,7082,Lvl,Inside,SWISU,2fmCon,2Story,5,8,Gable,PConc,1928,5,0,2006,Normal,60.0,VinylSd,WD,None,None,None,0,0,0,686,0.0,228,1,0.27223948037277607,-999,90,11,1,2.0,0,-0.49999999999999972,-0.86602540378443882,1,228,0,1,1,0,1,3,3,3,4,3,0,7,1,2,3,0,0,2,0,11.982929094215963,3,0,79,1
1285,9638,Lvl,Inside,SWISU,1Fam,1.5Fin,6,7,Gable,PConc,2447,4,1,2010,Normal,50.0,Wd Sdng,WD,None,Detchd,None,1,0,0,804,0.0,430,1,0.25389084872380163,41,91,20,1,2.0,1,1.0,6.123233995736766e-17,0,158,272,1,1,1,1,3,3,3,5,4,4,5,1,1,3,1,2,2,0,12.037653993905211,2,0,71,1
636,10896,Bnk,Inside,SWISU,2fmCon,2.5Fin,6,7,Hip,CBlock,3395,8,0,2007,Abnorml,60.0,VinylSd,WD,None,None,None,0,256,0,1440,0.17777777777777778,110,1,0.31158223201174745,-999,93,12,1,2.0,1,1.0,6.123233995736766e-17,0,0,110,1,1,0,0,2,3,3,5,2,0,7,1,1,3,0,0,2,2,12.206072645530174,2,0,81,1
884,6204,Bnk,Inside,SWISU,1Fam,2.5Fin,4,5,Gable,PConc,2230,5,0,2006,Normal,60.0,Wd Sdng,WD,None,Detchd,None,1,0,0,795,0.0,188,1,0.35944551901998711,9,94,56,1,2.0,0,1.0,6.123233995736766e-17,0,0,188,1,0,1,1,4,3,3,3,3,0,7,1,1,3,1,2,2,0,11.682668239557323,4,0,38,0
566,6858,Bnk,Corner,SWISU,1Fam,2Story,6,4,Gable,PConc,1647,4,0,2010,Normal,66.0,Wd Sdng,WD,None,Detchd,None,1,0,0,806,0.0,202,1,0.24015748031496062,90,95,60,1,2.5,0,0.49999999999999994,-0.86602540378443871,1,136,66,1,0,1,0,3,3,4,3,2,0,7,1,1,3,1,2,2,0,11.759785542901755,4,0,35,0
292,5687,Bnk,Inside,SWISU,2fmCon,2Story,5,6,Gable,PConc,1716,6,0,2008,Normal,55.0,VinylSd,WD,None,None,None,0,210,0,780,0.26923076923076922,184,1,0.30174081237911027,-999,96,8,1,3.0,0,1.0,6.123233995736766e-17,0,0,184,1,0,1,1,3,2,3,5,2,0,7,1,1,3,0,0,2,1,11.819674600139235,3,0,88,1
1235,8525,Bnk,Inside,SWISU,1Fam,2Story,5,6,Gable,PConc,1964,4,0,2008,Abnorml,55.0,MetalSd,WD,None,None,None,0,0,0,940,0.0,192,1,0.23038123167155425,-999,97,58,1,1.5,0,-0.50000000000000044,0.86602540378443837,0,0,192,1,0,1,0,3,3,3,3,3,0,7,1,3,3,0,0,2,0,11.77528972943772,4,0,39,0
588,8740,Lvl,Inside,Sawyer,1Fam,SFoyer,5,6,Hip,CBlock,860,2,0,2009,Normal,74.0,HdBoard,WD,None,Detchd,None,2,672,0,840,0.8,0,0,0.098398169336384442,13,27,27,0,2.0,0,-0.49999999999999972,-0.86602540378443882,1,0,0,1,1,1,1,3,3,3,3,3,0,7,1,3,2,1,2,2,0,11.827736204810263,4,0,0,0
771,7252,Lvl,CulDSac,Sawyer,1Fam,SFoyer,5,5,Hip,CBlock,858,2,0,2009,Normal,71.0,Wd Sdng,WD,None,Detchd,None,2,685,0,858,0.79836829836829837,120,1,0.11831218974076117,26,27,27,0,2.0,0,0.86602540378443871,-0.49999999999999978,1,0,120,1,1,1,1,3,3,4,3,3,0,7,1,3,2,1,2,2,0,11.812289042195847,4,0,0,0
417,7844,Lvl,Inside,Sawyer,1Fam,2Story,6,7,Hip,CBlock,1400,3,1,2006,Normal,74.0,HdBoard,WD,None,Attchd,BrkFace,2,209,0,672,0.31101190476190477,0,0,0.17848036715961244,28,28,28,0,1.5,0,1.0,6.123233995736766e-17,0,0,0,1,1,1,1,3,3,3,3,3,3,7,1,1,3,3,2,2,0,11.915051671812877,4,0,0,0
263,8471,Lvl,Corner,Sawyer,1Fam,SLvl,6,7,Gable,CBlock,1212,3,1,2006,Normal,88.0,HdBoard,WD,GdWo,Attchd,BrkFace,2,506,0,506,1.0,304,1,0.14307637823161373,28,29,11,1,2.0,0,-0.49999999999999972,-0.86602540378443882,1,0,304,1,1,1,1,3,3,4,3,3,3,7,1,3,2,1,2,2,0,11.925035115797062,4,0,18,0
1231,18890,Lvl,Inside,Sawyer,Duplex,1.5Fin,5,5,Shed,CBlock,2620,4,1,2007,Normal,71.0,Plywood,WD,None,BuiltIn,None,2,498,211,1361,0.520940484937546,324,1,0.13869772366331393,30,30,30,0,3.0,1,-0.86602540378443837,-0.50000000000000044,0,145,179,1,1,0,1,3,3,4,5,3,3,7,3,1,2,2,0,2,0,12.154779351142624,2,0,0,0
797,8197,Lvl,Inside,Sawyer,1Fam,1Story,6,5,Gable,CBlock,1285,3,1,2007,Normal,71.0,Plywood,WD,MnPrv,Attchd,BrkFace,2,0,0,660,0.0,138,1,0.15676467000121996,30,30,30,0,1.5,0,0.86602540378443871,-0.49999999999999978,1,0,138,1,1,1,1,3,3,3,5,3,3,7,1,1,3,2,2,2,0,11.874090314181814,2,0,0,0
892,11184,Lvl,Inside,Sawyer,1Fam,2Story,6,5,Hip,CBlock,1683,3,1,2009,Normal,70.0,HdBoard,WD,None,Attchd,BrkFace,2,226,500,918,0.79084967320261434,243,1,0.15048283261802575,31,31,31,0,2.5,0,-0.49999999999999972,-0.86602540378443882,1,0,243,1,1,1,1,3,3,3,4,3,3,7,3,1,3,2,2,2,0,12.058152515453552,3,0,0,0
1217,8930,Lvl,Inside,Sawyer,Duplex,1.5Fin,6,5,Gable,Slab,1902,4,0,2010,Normal,68.0,VinylSd,WD,None,Attchd,None,2,0,0,0,0.0,0,0,0.212989921612542,32,32,32,0,2.0,1,0.86602540378443871,-0.49999999999999978,1,0,0,1,1,0,1,3,3,0,3,3,0,7,0,0,3,1,2,2,0,11.626254150277232,4,0,0,0
623,7064,Lvl,Inside,Sawyer,1Fam,1Story,5,6,Gable,CBlock,980,3,0,2009,Normal,71.0,Plywood,WD,None,Detchd,BrkFace,2,560,0,980,0.5714285714285714,192,1,0.13873159682899208,23,32,32,0,1.0,0,-0.49999999999999972,-0.86602540378443882,1,0,192,1,1,1,1,3,3,3,3,3,0,7,1,1,3,1,2,2,0,11.813030057420567,4,0,0,0
758,11616,Lvl,CulDSac,Sawyer,1Fam,2Story,6,5,Hip,CBlock,1386,3,1,2010,Abnorml,71.0,HdBoard,WD,GdPrv,Attchd,BrkCmn,2,438,0,672,0.6517857142857143,335,1,0.11931818181818182,32,32,32,0,2.5,0,0.86602540378443871,-0.49999999999999978,1,0,335,1,1,1,1,3,3,3,3,3,3,7,1,2,2,3,2,2,0,11.976030352524807,4,0,0,0
846,16647,Lvl,CulDSac,Sawyer,1Fam,SFoyer,5,5,Gable,CBlock,1701,3,2,2007,Normal,71.0,HdBoard,WD,None,Basment,None,2,1390,0,1390,1.0,0,0,0.10218057307622995,32,32,26,1,3.0,1,0.49999999999999994,0.86602540378443871,0,0,0,1,1,1,1,3,3,4,3,3,3,5,1,4,2,3,2,2,0,12.049418835484797,4,0,6,0
778,13350,Lvl,Inside,Sawyer,1Fam,1Story,5,5,Hip,CBlock,894,3,1,2006,Normal,100.0,HdBoard,WD,MnPrv,Attchd,None,2,762,0,864,0.88194444444444442,241,1,0.066966292134831462,32,32,32,0,2.0,0,1.2246467991473532e-16,-1.0,1,0,241,1,1,1,1,3,3,3,3,3,2,7,1,1,2,1,2,2,0,11.867097278690842,4,0,0,0
406,9991,Lvl,Corner,Sawyer,1Fam,1Story,4,4,Gable,CBlock,1620,3,1,2009,Normal,71.0,Plywood,WD,GdWo,Attchd,None,2,1116,0,1281,0.87119437939110067,198,1,0.16214593133820437,16,33,16,1,3.0,1,1.2246467991473532e-16,-1.0,1,0,198,1,1,1,1,3,3,3,5,3,3,6,1,1,2,1,2,2,0,11.918390573078392,2,0,17,0
715,13517,Lvl,CulDSac,Sawyer,1Fam,2Story,6,8,Gable,CBlock,1479,3,0,2010,Normal,71.0,HdBoard,WD,None,Attchd,BrkFace,2,533,0,725,0.7351724137931035,44,1,0.10941777021528445,34,34,5,1,2.5,1,1.0,6.123233995736766e-17,0,0,44,1,1,1,1,4,3,3,5,4,0,7,1,1,2,2,2,2,0,11.779128505744886,2,0,29,0
135,10335,Lvl,Inside,Sawyer,1Fam,1Story,5,6,Gable,CBlock,1721,3,1,2006,Normal,78.0,Plywood,WD,MnPrv,Attchd,None,2,570,0,1461,0.39014373716632444,276,1,0.16652152878567972,38,38,13,1,2.5,0,-0.49999999999999972,-0.86602540378443882,1,180,96,1,1,1,1,3,3,3,4,3,3,6,1,1,2,2,2,2,0,12.100712129872347,3,0,25,0
539,11553,Lvl,Inside,Sawyer,1Fam,1Story,5,5,Hip,CBlock,1159,3,1,2006,Normal,71.0,Plywood,WD,None,Attchd,BrkFace,1,673,0,1051,0.64034253092293059,466,1,0.10032026313511642,38,38,38,0,1.5,0,-0.49999999999999972,-0.86602540378443882,1,0,466,1,1,1,1,3,3,3,3,3,2,7,1,1,2,1,2,2,0,11.970350312009105,4,0,0,0
1163,8724,Lvl,Inside,Sawyer,1Fam,1Story,5,5,Gable,CBlock,894,3,1,2007,Normal,109.0,VinylSd,WD,None,Attchd,None,2,492,0,894,0.55033557046979864,0,0,0.10247592847317744,39,39,39,0,1.0,0,0.49999999999999994,-0.86602540378443871,1,0,0,1,1,1,1,3,3,4,4,3,1,7,1,1,3,3,2,2,0,11.76756768334381,3,0,0,0
735,8978,Lvl,Corner,Sawyer,1Fam,1Story,5,5,Gable,PConc,948,3,0,2007,Family,71.0,Plywood,WD,None,Attchd,None,1,0,0,948,0.0,147,1,0.10559144575629316,39,39,39,0,1.0,0,0.49999999999999994,-0.86602540378443871,1,0,147,1,1,1,1,3,3,3,3,3,0,7,1,1,2,1,2,2,0,11.589886506106357,4,0,0,0
1164,12900,Lvl,Inside,Sawyer,Duplex,SFoyer,4,4,Gable,CBlock,1258,0,0,2008,Alloca,60.0,Plywood,WD,None,CarPort,None,2,1198,0,1198,1.0,120,1,0.097519379844961243,39,39,39,0,3.0,1,0.49999999999999994,0.86602540378443871,0,0,120,1,1,0,1,3,3,4,3,3,0,7,1,3,3,1,2,2,0,11.598726943661342,4,0,0,0
18,10791,Lvl,Inside,Sawyer,Duplex,1Story,4,5,Gable,Slab,1296,2,0,2006,Normal,72.0,MetalSd,WD,None,CarPort,None,2,0,0,0,0.0,0,0,0.12010008340283569,39,39,39,0,2.0,0,-0.8660254037844386,0.50000000000000011,0,0,0,1,1,0,1,3,3,0,3,3,0,7,0,0,3,1,2,2,0,11.407564949312402,4,0,0,0
905,6173,Lvl,Inside,Sawyer,1Fam,1Story,5,6,Gable,CBlock,902,3,0,2007,Normal,71.0,HdBoard,WD,MnPrv,Attchd,BrkFace,1,599,0,876,0.68378995433789957,0,0,0.14612020087477726,40,40,40,0,1.0,0,-0.86602540378443837,-0.50000000000000044,0,0,0,1,1,1,1,3,3,3,3,3,0,7,1,1,2,1,2,2,0,11.740061037553975,4,0,0,0
578,11777,Lvl,Inside,Sawyer,1Fam,SLvl,5,6,Gable,CBlock,1320,3,2,2006,Abnorml,96.0,VinylSd,WD,None,Attchd,BrkFace,2,328,551,1164,0.75515463917525771,468,1,0.11208287339729982,40,40,40,0,2.0,0,0.49999999999999994,-0.86602540378443871,1,240,228,1,1,1,1,3,3,3,5,3,2,7,5,3,2,2,2,2,0,12.010665849187564,2,0,0,0
1222,8250,Lvl,Inside,Sawyer,1Fam,1Story,5,5,Hip,CBlock,1211,3,1,2008,Normal,55.0,HdBoard,WD,None,Attchd,None,1,250,492,952,0.77941176470588236,63,1,0.1467878787878788,40,40,40,0,1.0,1,-0.86602540378443837,-0.50000000000000044,0,0,63,1,1,1,1,3,3,3,5,3,3,7,2,1,3,1,2,2,0,11.805595078933049,2,0,0,0
1446,8400,Lvl,Inside,Sawyer,1Fam,SFoyer,6,5,Gable,CBlock,913,3,0,2007,Normal,70.0,VinylSd,WD,None,Detchd,None,1,187,627,814,1.0,252,1,0.10869047619047618,17,41,41,0,2.0,0,0.49999999999999994,-0.86602540378443871,1,252,0,1,1,1,1,3,3,3,4,3,0,7,3,4,3,1,2,2,0,11.76756768334381,3,0,0,0
1195,9364,Lvl,Corner,Sawyer,1Fam,2Story,6,7,Gable,CBlock,1352,4,0,2010,Normal,80.0,HdBoard,WD,MnPrv,Attchd,Stone,1,371,0,663,0.55957767722473606,415,1,0.14438274241777019,41,41,41,0,1.5,0,1.0,6.123233995736766e-17,0,0,415,1,1,1,1,3,3,3,3,3,0,7,1,1,3,3,2,2,0,11.970350312009105,4,0,0,0
1273,13526,Lvl,CulDSac,Sawyer,1Fam,1Story,5,6,Hip,CBlock,935,3,0,2006,Normal,71.0,HdBoard,WD,MnPrv,Attchd,BrkFace,1,560,375,935,1.0,180,1,0.0691261274582286,41,41,41,0,2.0,0,-0.50000000000000044,0.86602540378443837,0,0,180,1,1,1,1,3,3,3,3,3,0,7,2,1,2,1,2,2,0,11.827736204810263,4,0,0,0
1118,9764,Lvl,FR2,Sawyer,1Fam,1Story,5,7,Gable,CBlock,894,3,0,2008,Normal,57.0,VinylSd,WD,None,Attchd,None,2,702,0,894,0.785234899328859,0,0,0.091560835723064324,41,41,5,1,2.0,1,0.49999999999999994,-0.86602540378443871,1,0,0,1,1,1,1,3,3,3,5,4,0,7,1,1,2,2,2,2,0,11.77528972943772,2,0,36,0
1214,10246,Lvl,CulDSac,Sawyer,1Fam,SLvl,4,9,Gable,CBlock,960,0,0,2006,Normal,71.0,VinylSd,WD,None,Attchd,None,1,648,0,648,1.0,88,1,0.093695100527034947,41,41,5,1,1.5,0,0.49999999999999994,-0.86602540378443871,1,0,88,1,1,1,1,3,4,3,5,3,0,7,1,3,2,1,2,2,0,11.884489021402711,1,0,36,1
50,7742,Lvl,Inside,Sawyer,1Fam,1Story,5,7,Gable,CBlock,955,3,0,2007,Normal,66.0,HdBoard,WD,MnPrv,Attchd,None,1,763,0,955,0.7989528795811518,0,0,0.12335313872384397,41,41,41,0,2.0,0,0.49999999999999994,0.86602540378443871,0,0,0,1,1,1,1,3,3,3,5,3,0,7,1,1,3,1,2,2,0,11.751942365440728,2,0,0,0
1216,7094,Lvl,Inside,Sawyer,1Fam,1Story,5,5,Gable,CBlock,894,3,0,2007,Normal,99.0,VinylSd,WD,MnPrv,Detchd,None,1,180,374,894,0.61968680089485462,0,0,0.12602199041443474,41,41,41,0,1.0,0,0.49999999999999994,-0.86602540378443871,1,0,0,1,1,1,1,3,3,3,3,3,0,7,2,1,2,2,2,2,0,11.736069016284437,4,0,0,0
710,7162,Lvl,Inside,Sawyer,1Fam,1Story,5,7,Gable,PConc,904,3,0,2008,Abnorml,71.0,HdBoard,WD,MnPrv,Attchd,BrkCmn,1,0,0,876,0.0,0,0,0.12622172577492322,42,42,42,0,1.0,0,-2.4492935982947064e-16,1.0,0,0,0,1,1,1,1,3,3,3,3,3,0,7,1,1,2,1,2,2,0,11.607326140391713,4,0,0,0
79,10778,Lvl,Inside,Sawyer,Duplex,1Story,4,5,Hip,CBlock,1768,4,0,2010,Normal,72.0,HdBoard,WD,None,None,None,0,0,0,1768,0.0,0,0,0.16403785488958991,-999,42,42,0,2.0,0,0.86602540378443871,-0.49999999999999978,1,0,0,1,0,0,1,3,3,3,3,3,0,7,1,1,3,0,2,2,0,11.824079893607152,4,0,0,0
499,7800,Lvl,Inside,Sawyer,1Fam,1Story,5,7,Hip,PConc,899,3,0,2009,Normal,65.0,HdBoard,WD,MnPrv,Attchd,BrkFace,1,450,0,864,0.52083333333333337,64,1,0.11525641025641026,42,42,5,1,1.0,0,1.2246467991473532e-16,-1.0,1,0,64,1,1,1,1,3,3,3,5,4,0,7,1,1,3,3,2,2,0,11.77528972943772,2,0,37,0
32,8544,Lvl,CulDSac,Sawyer,1Fam,1Story,5,6,Gable,CBlock,1228,3,0,2008,Normal,71.0,HdBoard,WD,MnPrv,Attchd,None,1,0,0,1228,0.0,65,1,0.14372659176029962,42,42,2,1,1.5,0,1.2246467991473532e-16,-1.0,1,0,65,1,1,1,1,3,3,3,4,4,0,7,1,1,2,1,2,2,0,11.914047823644255,3,0,40,0
25,8246,Lvl,Inside,Sawyer,1Fam,1Story,5,8,Gable,CBlock,1060,3,1,2010,Normal,71.0,Plywood,WD,MnPrv,Attchd,None,1,188,668,1060,0.8075471698113208,496,1,0.12854717438758187,42,42,9,1,2.0,0,0.49999999999999994,-0.86602540378443871,1,0,496,1,1,1,1,3,4,3,5,4,3,7,5,2,2,1,2,2,0,11.944707881395766,1,0,33,0
893,8414,Lvl,Inside,Sawyer,1Fam,1Story,6,8,Hip,CBlock,1068,3,0,2006,Normal,70.0,HdBoard,WD,MnPrv,Attchd,None,1,663,0,1059,0.62606232294617559,192,1,0.12693130496791064,43,43,3,1,1.5,0,0.8660254037844386,0.50000000000000011,0,0,192,1,1,1,1,3,3,3,3,3,0,7,1,1,3,2,2,2,0,11.947949375319936,4,0,40,0
229,8521,Lvl,FR2,Sawyer,1Fam,1Story,5,5,Gable,CBlock,912,3,1,2010,Normal,70.0,HdBoard,WD,MnPrv,Detchd,None,1,842,0,912,0.92324561403508776,0,0,0.10702969135078043,36,43,43,0,1.0,1,0.49999999999999994,-0.86602540378443871,1,0,0,1,1,1,1,3,3,3,3,3,2,7,1,1,3,1,2,2,0,11.736069016284437,4,0,0,0
1200,11235,Lvl,Inside,Sawyer,1Fam,1Story,4,5,Gable,CBlock,1382,3,1,2006,Normal,75.0,HdBoard,WD,None,Attchd,BrkFace,2,547,0,1051,0.52045670789724074,82,1,0.12300845571873609,32,43,27,1,1.5,0,-0.8660254037844386,0.50000000000000011,0,0,82,1,1,1,1,3,3,3,4,3,1,7,1,1,3,1,2,2,0,11.904967552746252,3,0,16,0
289,9819,Lvl,Inside,Sawyer,1Fam,1Story,5,5,Gable,CBlock,900,3,0,2010,Normal,71.0,MetalSd,WD,MnPrv,Detchd,BrkFace,1,450,0,882,0.51020408163265307,0,0,0.091659028414298807,40,43,43,0,1.0,0,0.8660254037844386,0.50000000000000011,0,0,0,1,1,1,1,3,4,3,3,3,0,7,1,1,2,1,2,2,0,11.711776323715394,3,0,0,0
145,9100,Lvl,Inside,Sawyer,Duplex,1Story,5,5,Gable,CBlock,1728,6,0,2006,Abnorml,70.0,HdBoard,ConLI,None,Detchd,BrkFace,2,1332,0,1728,0.77083333333333337,0,0,0.1898901098901099,43,43,43,0,3.0,1,-0.50000000000000044,0.86602540378443837,0,0,0,1,1,0,1,3,3,3,3,3,0,7,1,1,3,1,2,2,0,11.736069016284437,4,0,0,0
11,11200,Lvl,Inside,Sawyer,1Fam,1Story,5,5,Hip,CBlock,1040,3,0,2008,Normal,70.0,HdBoard,WD,None,Detchd,None,1,906,0,1040,0.87115384615384617,0,0,0.09285714285714286,43,43,43,0,2.0,0,0.8660254037844386,0.50000000000000011,0,0,0,1,1,1,1,3,3,3,5,3,0,7,1,1,3,1,2,2,0,11.771436160121729,2,0,0,0
463,8281,Lvl,Inside,Sawyer,1Fam,1Story,5,5,Gable,CBlock,864,3,1,2009,Normal,60.0,MetalSd,WD,GdWo,Detchd,None,1,553,311,864,1.0,236,1,0.1043352252143461,44,44,44,0,1.0,0,-2.4492935982947064e-16,1.0,0,236,0,1,1,1,1,3,3,3,4,3,1,7,4,1,2,1,2,2,0,11.041048081342682,3,0,0,0
476,8480,Lvl,Corner,Sawyer,1Fam,1Story,5,6,Hip,CBlock,970,2,0,2007,Normal,80.0,HdBoard,WD,None,Detchd,None,2,630,0,970,0.64948453608247425,216,1,0.11438679245283019,11,44,44,0,2.0,0,-0.49999999999999972,-0.86602540378443882,1,192,24,1,1,1,1,3,3,3,3,3,0,7,1,1,3,1,2,2,0,11.794337924408413,4,0,0,0
900,6993,Lvl,Inside,Sawyer,1Fam,1Story,5,7,Gable,CBlock,1236,3,1,2006,Normal,65.0,HdBoard,WD,None,Attchd,None,1,465,0,912,0.50986842105263153,0,0,0.17674817674817675,45,45,12,1,1.0,1,1.2246467991473532e-16,-1.0,1,0,0,1,1,1,1,3,3,3,3,3,3,7,1,1,3,1,2,2,0,11.813030057420567,4,0,33,0
862,11625,Lvl,Inside,Sawyer,2fmCon,1Story,5,4,Hip,PConc,1039,3,0,2010,Normal,75.0,Plywood,WD,None,Attchd,None,2,841,0,1039,0.809432146294514,0,0,0.0893763440860215,45,45,45,0,2.5,0,0.86602540378443871,-0.49999999999999978,1,0,0,1,1,1,1,3,3,3,5,3,0,7,1,2,3,1,2,2,0,11.786762130599957,2,0,0,0
699,8450,Lvl,Inside,Sawyer,1Fam,1Story,5,8,Gable,CBlock,894,3,1,2010,Normal,65.0,MetalSd,WD,MnPrv,Detchd,None,1,553,117,894,0.7494407158836689,560,1,0.10579881656804734,37,45,1,1,2.0,1,0.86602540378443871,-0.49999999999999978,1,0,560,1,1,1,1,3,4,3,5,3,4,7,4,1,3,1,2,2,0,11.838625604609531,1,0,44,1
958,7420,Lvl,Inside,Sawyer,1Fam,1Story,5,5,Hip,CBlock,1057,3,0,2007,Normal,70.0,MetalSd,WD,None,Detchd,None,2,417,0,1057,0.39451277199621571,0,0,0.14245283018867924,30,45,45,0,1.0,0,0.86602540378443871,-0.49999999999999978,1,0,0,1,1,1,1,3,3,3,3,3,0,7,1,1,3,3,2,2,0,11.790557201568507,4,0,0,0
207,13673,Lvl,CulDSac,Sawyer,1Fam,1Story,5,5,Gable,CBlock,1696,3,1,2007,Normal,40.0,HdBoard,WD,None,Attchd,None,1,0,0,1140,0.0,30,1,0.12404007898778614,45,45,45,0,1.5,1,1.0,6.123233995736766e-17,0,0,30,1,1,1,1,3,4,3,3,3,3,5,1,1,2,2,2,2,0,11.876873892875459,3,0,0,0
485,7758,Lvl,Corner,Sawyer,1Fam,1Story,5,7,Gable,CBlock,999,3,0,2007,Normal,71.0,HdBoard,WD,None,Detchd,None,1,588,0,999,0.58858858858858853,132,1,0.12877030162412992,44,45,6,1,2.0,0,1.0,6.123233995736766e-17,0,0,132,1,1,1,1,3,4,3,4,4,0,7,1,1,2,1,2,2,0,11.794337924408413,2,0,39,0
680,9945,Lvl,Inside,Sawyer,1Fam,1Story,5,5,Hip,CBlock,988,3,0,2007,Normal,71.0,Wd Sdng,WD,None,Detchd,BrkFace,2,827,0,988,0.83704453441295545,0,0,0.099346405228758164,44,46,46,0,2.0,0,-0.8660254037844386,0.50000000000000011,0,0,0,1,1,1,1,3,3,3,3,3,0,7,1,1,2,1,2,2,0,11.763684183317412,4,0,0,0
744,12886,Lvl,Inside,Sawyer,1Fam,SLvl,5,6,Gable,CBlock,1464,3,1,2009,Normal,70.0,HdBoard,WD,None,Attchd,None,2,444,0,520,0.85384615384615381,402,1,0.11361167158156138,12,46,10,1,2.5,0,-0.8660254037844386,0.50000000000000011,0,100,302,1,1,1,1,3,3,4,5,3,3,5,1,3,2,2,2,2,0,12.072541252905651,2,0,36,0
980,8816,Lvl,Corner,Sawyer,1Fam,1Story,5,6,Gable,PConc,1121,3,0,2009,Normal,80.0,VinylSd,WD,MnPrv,Detchd,None,2,651,0,1121,0.5807314897413024,80,1,0.12715517241379309,46,46,46,0,2.0,1,1.2246467991473532e-16,-1.0,1,0,80,1,1,1,1,3,3,3,3,3,0,7,1,1,3,1,2,2,0,11.842229212112828,4,0,0,0
13,12968,Lvl,Inside,Sawyer,1Fam,1Story,5,6,Hip,CBlock,912,2,0,2008,Normal,71.0,HdBoard,WD,None,Detchd,None,1,737,0,912,0.80811403508771928,316,1,0.0703269586674892,46,46,46,0,2.0,0,-1.0,-1.8369701987210297e-16,0,176,140,1,1,1,1,3,3,3,3,3,0,7,1,1,1,1,2,2,0,11.877568578558138,4,0,0,0
868,6970,Lvl,Corner,Sawyer,1Fam,1Story,4,5,Gable,CBlock,1120,3,0,2007,Normal,85.0,VinylSd,WD,None,Attchd,None,2,932,0,1040,0.89615384615384619,168,1,0.1606886657101865,46,46,46,0,2.5,1,0.49999999999999994,-0.86602540378443871,1,0,168,1,1,1,1,3,3,3,3,2,0,7,1,1,3,2,2,2,0,11.76756768334381,4,0,0,0
610,7943,Lvl,Inside,Sawyer,1Fam,1Story,4,5,Gable,CBlock,1029,3,0,2007,Normal,61.0,VinylSd,WD,None,Attchd,BrkCmn,1,903,0,1029,0.87755102040816324,103,1,0.12954802971169582,46,46,46,0,2.0,1,0.86602540378443871,-0.49999999999999978,1,39,64,1,1,1,1,3,2,3,4,3,0,7,1,2,3,1,2,2,0,11.682668239557323,4,0,0,0
742,6768,Lvl,Inside,Sawyer,1Fam,1Story,6,8,Hip,CBlock,912,3,0,2008,Normal,65.0,HdBoard,WD,GdPrv,Detchd,None,1,832,0,912,0.91228070175438591,168,1,0.13475177304964539,46,47,12,1,2.5,1,0.49999999999999994,-0.86602540378443871,1,0,168,1,1,1,1,3,4,3,4,4,0,7,1,2,2,1,2,2,0,11.863582336583399,2,0,35,0
1082,7500,Lvl,Corner,Sawyer,1Fam,1Story,5,5,Gable,CBlock,1040,3,0,2010,Normal,75.0,HdBoard,WD,MnPrv,Attchd,None,1,824,0,1040,0.79230769230769227,220,1,0.13866666666666666,47,47,47,0,2.5,1,1.2246467991473532e-16,-1.0,1,220,0,1,1,1,1,3,3,3,2,3,0,7,1,1,3,3,2,2,0,11.798104407203891,5,0,0,0
117,11616,Lvl,Inside,Sawyer,1Fam,1Story,5,5,Gable,CBlock,1092,3,1,2009,Normal,71.0,Wd Sdng,WD,None,Attchd,BrkFace,1,170,670,1092,0.76923076923076927,164,1,0.094008264462809923,47,47,47,0,1.5,0,-1.0,-1.8369701987210297e-16,0,144,20,1,1,1,1,3,3,3,3,3,1,7,4,1,3,1,2,2,0,11.842229212112828,4,0,0,0
856,6897,Lvl,Corner,Sawyer,1Fam,1Story,5,8,Gable,CBlock,1040,3,0,2010,Normal,71.0,HdBoard,WD,None,Detchd,None,1,659,0,1040,0.63365384615384612,104,1,0.15079019863708859,48,48,0,1,2.5,0,0.86602540378443871,-0.49999999999999978,1,0,104,1,1,1,1,3,4,3,5,3,0,7,1,1,2,1,2,2,0,11.751942365440728,1,0,48,1
734,10000,Lvl,Corner,Sawyer,1Fam,1Story,5,6,Hip,CBlock,1144,3,1,2009,Normal,80.0,HdBoard,WD,GdWo,Attchd,None,1,594,0,864,0.6875,165,1,0.1144,48,48,26,1,2.0,1,1.0,6.123233995736766e-17,0,0,165,1,1,1,1,3,3,3,5,3,3,7,1,1,3,2,2,2,0,11.786001385032646,2,0,22,0
178,13650,Lvl,Inside,Sawyer,1Fam,1.5Fin,5,5,Gable,CBlock,1920,4,1,2006,Normal,71.0,MetalSd,WD,None,Attchd,None,2,57,441,1052,0.47338403041825095,0,0,0.14065934065934066,48,48,48,0,3.0,0,-0.49999999999999972,-0.86602540378443882,1,0,0,1,1,1,1,4,4,3,5,4,4,7,4,1,3,1,2,2,0,12.058152515453552,1,0,0,0
879,11782,Lvl,Inside,Sawyer,1Fam,SFoyer,5,7,Gable,CBlock,1155,3,0,2010,Normal,88.0,HdBoard,WD,MnPrv,Detchd,None,2,899,0,1109,0.81064021641118122,192,1,0.098030894584960115,23,49,15,1,2.0,0,1.2246467991473532e-16,-1.0,1,0,192,1,1,1,1,3,3,3,3,4,0,5,1,3,2,1,2,2,0,11.904967552746252,4,0,34,0
1041,13125,Lvl,Corner,Sawyer,1Fam,1Story,5,4,Gable,CBlock,1803,3,1,2006,Normal,88.0,Wd Sdng,WD,GdPrv,Attchd,BrkCmn,2,168,682,1134,0.74955908289241624,0,0,0.13737142857142856,49,49,6,1,3.0,0,0.49999999999999994,0.86602540378443871,0,0,0,1,1,1,1,3,3,3,5,3,3,3,4,1,3,2,2,2,0,11.951180395901384,2,0,43,0
1144,9000,Lvl,Inside,Sawyer,1Fam,1Story,5,3,Gable,CBlock,1006,3,0,2008,Normal,71.0,Wd Sdng,WD,None,None,None,0,288,0,1006,0.28628230616302186,24,1,0.11177777777777778,-999,49,49,0,1.0,0,-0.49999999999999972,-0.86602540378443882,1,0,24,1,1,1,1,3,3,3,3,3,0,7,1,1,3,0,2,2,0,11.289781913656018,4,0,0,0
1119,13825,Lvl,Inside,Sawyer,1Fam,SLvl,5,6,Gable,CBlock,1601,3,0,2008,Normal,85.0,MetalSd,WD,None,BuiltIn,None,1,0,0,533,0.0,314,1,0.11580470162748643,50,50,21,1,1.5,0,-2.4492935982947064e-16,1.0,0,0,314,1,1,1,1,3,4,3,3,3,0,5,1,1,3,2,2,2,0,11.849397701591441,3,0,29,0
669,14175,Bnk,Corner,Sawyer,1Fam,1Story,5,6,Gable,CBlock,1437,3,1,2006,Normal,71.0,CemntBd,WD,None,Detchd,None,2,988,0,1188,0.83164983164983164,304,1,0.10137566137566137,7,50,19,1,2.5,0,-0.50000000000000044,0.86602540378443837,0,0,304,1,1,1,1,3,3,3,4,3,3,5,1,1,3,1,2,1,0,12.031719258385396,3,0,31,0
855,17920,Lvl,Inside,Sawyer,1Fam,1Story,5,4,Hip,CBlock,1779,3,1,2006,Abnorml,102.0,Wd Sdng,WD,None,Attchd,None,2,306,1085,1763,0.78899602949517866,730,1,0.099274553571428573,51,51,32,1,2.5,0,-0.49999999999999972,-0.86602540378443882,1,312,418,1,1,1,1,3,3,3,3,3,4,7,3,2,3,1,2,2,0,12.043553716032399,4,0,19,0
561,11341,Lvl,Inside,Sawyer,1Fam,1Story,5,6,Hip,CBlock,1392,3,1,2010,Normal,71.0,Wd Sdng,WD,None,Detchd,BrkFace,2,1302,0,1392,0.93534482758620685,95,1,0.12274049907415571,53,53,14,1,2.5,0,0.49999999999999994,-0.86602540378443871,1,95,0,1,1,1,1,3,3,4,3,3,4,4,1,1,2,1,2,2,0,11.707669541762741,4,0,39,0
894,13284,Lvl,Inside,Sawyer,1Fam,1Story,5,5,Gable,PConc,1383,3,1,2008,Normal,71.0,Wd Sdng,WD,GdPrv,Attchd,None,1,1064,0,1383,0.76934201012292114,627,1,0.10411020776874436,54,54,54,0,2.0,0,1.2246467991473532e-16,-1.0,1,0,627,1,1,1,1,3,3,4,3,3,4,7,1,2,3,1,2,2,0,12.013700752882718,4,0,0,0
1011,21286,Lvl,Inside,Sawyer,1Fam,1.5Fin,5,5,Gable,CBlock,1271,4,1,2008,Normal,115.0,Wd Sdng,WD,None,Attchd,None,1,0,0,720,0.0,108,1,0.059710607911303205,60,60,58,1,2.0,0,-0.86602540378443837,-0.50000000000000044,0,108,0,1,1,1,1,3,3,3,3,3,4,7,1,1,3,1,2,2,0,11.813030057420567,4,0,2,0
836,9600,Lvl,Inside,Sawyer,1Fam,1Story,4,7,Gable,CBlock,1067,2,0,2010,Normal,60.0,VinylSd,WD,None,Attchd,None,2,442,0,1067,0.41424554826616683,290,1,0.11114583333333333,14,60,15,1,2.0,0,0.8660254037844386,0.50000000000000011,0,0,290,1,1,1,1,3,3,4,3,4,0,5,1,1,3,1,2,2,0,11.759785542901755,4,0,45,1
403,10200,Lvl,Inside,Sawyer,1Fam,1Story,5,8,Gable,PConc,672,2,0,2008,Normal,60.0,Wd Sdng,WD,GdPrv,Detchd,None,1,0,0,672,0.0,168,1,0.065882352941176475,68,68,11,1,1.0,0,-0.86602540378443837,-0.50000000000000044,0,0,168,1,1,1,1,3,3,3,5,3,0,7,1,1,3,1,0,2,0,11.589886506106357,2,0,57,1
1138,6342,Lvl,Inside,Sawyer,1Fam,1.5Fin,5,8,Gable,CBlock,1020,2,0,2010,Normal,54.0,VinylSd,WD,None,None,None,0,0,0,780,0.0,176,1,0.16083254493850521,-999,135,14,1,1.0,1,0.49999999999999994,-0.86602540378443871,1,176,0,1,0,1,1,3,4,3,4,3,0,7,1,1,3,0,0,2,0,11.451050061252142,2,0,121,1
1239,13072,Lvl,Inside,SawyerW,1Fam,1Story,6,5,Gable,PConc,1141,3,0,2006,Abnorml,63.0,VinylSd,WD,None,Detchd,None,2,0,0,1141,0.0,0,0,0.0872858017135863,1,1,1,0,1.5,1,1.0,6.123233995736766e-17,0,0,0,1,1,1,1,4,3,4,5,3,0,7,1,1,3,1,2,2,0,11.867097278690842,2,0,0,0
61,13072,Lvl,Inside,SawyerW,1Fam,1Story,6,5,Gable,PConc,1158,3,0,2006,Partial,63.0,VinylSd,New,None,Detchd,None,2,941,0,1158,0.812607944732297,50,1,0.088586291309669524,0,2,2,0,2.5,1,0.49999999999999994,-0.86602540378443871,1,0,50,1,1,1,1,3,3,4,5,4,0,7,1,1,3,1,2,2,0,11.970350312009105,2,0,0,0
149,7500,Lvl,Inside,SawyerW,1Fam,1Story,7,5,Gable,PConc,1080,3,0,2008,Normal,63.0,VinylSd,WD,None,None,BrkFace,0,680,0,1080,0.62962962962962965,0,0,0.144,-999,4,3,1,2.0,0,0.86602540378443871,-0.49999999999999978,1,0,0,1,1,1,1,3,3,4,5,4,0,7,1,1,3,0,2,2,0,11.856515169360305,2,0,1,0
19,13695,Lvl,Inside,SawyerW,1Fam,1Story,5,5,Gable,PConc,1114,3,0,2008,Normal,66.0,VinylSd,WD,None,Detchd,None,2,646,0,1114,0.57989228007181326,102,1,0.081343556042351217,4,4,4,0,2.5,1,1.2246467991473532e-16,-1.0,1,0,102,1,1,1,1,3,3,3,5,4,0,7,1,1,3,1,2,2,0,11.976659481202368,2,0,0,0
253,8366,Lvl,Inside,SawyerW,1Fam,2Story,6,5,Gable,PConc,1640,3,0,2008,Normal,65.0,VinylSd,WD,None,Attchd,None,2,0,0,798,0.0,183,1,0.19603155629930671,4,4,4,0,2.5,0,-2.4492935982947064e-16,1.0,0,0,183,1,1,1,1,4,3,4,5,4,0,7,1,1,2,2,2,2,0,12.061046873479915,2,0,0,0
1414,10994,Lvl,Corner,SawyerW,1Fam,1Story,8,5,Gable,PConc,1844,2,1,2009,Abnorml,88.0,VinylSd,COD,None,Attchd,Stone,2,976,0,1844,0.5292841648590022,209,1,0.16772785155539385,4,4,3,1,3.0,0,-1.0,-1.8369701987210297e-16,0,0,209,1,1,1,1,4,3,4,5,4,4,7,1,1,2,3,2,2,0,12.456831363877356,2,0,1,0
1342,13695,Lvl,Inside,SawyerW,1Fam,1Story,6,5,Gable,PConc,1114,3,0,2008,Normal,66.0,VinylSd,WD,None,Detchd,None,2,814,0,1114,0.73070017953321365,78,1,0.081343556042351217,4,5,4,1,2.0,1,-0.49999999999999972,-0.86602540378443882,1,0,78,1,1,1,1,3,3,4,5,4,0,7,1,1,3,1,2,2,0,11.951180395901384,2,0,1,0
937,10083,Lvl,Inside,SawyerW,1Fam,1Story,7,5,Gable,PConc,1200,2,0,2009,Normal,67.0,VinylSd,WD,None,Attchd,None,2,833,0,1176,0.70833333333333337,41,1,0.11901219875037192,6,6,6,0,3.0,0,-0.86602540378443837,-0.50000000000000044,0,0,41,1,1,1,1,4,3,4,5,4,0,7,1,1,3,2,2,2,0,12.127570417375216,2,0,0,0
788,10142,Lvl,Inside,SawyerW,1Fam,2Story,7,5,Gable,PConc,2084,4,0,2010,Normal,76.0,VinylSd,WD,None,BuiltIn,None,2,656,0,956,0.68619246861924688,45,1,0.2054821534214159,6,6,6,0,3.5,0,0.49999999999999994,0.86602540378443871,0,0,45,1,1,1,1,4,3,4,5,4,0,7,1,1,2,2,2,2,0,12.358793732547838,2,0,0,0
743,8450,Lvl,Inside,SawyerW,1Fam,1Story,7,5,Gable,PConc,1349,3,0,2007,Normal,65.0,VinylSd,WD,GdPrv,Attchd,BrkFace,2,0,0,1349,0.0,175,1,0.15964497041420117,7,7,6,1,2.0,0,-2.4492935982947064e-16,1.0,0,0,175,1,1,1,1,3,3,4,5,3,0,7,1,1,3,1,2,2,0,12.095141084822892,2,0,1,0
828,8529,Lvl,Inside,SawyerW,1Fam,1Story,7,5,Gable,PConc,1434,3,1,2009,Normal,65.0,VinylSd,WD,None,Attchd,None,2,20,0,1454,0.013755158184319119,329,1,0.16813225466056983,8,8,8,0,2.0,0,0.86602540378443871,-0.49999999999999978,1,0,329,1,1,1,1,4,3,4,5,4,3,7,1,1,2,2,2,2,0,12.149502294041779,2,0,0,0
1349,16196,Low,Inside,SawyerW,1Fam,1Story,7,5,Gable,PConc,1494,3,1,2007,Normal,66.5,VinylSd,WD,None,Attchd,None,2,1443,0,1482,0.97368421052631582,427,1,0.092244998765127192,9,9,9,0,3.0,0,-0.86602540378443837,-0.50000000000000044,0,0,427,1,1,1,1,4,3,4,5,4,2,7,1,4,0,2,2,2,0,12.2783933071098,2,0,0,0
507,9554,Lvl,Inside,SawyerW,1Fam,2Story,8,5,Gable,PConc,1911,3,1,2006,Normal,80.0,VinylSd,WD,None,Attchd,BrkFace,2,380,0,777,0.48906048906048905,263,1,0.20002093364036005,13,13,12,1,2.5,0,-1.0,-1.8369701987210297e-16,0,0,263,1,1,1,1,4,3,4,5,4,3,7,1,1,2,2,2,2,0,12.2783933071098,2,0,1,0
921,8462,Lvl,Inside,SawyerW,1Fam,2Story,6,5,Gable,PConc,1721,3,0,2007,Normal,70.0,HdBoard,WD,None,Attchd,BrkFace,2,814,0,928,0.87715517241379315,387,1,0.2033798156464193,13,13,13,0,3.0,0,-0.49999999999999972,-0.86602540378443882,1,0,387,1,1,1,1,4,4,4,5,4,0,7,1,1,2,2,2,2,0,12.211060187041213,1,0,0,0
782,7153,Lvl,Inside,SawyerW,1Fam,2Story,6,5,Gable,PConc,1603,3,0,2006,Normal,65.0,VinylSd,WD,None,Attchd,None,2,387,0,761,0.50854139290407363,124,1,0.22410177547882007,14,14,14,0,2.5,0,-0.49999999999999972,-0.86602540378443882,1,0,124,1,1,1,1,4,4,4,5,4,0,7,1,1,3,2,2,2,0,12.077670930725649,1,0,0,0
603,10041,Lvl,Inside,SawyerW,1Fam,2Story,8,5,Gable,PConc,1915,3,1,2006,Abnorml,80.0,HdBoard,WD,None,Attchd,None,2,789,0,908,0.86894273127753308,270,1,0.19071805597052086,14,14,14,0,3.5,0,0.8660254037844386,0.50000000000000011,0,0,270,1,1,1,1,4,3,4,5,4,3,7,1,2,2,3,2,2,0,12.301382825334498,2,0,0,0
668,8125,Lvl,Inside,SawyerW,1Fam,1Story,6,5,Gable,PConc,1679,3,1,2008,Normal,65.0,HdBoard,WD,None,Attchd,BrkFace,2,1138,0,1408,0.80823863636363635,266,1,0.20664615384615384,14,14,10,1,3.0,0,-0.8660254037844386,0.50000000000000011,0,0,266,1,1,1,1,3,3,4,5,4,2,7,1,1,3,2,2,2,0,12.173032791451973,2,0,4,0
1134,9828,Lvl,Inside,SawyerW,1Fam,2Story,8,5,Gable,PConc,2020,3,1,2009,Normal,80.0,VinylSd,WD,None,Attchd,None,2,584,0,1128,0.51773049645390068,155,1,0.20553520553520555,14,14,14,0,2.5,0,1.2246467991473532e-16,-1.0,1,0,155,1,1,1,1,4,3,4,5,4,3,7,1,1,2,2,2,2,0,12.386308695833106,2,0,0,0
285,8012,Lvl,Inside,SawyerW,TwnhsE,1Story,6,5,Gable,PConc,1575,2,0,2007,Normal,50.0,Plywood,WD,None,Attchd,None,2,430,0,1575,0.273015873015873,52,1,0.19658012980529208,15,15,15,0,3.0,0,-0.49999999999999972,-0.86602540378443882,1,52,0,1,1,1,1,4,3,4,4,4,0,7,1,1,3,2,2,2,0,12.096257779522967,3,0,0,0
470,9291,Lvl,Corner,SawyerW,1Fam,2Story,6,5,Gable,PConc,1710,3,0,2008,Normal,76.0,HdBoard,WD,None,Attchd,BrkFace,2,426,0,832,0.51201923076923073,214,1,0.18404907975460122,15,15,15,0,2.5,1,1.2246467991473532e-16,-1.0,1,0,214,1,1,1,1,4,3,4,5,4,0,7,1,1,2,2,2,2,0,12.138863895836725,2,0,0,0
415,11228,Lvl,CulDSac,SawyerW,1Fam,2Story,7,5,Gable,PConc,2097,3,1,2008,Normal,59.0,VinylSd,WD,None,Attchd,None,3,50,531,1080,0.537962962962963,383,1,0.18676522978268614,15,15,15,0,3.0,0,-2.4492935982947064e-16,1.0,0,0,383,1,1,1,1,4,3,4,5,4,3,7,6,1,1,1,2,2,0,12.337100907936577,2,0,0,0
924,8012,Lvl,Inside,SawyerW,TwnhsE,1Story,6,5,Gable,PConc,1617,2,1,2008,Normal,50.0,Plywood,WD,None,Attchd,None,2,165,841,1604,0.62718204488778051,69,1,0.20182226660009986,15,15,14,1,3.0,0,-0.49999999999999972,-0.86602540378443882,1,0,69,1,1,1,1,4,3,4,5,4,2,7,6,1,3,2,2,2,0,12.170445467887022,2,0,1,0
124,7892,Lvl,Inside,SawyerW,TwnhsE,1Story,6,5,Gable,PConc,1199,2,0,2008,Normal,55.0,Plywood,WD,None,Attchd,None,2,300,0,1199,0.25020850708924103,63,1,0.15192600101368475,15,15,15,0,2.0,0,1.0,6.123233995736766e-17,0,0,63,1,1,1,1,4,3,4,5,4,0,7,1,1,3,2,2,2,0,11.94405831982697,2,0,0,0
919,13125,Lvl,Corner,SawyerW,1Fam,2Story,7,5,Gable,PConc,2127,4,1,2007,Normal,103.0,HdBoard,WD,GdPrv,Attchd,None,3,48,634,1104,0.61775362318840576,488,1,0.16205714285714284,16,16,16,0,3.5,0,-0.50000000000000044,0.86602540378443837,0,224,264,1,1,1,1,4,3,5,5,4,3,7,6,2,2,2,2,2,0,12.380025952653611,2,0,0,0
847,9317,Lvl,Inside,SawyerW,1Fam,2Story,7,5,Gable,PConc,1775,3,1,2009,Normal,75.0,HdBoard,WD,None,Attchd,BrkFace,2,513,0,740,0.69324324324324327,498,1,0.1905119673714715,16,16,16,0,3.5,0,-0.49999999999999972,-0.86602540378443882,1,192,306,1,1,1,1,4,3,4,5,4,3,7,1,1,3,1,2,2,0,12.269047444691562,2,0,0,0
245,8880,Lvl,Inside,SawyerW,1Fam,2Story,7,5,Gable,PConc,2110,3,2,2010,Normal,66.5,VinylSd,WD,None,Attchd,None,2,695,0,948,0.7331223628691983,130,1,0.2376126126126126,16,16,8,1,3.5,0,0.49999999999999994,-0.86602540378443871,1,0,130,1,1,1,1,4,3,4,5,4,2,7,1,1,2,2,2,2,0,12.230765258120545,2,0,8,0
870,9938,Lvl,Inside,SawyerW,1Fam,2Story,7,5,Gable,PConc,1949,3,1,2010,Normal,80.0,MetalSd,WD,GdPrv,Attchd,BrkFace,2,750,0,1050,0.7142857142857143,246,1,0.19611591869591466,17,17,16,1,3.5,0,1.2246467991473532e-16,-1.0,1,0,246,1,1,1,1,4,3,4,5,4,3,7,1,1,3,3,2,2,0,12.371587084007746,2,0,1,0
307,13474,Lvl,Inside,SawyerW,1Fam,2Story,7,5,Gable,CBlock,2243,4,1,2007,Normal,116.0,HdBoard,WD,None,Attchd,BrkFace,3,700,0,700,1.0,395,1,0.16646875463856317,17,17,16,1,3.5,1,1.2246467991473532e-16,-1.0,1,224,171,1,1,1,1,4,3,4,4,4,3,7,1,1,3,2,2,2,0,12.323855681186558,3,0,1,0
1107,10357,Lvl,Corner,SawyerW,1Fam,1Story,7,5,Hip,PConc,1442,3,1,2007,Normal,114.0,HdBoard,WD,None,Attchd,None,2,738,0,910,0.810989010989011,244,1,0.13922950661388434,17,17,16,1,3.0,1,0.49999999999999994,-0.86602540378443871,1,0,244,1,1,1,1,4,3,4,4,4,3,7,1,2,2,3,2,2,0,12.100156419938624,3,0,1,0
1310,7153,Lvl,Inside,SawyerW,1Fam,1Story,6,5,Gable,CBlock,1294,3,0,2008,Normal,66.5,HdBoard,WD,GdWo,Attchd,BrkFace,2,1200,0,1278,0.93896713615023475,163,1,0.18090311757304628,17,17,17,0,3.0,0,1.2246467991473532e-16,-1.0,1,0,163,1,1,1,1,3,3,4,4,4,0,7,1,1,3,2,2,2,0,12.096257779522967,3,0,0,0
238,9453,Lvl,CulDSac,SawyerW,1Fam,2Story,7,7,Gable,PConc,1744,3,0,2010,Normal,66.5,HdBoard,WD,None,Attchd,None,2,402,0,996,0.40361445783132532,678,1,0.18449169575796043,17,17,7,1,2.5,1,0.8660254037844386,0.50000000000000011,0,238,440,1,1,1,1,4,3,4,5,4,0,7,1,1,2,2,2,2,0,12.178187442040638,2,0,10,0
1086,9069,Lvl,Inside,SawyerW,1Fam,SFoyer,6,6,Gable,PConc,996,2,0,2010,Normal,73.0,HdBoard,WD,None,Attchd,None,2,747,0,936,0.79807692307692313,120,1,0.10982467747270923,18,18,18,0,2.0,0,0.86602540378443871,-0.49999999999999978,1,0,120,1,1,1,1,3,3,4,5,4,0,7,1,3,3,1,2,2,0,11.898187865760873,2,0,0,0
1044,11839,Lvl,Inside,SawyerW,1Fam,2Story,7,5,Hip,PConc,2329,4,1,2008,Normal,86.0,HdBoard,WD,None,Attchd,BrkFace,2,1085,0,1475,0.735593220338983,313,1,0.19672269617366331,18,18,18,0,3.5,0,0.49999999999999994,-0.86602540378443871,1,0,313,1,1,1,1,3,3,4,5,4,5,7,1,1,3,1,2,2,0,12.477167914377556,2,0,0,0
1211,11218,Lvl,Inside,SawyerW,1Fam,2Story,6,5,Gable,PConc,1845,3,1,2010,Normal,70.0,Wd Sdng,WD,GdPrv,Attchd,None,2,0,0,1055,0.0,739,1,0.16446781957568193,18,18,18,0,2.5,0,0.49999999999999994,-0.86602540378443871,1,0,739,1,1,1,1,4,3,4,5,4,3,7,1,1,3,2,2,2,0,12.149502294041779,2,0,0,0
281,11287,Lvl,Inside,SawyerW,1Fam,2Story,7,6,Gable,CBlock,1982,3,1,2007,Normal,82.0,Plywood,WD,None,Attchd,BrkFace,2,421,0,807,0.52168525402726151,280,1,0.17560024807300434,18,18,18,0,2.5,0,0.49999999999999994,0.86602540378443871,0,196,84,1,1,1,1,4,3,4,4,4,3,7,1,3,3,3,2,2,0,12.339291489316397,3,0,0,0
209,14364,Low,Inside,SawyerW,1Fam,2Story,7,5,Gable,CBlock,2062,3,1,2007,Normal,66.5,Plywood,WD,None,Attchd,BrkFace,2,1065,0,1157,0.92048401037165084,269,1,0.14355332776385407,19,19,18,1,3.5,0,0.86602540378443871,-0.49999999999999978,1,154,115,1,1,1,1,4,3,4,5,3,4,7,1,4,2,3,2,1,0,12.531772785169476,2,0,1,0
1206,14684,Lvl,CulDSac,SawyerW,1Fam,1Story,7,7,Hip,CBlock,2196,3,1,2009,Normal,90.0,HdBoard,WD,None,Attchd,BrkFace,3,485,177,2158,0.30676552363299353,154,1,0.14955053119041134,19,19,18,1,2.0,0,1.2246467991473532e-16,-1.0,1,0,154,1,1,1,1,4,3,4,4,4,3,7,4,2,2,2,2,2,0,12.513189630620563,3,0,1,0
119,12376,Lvl,Corner,SawyerW,1Fam,2Story,7,5,Hip,PConc,3222,5,2,2010,Normal,90.0,Plywood,WD,None,Attchd,None,3,1470,0,1673,0.87866108786610875,367,1,0.26034259857789271,20,20,20,0,4.0,0,0.49999999999999994,-0.86602540378443871,1,0,367,1,1,1,1,3,3,4,4,4,3,7,1,2,3,1,2,2,0,12.676076274775909,3,0,0,0
427,12800,Low,Inside,SawyerW,1Fam,SLvl,7,5,Gable,PConc,1644,2,1,2009,Normal,66.5,Wd Sdng,WD,None,Attchd,BrkFace,2,1518,0,1518,1.0,476,1,0.1284375,20,20,20,0,3.5,0,-0.86602540378443837,-0.50000000000000044,0,396,80,1,1,1,1,4,3,4,4,4,3,7,1,4,3,3,2,1,0,12.524526376648708,3,0,0,0
1147,11200,Lvl,Inside,SawyerW,1Fam,1Story,6,5,Gable,CBlock,1298,3,1,2006,Normal,66.5,Wd Sdng,WD,None,Attchd,BrkFace,2,1258,0,1298,0.96918335901386754,191,1,0.11589285714285714,21,21,21,0,3.0,0,0.49999999999999994,-0.86602540378443871,1,0,191,1,1,1,1,4,3,4,3,4,3,7,1,1,3,1,2,2,0,12.100712129872347,4,0,0,0
323,10380,Lvl,Inside,SawyerW,1Fam,2Story,7,5,Gable,CBlock,2730,4,1,2007,Normal,86.0,Plywood,WD,MnPrv,Attchd,BrkFace,2,28,1474,1502,1.0,297,1,0.26300578034682082,20,21,20,1,3.5,0,-0.86602540378443837,-0.50000000000000044,0,0,297,1,1,1,1,4,3,3,5,4,3,7,5,4,2,3,2,2,0,12.614865543731012,2,0,1,0
43,9180,Lvl,CulDSac,SawyerW,1Fam,SFoyer,5,7,Gable,CBlock,884,2,0,2007,Normal,66.5,HdBoard,WD,MnPrv,Attchd,None,2,747,93,840,1.0,240,1,0.0962962962962963,24,24,24,0,2.0,0,-2.4492935982947064e-16,1.0,0,0,240,1,1,1,1,3,3,4,4,4,0,7,2,3,2,2,2,2,0,11.877568578558138,3,0,0,0
102,9206,Lvl,Inside,SawyerW,1Fam,2Story,6,5,Gable,CBlock,1732,3,1,2010,Normal,77.0,HdBoard,WD,None,Attchd,BrkFace,2,0,0,741,0.0,238,1,0.18813817075820116,25,25,25,0,2.5,0,1.2246467991473532e-16,-1.0,1,0,238,1,1,1,1,4,3,4,3,4,3,7,1,1,3,3,2,2,0,12.089538829274222,4,0,0,0
569,12327,Low,Inside,SawyerW,1Fam,1.5Fin,8,8,Gable,CBlock,2132,1,1,2009,Normal,79.0,Wd Sdng,WD,None,BuiltIn,None,2,1441,0,1496,0.96323529411764708,389,1,0.1729536789162002,26,26,0,1,2.5,0,-1.0,-1.8369701987210297e-16,0,0,389,1,1,1,1,4,3,4,5,4,4,5,1,4,2,3,2,1,0,12.665394426429049,2,0,26,0
373,7175,Lvl,Inside,SawyerW,TwnhsE,1Story,6,5,Gable,CBlock,752,2,0,2010,Normal,50.0,Plywood,WD,MnPrv,Attchd,None,1,623,121,744,1.0,443,1,0.10480836236933798,26,26,26,0,2.0,0,0.8660254037844386,0.50000000000000011,0,90,353,1,1,1,1,3,3,4,3,3,0,7,2,1,3,1,2,2,0,11.736069016284437,4,0,0,0
863,9672,Lvl,Corner,SawyerW,1Fam,1Story,6,5,Hip,PConc,1097,3,0,2010,Normal,81.0,HdBoard,WD,GdPrv,Attchd,None,2,338,0,1040,0.325,0,0,0.11342018196856907,24,26,25,1,2.0,0,0.49999999999999994,-0.86602540378443871,1,0,0,1,1,1,1,3,3,4,3,3,0,7,1,1,3,1,2,2,0,11.931635799828413,4,0,1,0
244,10762,Lvl,Corner,SawyerW,TwnhsE,2Story,6,6,Gable,CBlock,1217,3,1,2009,Normal,75.0,Plywood,WD,None,Attchd,None,1,0,0,626,0.0,28,1,0.1130830700613269,29,29,29,0,1.5,0,0.86602540378443871,-0.49999999999999978,1,0,28,1,1,1,1,3,3,4,3,3,3,7,1,1,3,2,2,2,0,11.695247021764184,4,0,0,0
895,7018,Bnk,Inside,SawyerW,Duplex,1Story,5,5,Gable,Slab,1535,4,0,2009,Alloca,64.0,Plywood,WD,None,Attchd,None,2,0,0,0,0.0,0,0,0.21872328298660587,30,30,30,0,2.0,0,1.2246467991473532e-16,-1.0,1,0,0,1,1,0,1,3,3,0,3,3,0,7,0,0,3,1,2,2,0,11.685684782260491,4,0,0,0
898,7018,Lvl,Inside,SawyerW,Duplex,2Story,5,5,Gable,Slab,2240,6,0,2009,Alloca,64.0,Plywood,WD,None,Detchd,None,2,0,0,0,0.0,154,1,0.31917925334853237,30,30,30,0,2.0,1,1.2246467991473532e-16,-1.0,1,0,154,1,1,0,1,3,3,0,3,3,0,7,0,0,3,1,2,2,0,11.870271183889114,4,0,0,0
796,8400,Lvl,Inside,SawyerW,1Fam,2Story,6,6,Gable,CBlock,1564,3,1,2010,Normal,70.0,HdBoard,WD,MnPrv,Attchd,BrkFace,2,0,0,650,0.0,254,1,0.18619047619047618,30,30,29,1,2.5,0,0.86602540378443871,-0.49999999999999978,1,204,50,1,1,1,1,3,3,4,3,3,3,7,1,1,3,1,2,2,0,12.049418835484797,4,0,1,0
103,7018,Bnk,Inside,SawyerW,Duplex,1Story,5,5,Gable,Slab,1535,4,0,2009,Alloca,64.0,HdBoard,WD,None,Attchd,None,2,0,0,0,0.0,0,0,0.21872328298660587,30,30,30,0,2.0,0,1.2246467991473532e-16,-1.0,1,0,0,1,1,0,1,3,2,0,3,3,0,7,0,0,3,1,2,2,0,11.686576205316552,5,1,0,0
779,8400,Lvl,Inside,SawyerW,Duplex,1Story,5,5,Gable,Slab,2020,4,2,2007,Normal,60.0,Plywood,WD,None,Detchd,BrkFace,2,0,0,0,0.0,0,0,0.24047619047619048,30,30,30,0,2.0,1,-0.8660254037844386,0.50000000000000011,0,0,0,1,1,0,1,3,3,0,3,3,3,7,0,0,3,1,2,2,0,11.877568578558138,4,0,0,0
681,8012,Lvl,Inside,SawyerW,TwnhsE,1Story,6,5,Gable,CBlock,923,2,1,2010,Normal,50.0,Plywood,WD,None,Attchd,None,1,543,119,923,0.71722643553629473,80,1,0.11520219670494258,30,30,30,0,2.0,0,0.49999999999999994,-0.86602540378443871,1,0,80,1,1,1,1,3,3,4,3,3,3,7,4,1,3,2,2,2,0,11.870599909242044,4,0,0,0
189,7018,Bnk,Inside,SawyerW,Duplex,SFoyer,5,5,Gable,CBlock,1224,2,2,2009,Alloca,64.0,Plywood,WD,None,Detchd,Stone,2,1086,0,1086,1.0,120,1,0.17440866343687661,30,30,30,0,3.0,1,1.2246467991473532e-16,-1.0,1,0,120,1,1,0,1,3,3,4,3,3,3,7,1,3,3,1,2,2,0,11.940393392554734,4,0,0,0
973,7892,Lvl,Inside,SawyerW,TwnhsE,1Story,6,5,Gable,CBlock,918,2,1,2010,Normal,55.0,Plywood,WD,None,Attchd,None,1,0,0,918,0.0,28,1,0.1163203243791181,31,31,31,0,2.0,0,0.86602540378443871,-0.49999999999999978,1,0,28,1,1,1,1,3,3,4,3,3,3,7,1,1,3,1,2,2,0,11.507912923146684,4,0,0,0
1207,8900,Lvl,Inside,SawyerW,1Fam,1Story,4,4,Gable,CBlock,1056,2,0,2006,Normal,66.5,HdBoard,WD,MnPrv,Detchd,None,1,1056,0,1056,1.0,42,1,0.11865168539325843,40,40,40,0,2.0,0,-0.50000000000000044,0.86602540378443837,0,0,42,1,1,1,1,3,3,3,3,3,0,7,1,1,3,1,2,2,0,11.580584113444043,4,0,0,0
952,7800,Lvl,Corner,SawyerW,1Fam,1Story,5,5,Gable,CBlock,965,3,0,2006,Abnorml,60.0,VinylSd,WD,MnPrv,Detchd,None,1,641,0,828,0.77415458937198067,421,1,0.12371794871794872,27,41,41,0,2.0,0,-0.49999999999999972,-0.86602540378443882,1,0,421,1,1,1,1,3,3,3,4,3,0,7,1,1,3,1,2,2,0,11.694413341015606,3,0,0,0
342,8400,Lvl,Inside,SawyerW,1Fam,1Story,4,4,Gable,CBlock,841,2,0,2009,Normal,60.0,Wd Sdng,WD,None,CarPort,None,1,0,0,721,0.0,274,1,0.10011904761904762,59,59,59,0,1.0,1,-1.0,-1.8369701987210297e-16,0,24,250,1,1,1,1,2,2,3,4,3,0,7,1,1,3,1,0,2,0,11.314474526246391,4,0,0,0
384,9000,Lvl,Corner,SawyerW,1Fam,1.5Unf,6,3,Gable,BrkTil,784,2,0,2009,Normal,60.0,Wd Sdng,WD,None,Detchd,None,2,0,0,784,0.0,91,1,0.087111111111111111,59,81,59,1,1.0,0,-0.8660254037844386,0.50000000000000011,0,91,0,1,0,1,0,3,3,2,3,3,0,7,1,1,3,1,0,2,0,11.238488619268468,4,0,22,0
461,8004,Lvl,Inside,Somerst,1Fam,2Story,8,5,Gable,PConc,1935,3,0,2009,Partial,75.0,VinylSd,New,None,BuiltIn,Stone,2,544,0,832,0.65384615384615385,150,1,0.24175412293853074,0,0,0,0,3.5,1,-2.4492935982947064e-16,1.0,0,0,150,1,1,1,1,4,3,4,5,3,0,7,1,1,2,3,2,2,0,12.481561937216318,2,0,0,0
1218,8640,Lvl,Inside,Somerst,1Fam,1Story,8,5,Gable,PConc,1314,3,0,2009,Partial,72.0,CemntBd,New,None,Attchd,Stone,2,936,0,1300,0.72,247,1,0.15208333333333332,0,0,0,0,3.0,0,-1.0,-1.8369701987210297e-16,0,0,247,1,1,1,1,4,3,4,5,4,0,7,1,2,3,2,2,2,0,12.343466568968994,2,0,0,0
1404,15256,Lvl,CulDSac,Somerst,1Fam,1Story,8,5,Gable,PConc,1464,3,0,2007,Normal,49.0,VinylSd,WD,None,Attchd,Stone,3,929,0,1485,0.62558922558922558,328,1,0.095962244362873622,0,0,0,0,3.0,1,-0.86602540378443837,-0.50000000000000044,0,0,328,1,1,1,1,4,3,4,5,4,0,7,1,4,2,1,2,2,0,12.552926520261092,2,0,0,0
282,7200,Lvl,Inside,Somerst,1Fam,1Story,6,5,Gable,PConc,1262,2,0,2006,Partial,60.0,VinylSd,New,None,Attchd,Stone,2,905,0,1262,0.71711568938193349,120,1,0.17527777777777778,0,0,0,0,2.0,0,0.49999999999999994,-0.86602540378443871,1,0,120,1,1,1,1,4,3,4,4,4,0,7,1,1,3,3,2,2,2,12.128111104060462,3,0,0,0
876,9000,Lvl,Inside,Somerst,1Fam,2Story,8,5,Gable,PConc,2610,4,1,2007,Partial,75.0,CemntBd,New,None,BuiltIn,None,2,64,0,1184,0.054054054054054057,572,1,0.29,0,0,0,0,2.5,0,-0.86602540378443837,-0.50000000000000044,0,0,572,1,1,1,1,4,3,4,5,5,4,7,1,3,3,3,2,2,0,12.623061104072981,2,0,0,0
197,9416,Lvl,Inside,Somerst,1Fam,1Story,7,5,Hip,PConc,1726,3,1,2007,Partial,79.0,CemntBd,New,None,Attchd,Stone,3,1126,0,1726,0.65237543453070679,575,1,0.18330501274426508,0,0,0,0,3.0,0,-1.0,-1.8369701987210297e-16,0,266,309,1,1,1,1,5,3,5,5,5,4,7,1,1,3,3,2,2,0,12.650348126203179,2,0,0,0
766,14587,Lvl,Inside,Somerst,1Fam,1Story,9,5,Gable,PConc,1506,2,1,2008,Partial,75.0,VinylSd,New,None,Attchd,Stone,2,0,0,1498,0.0,174,1,0.10324261328580242,0,0,0,0,2.0,0,-0.86602540378443837,-0.50000000000000044,0,0,174,1,1,1,1,4,3,4,5,5,4,7,1,1,2,3,2,2,0,12.484204257170104,2,0,0,0
1210,10182,Lvl,CulDSac,Somerst,1Fam,1Story,8,5,Hip,PConc,1660,3,1,2006,Partial,85.0,VinylSd,New,None,Attchd,Stone,2,1220,0,1660,0.73493975903614461,372,1,0.16303280298566097,0,0,0,0,3.0,1,0.49999999999999994,-0.86602540378443871,1,0,372,1,1,1,1,4,3,5,5,4,4,7,1,2,2,2,2,2,0,12.577636201962656,2,0,0,0
825,11216,Lvl,Inside,Somerst,1Fam,1Story,8,5,Gable,PConc,1489,3,1,2006,Partial,81.0,VinylSd,New,None,Attchd,None,2,0,0,1489,0.0,140,1,0.1327567760342368,0,0,0,0,2.0,0,1.2246467991473532e-16,-1.0,1,0,140,1,1,1,1,4,3,4,5,4,4,7,1,1,3,2,2,2,0,12.3570755190667,2,0,0,0
687,10207,Lvl,Inside,Somerst,1Fam,2Story,7,6,Gable,PConc,1761,3,0,2007,Partial,84.0,VinylSd,New,None,Attchd,None,2,0,0,874,0.0,249,1,0.17252865680415402,0,0,0,0,3.0,0,-0.86602540378443837,-0.50000000000000044,0,0,249,1,1,1,1,4,3,4,5,4,0,7,1,1,3,3,2,2,0,12.336552511980964,2,0,0,0
645,9187,Lvl,Inside,Somerst,1Fam,1Story,9,5,Gable,PConc,1766,2,1,2009,Partial,85.0,CemntBd,New,None,Attchd,Stone,3,1121,0,1766,0.63476783691959227,325,1,0.19222814847066508,0,0,0,0,3.5,0,-0.8660254037844386,0.50000000000000011,0,0,325,1,1,1,1,5,3,5,5,5,4,7,1,2,3,3,2,2,0,12.823628446539173,2,0,0,0
88,3951,Lvl,Corner,Somerst,TwnhsE,2Story,6,5,Gable,PConc,1224,2,0,2009,Partial,40.0,VinylSd,New,None,Detchd,Stone,2,0,0,612,0.0,234,1,0.30979498861047838,0,0,0,0,2.5,0,1.2246467991473532e-16,-1.0,1,0,234,1,1,1,1,4,3,4,5,4,0,7,1,3,3,2,2,2,2,12.010665849187564,2,0,0,0
271,10728,Lvl,Inside,Somerst,1Fam,2Story,8,5,Gable,PConc,1939,3,1,2006,Partial,84.0,VinylSd,New,None,Attchd,None,3,0,0,1095,0.0,243,1,0.18074198359433258,0,0,0,0,2.5,0,-0.86602540378443837,-0.50000000000000044,0,0,243,1,1,1,1,4,3,4,4,4,4,7,1,2,3,2,2,2,0,12.491251587763836,3,0,0,0
1242,9849,Lvl,Inside,Somerst,1Fam,1Story,7,6,Hip,PConc,1689,3,0,2007,Partial,83.0,VinylSd,New,None,Attchd,Stone,3,0,0,1689,0.0,56,1,0.17148949131891564,0,0,0,0,2.0,0,1.2246467991473532e-16,-1.0,1,0,56,1,1,1,1,4,3,4,5,4,0,7,1,3,3,2,2,2,0,12.422505731952896,2,0,0,0
794,9158,Lvl,Inside,Somerst,1Fam,1Story,8,5,Gable,PConc,1496,3,0,2007,Partial,76.0,CemntBd,New,None,Attchd,Stone,2,0,0,1496,0.0,298,1,0.16335444420179079,0,0,0,0,2.0,0,1.2246467991473532e-16,-1.0,1,0,298,1,1,1,1,4,3,4,5,4,0,7,1,3,3,3,2,2,0,12.323855681186558,2,0,0,0
806,12274,Lvl,FR2,Somerst,1Fam,1Story,7,5,Gable,PConc,1428,3,0,2008,Partial,91.0,VinylSd,New,None,Attchd,Stone,2,0,0,1417,0.0,60,1,0.11634349030470914,0,0,0,0,2.0,0,-0.49999999999999972,-0.86602540378443882,1,0,60,1,1,1,1,4,3,4,5,5,0,7,1,1,2,2,2,2,0,12.33569641332368,2,0,0,0
382,7200,Lvl,Inside,Somerst,1Fam,1Story,7,5,Gable,PConc,1301,2,1,2006,Partial,60.0,VinylSd,New,None,Attchd,None,2,0,0,1293,0.0,337,1,0.18069444444444444,0,0,0,0,3.0,0,-0.86602540378443837,-0.50000000000000044,0,0,337,1,1,1,1,4,3,4,5,4,4,7,1,1,3,2,2,2,2,12.142866569626381,2,0,0,0
915,3000,Lvl,Inside,Somerst,TwnhsE,2Story,6,5,Gable,PConc,1224,2,0,2009,Partial,30.0,VinylSd,New,None,Detchd,Stone,2,294,0,612,0.48039215686274511,234,1,0.408,0,0,0,0,2.5,0,1.2246467991473532e-16,-1.0,1,0,234,1,1,1,1,4,3,4,5,4,0,7,1,3,3,2,2,2,2,12.065274916913605,2,0,0,0
508,7862,Lvl,Inside,Somerst,1Fam,1Story,6,5,Gable,PConc,1218,2,0,2009,Partial,75.0,VinylSd,New,None,Attchd,None,2,27,0,1218,0.022167487684729065,102,1,0.15492241160010176,0,0,0,0,2.0,0,-1.0,-1.8369701987210297e-16,0,0,102,1,1,1,1,4,3,4,5,4,0,7,1,1,2,3,2,2,0,12.246734627249063,2,0,0,0
990,8125,Lvl,Inside,Somerst,1Fam,2Story,7,5,Gable,PConc,1576,3,0,2006,Partial,65.0,VinylSd,New,None,Attchd,None,2,0,0,770,0.0,50,1,0.19396923076923078,0,0,0,0,2.5,0,-0.86602540378443837,-0.50000000000000044,0,0,50,1,1,1,1,4,3,4,5,4,0,7,1,1,3,2,2,2,0,12.190959007720126,2,0,0,0
213,8640,Lvl,Inside,Somerst,1Fam,2Story,7,5,Gable,PConc,1852,3,1,2009,Partial,72.0,VinylSd,New,None,Attchd,None,2,822,0,900,0.91333333333333333,276,1,0.21435185185185185,0,0,0,0,3.5,0,-0.49999999999999972,-0.86602540378443882,1,0,276,1,1,1,1,3,3,4,5,4,3,7,1,1,3,2,2,2,0,12.439871229831715,2,0,0,0
579,3604,Lvl,Corner,Somerst,TwnhsE,2Story,7,5,Gable,PConc,1392,2,0,2008,Abnorml,34.0,VinylSd,WD,None,Detchd,None,2,0,0,689,0.0,102,1,0.38623751387347394,1,1,1,0,2.0,0,0.8660254037844386,0.50000000000000011,0,0,102,1,1,1,1,4,3,4,5,4,0,7,1,1,3,1,2,2,2,11.891361900690473,2,0,0,0
832,3180,Lvl,Inside,Somerst,TwnhsE,2Story,7,5,Gable,PConc,1200,2,0,2006,Normal,30.0,MetalSd,WD,None,Detchd,None,2,0,0,600,0.0,166,1,0.37735849056603776,1,1,1,0,2.5,0,1.2246467991473532e-16,-1.0,1,0,166,1,1,1,1,3,3,4,5,4,0,7,1,1,3,2,2,2,2,11.925035115797062,2,0,0,0
1325,9986,Lvl,Inside,Somerst,1Fam,1Story,8,5,Gable,PConc,1795,2,1,2007,Partial,75.0,VinylSd,New,None,Attchd,BrkFace,3,0,0,1795,0.0,49,1,0.17975165231323853,0,1,0,1,2.0,0,0.8660254037844386,0.50000000000000011,0,0,49,1,1,1,1,4,3,5,5,4,4,7,1,3,3,2,2,2,0,11.898187865760873,2,0,1,0
1304,8688,Lvl,Inside,Somerst,1Fam,1Story,7,5,Gable,PConc,1616,3,0,2006,Normal,73.0,VinylSd,WD,None,Attchd,BrkFace,3,0,0,1616,0.0,267,1,0.1860036832412523,1,1,1,0,2.0,0,0.86602540378443871,-0.49999999999999978,1,0,267,1,1,1,1,4,3,4,5,4,0,7,1,3,3,2,2,2,0,12.354492650648448,2,0,0,0
1318,4230,Lvl,Corner,Somerst,TwnhsE,1Story,7,5,Gable,PConc,1352,2,1,2007,Partial,47.0,VinylSd,New,None,Attchd,None,2,0,0,1352,0.0,241,1,0.31962174940898347,1,1,0,1,2.0,0,0.86602540378443871,-0.49999999999999978,1,0,241,1,1,1,1,4,3,5,5,4,4,7,1,1,3,2,2,2,2,12.249610947544657,2,0,1,0
978,4274,Lvl,Inside,Somerst,TwnhsE,1Story,7,5,Gable,PConc,1241,1,0,2007,Partial,35.0,VinylSd,New,None,Attchd,None,2,1106,0,1241,0.8912167606768735,116,1,0.29036031820308844,0,1,0,1,2.5,0,-0.50000000000000044,0.86602540378443837,0,0,116,1,1,1,1,4,3,4,5,4,0,7,1,1,2,3,2,2,2,12.205572520488492,2,0,1,0
865,8640,Lvl,Inside,Somerst,1Fam,1Story,7,5,Gable,PConc,1372,3,0,2008,Partial,72.0,VinylSd,New,None,Attchd,None,2,0,0,1372,0.0,140,1,0.1587962962962963,0,1,0,1,2.0,0,0.49999999999999994,-0.86602540378443871,1,0,140,1,1,1,1,4,3,5,5,4,0,7,1,1,3,3,2,2,0,12.431533509799543,2,0,1,0
284,9612,Lvl,Inside,Somerst,1Fam,1Story,8,5,Gable,PConc,1468,3,1,2009,Partial,74.0,VinylSd,New,None,Attchd,Stone,3,0,0,1468,0.0,360,1,0.15272575946733249,1,1,0,1,2.0,1,-2.4492935982947064e-16,1.0,0,0,360,1,1,1,1,4,3,4,5,4,4,7,1,1,3,3,2,2,0,12.407379502235209,2,0,1,0
974,11639,Lvl,Corner,Somerst,1Fam,1Story,7,5,Gable,PConc,1428,3,0,2008,Partial,95.0,CemntBd,New,None,Attchd,None,2,0,0,1428,0.0,120,1,0.12269095283099923,1,1,0,1,2.0,0,-2.4492935982947064e-16,1.0,0,0,120,1,1,1,1,4,3,4,5,4,0,7,1,1,3,3,2,2,0,12.111761966058932,2,0,1,0
665,20896,Lvl,CulDSac,Somerst,1Fam,1Story,8,5,Gable,PConc,2097,1,1,2006,Partial,49.0,VinylSd,New,None,Attchd,None,3,1721,0,2077,0.82859894077997109,459,1,0.100354134762634,1,1,0,1,2.5,1,0.49999999999999994,0.86602540378443871,0,0,459,1,1,1,1,4,3,5,5,5,5,7,1,2,1,3,2,2,0,12.955127458028414,2,0,1,0
286,4251,Lvl,Inside,Somerst,TwnhsE,2Story,7,5,Gable,PConc,1250,2,0,2007,Partial,35.0,MetalSd,New,None,Detchd,None,2,0,0,625,0.0,54,1,0.29404845918607386,1,1,0,1,2.5,0,1.2246467991473532e-16,-1.0,1,0,54,1,1,1,1,4,3,4,5,4,0,7,1,1,2,2,2,2,2,12.011880916165731,2,0,1,0
1365,3180,Lvl,Inside,Somerst,TwnhsE,2Story,7,5,Gable,PConc,1200,2,0,2006,Abnorml,30.0,MetalSd,WD,None,Detchd,None,2,0,0,600,0.0,166,1,0.37735849056603776,1,1,1,0,2.5,0,0.86602540378443871,-0.49999999999999978,1,0,166,1,1,1,1,4,3,4,5,4,0,7,1,1,3,2,2,2,2,11.87862357740665,2,0,0,0
1227,14598,Lvl,CulDSac,Somerst,1Fam,2Story,6,5,Gable,PConc,1933,4,1,2008,Normal,86.0,VinylSd,WD,None,BuiltIn,Stone,3,0,0,894,0.0,118,1,0.13241539936977667,1,1,1,0,2.5,1,0.49999999999999994,0.86602540378443871,0,0,118,1,1,1,1,4,3,4,5,4,4,7,1,2,2,3,2,2,0,12.273731294003989,2,0,0,0
1159,11932,Lvl,FR2,Somerst,1Fam,1Story,8,5,Gable,PConc,1580,3,0,2008,Partial,92.0,VinylSd,ConLD,None,Attchd,Stone,3,0,0,1580,0.0,24,1,0.13241702983573583,0,1,0,1,2.0,1,1.2246467991473532e-16,-1.0,1,0,24,1,1,1,1,4,3,4,5,4,0,7,1,1,3,2,2,2,0,12.367885325692589,2,0,1,0
526,7500,Lvl,Inside,Somerst,1Fam,1Story,7,5,Gable,PConc,1266,3,1,2006,Normal,62.0,VinylSd,WD,None,Attchd,None,2,0,0,1257,0.0,182,1,0.1688,1,1,1,0,2.0,0,0.86602540378443871,-0.49999999999999978,1,0,182,1,1,1,1,4,3,4,5,4,3,7,1,1,3,1,2,2,2,12.078239274020289,2,0,0,0
1247,8125,Lvl,Inside,Somerst,1Fam,2Story,7,5,Gable,PConc,1553,3,0,2006,Partial,65.0,VinylSd,New,None,Attchd,None,2,0,0,756,0.0,45,1,0.19113846153846153,1,1,0,1,2.5,0,1.0,6.123233995736766e-17,0,0,45,1,1,1,1,4,3,4,5,4,0,7,1,1,3,2,2,2,0,12.136186518066006,2,0,1,0
410,10800,Lvl,Inside,Somerst,1Fam,2Story,8,5,Gable,PConc,2078,3,1,2008,Partial,85.0,VinylSd,New,None,Attchd,Stone,3,789,0,1034,0.76305609284332687,102,1,0.19240740740740742,0,1,0,1,3.5,0,0.86602540378443871,-0.49999999999999978,1,0,102,1,1,1,1,4,3,5,5,5,4,7,1,1,3,3,2,2,0,12.735965332013389,2,0,1,0
318,9000,Lvl,Inside,Somerst,1Fam,2Story,8,5,Gable,PConc,1959,3,1,2007,Normal,75.0,VinylSd,WD,None,Attchd,None,3,0,0,1088,0.0,254,1,0.21766666666666667,1,1,1,0,2.5,0,-2.4492935982947064e-16,1.0,0,0,254,1,1,1,1,4,3,4,5,4,4,7,1,3,3,2,2,2,0,12.506177237980511,2,0,0,0
1443,11003,Lvl,Inside,Somerst,1Fam,2Story,10,5,Gable,PConc,2007,3,1,2009,Normal,85.0,VinylSd,WD,None,Attchd,Stone,3,765,0,1017,0.75221238938053092,220,1,0.18240479869126602,1,1,1,0,3.5,0,0.86602540378443871,-0.49999999999999978,1,0,220,1,1,1,1,5,3,5,5,5,5,7,1,3,3,3,2,2,0,12.644327576461329,2,0,0,0
933,11670,Lvl,Corner,Somerst,1Fam,1Story,9,5,Hip,PConc,1905,3,1,2007,Normal,84.0,VinylSd,WD,None,Attchd,Stone,3,0,0,1905,0.0,191,1,0.16323907455012854,1,1,1,0,2.0,1,1.0,6.123233995736766e-17,0,0,191,1,1,1,1,5,3,5,5,5,4,7,1,1,2,3,2,2,0,12.676076274775909,2,0,0,0
83,10206,Lvl,Inside,Somerst,1Fam,1Story,8,5,Gable,PConc,1563,3,1,2008,Normal,78.0,VinylSd,WD,None,Attchd,Stone,3,33,0,1563,0.021113243761996161,243,1,0.15314520870076426,1,1,1,0,2.0,0,-0.8660254037844386,0.50000000000000011,0,0,243,1,1,1,1,3,3,4,5,4,4,7,1,1,3,2,2,2,0,12.409013489526863,2,0,0,0
651,8125,Lvl,Inside,Somerst,1Fam,2Story,7,6,Gable,PConc,1665,3,0,2008,Normal,65.0,CemntBd,WD,None,Attchd,None,2,0,0,813,0.0,0,0,0.20492307692307693,1,1,1,0,2.5,0,0.49999999999999994,-0.86602540378443871,1,0,0,1,1,1,1,4,3,4,5,4,0,7,1,1,3,2,2,2,0,12.235388699864227,2,0,0,0
413,4403,Lvl,Inside,Somerst,1Fam,1Story,7,5,Gable,PConc,1478,2,1,2010,Partial,73.5,MetalSd,New,None,Attchd,Stone,2,578,0,1470,0.39319727891156464,144,1,0.33568021803315923,1,1,1,0,3.5,0,1.2246467991473532e-16,-1.0,1,0,144,1,1,1,1,5,3,5,5,4,4,7,1,3,1,3,2,2,0,12.310432660854417,2,0,0,0
907,13501,Lvl,Corner,Somerst,1Fam,1Story,8,5,Gable,PConc,1636,3,1,2007,Normal,116.0,VinylSd,WD,None,Attchd,Stone,3,63,0,1623,0.038817005545286505,60,1,0.12117620916969113,1,1,1,0,3.0,0,1.2246467991473532e-16,-1.0,1,0,60,1,1,1,1,4,3,4,5,4,4,7,1,1,2,2,2,2,0,12.449018824140563,2,0,0,0
1331,10000,Lvl,Inside,Somerst,1Fam,1Story,8,5,Hip,PConc,1588,3,1,2007,Normal,85.0,VinylSd,WD,None,Attchd,Stone,3,0,0,1588,0.0,189,1,0.1588,1,1,1,0,2.0,0,-2.4492935982947064e-16,1.0,0,0,189,1,1,1,1,4,3,4,5,4,4,7,1,3,3,2,2,2,0,12.332705296463539,2,0,0,0
1452,9262,Lvl,Inside,Somerst,1Fam,1Story,8,5,Gable,PConc,1578,3,1,2009,Partial,78.0,CemntBd,New,None,Attchd,Stone,3,0,0,1573,0.0,36,1,0.17037356942345067,1,1,0,1,2.0,0,0.49999999999999994,-0.86602540378443871,1,0,36,1,1,1,1,4,3,4,5,5,4,7,1,1,3,3,2,2,0,12.567551034433226,2,0,1,0
1090,3316,Lvl,Inside,Somerst,TwnhsE,1Story,8,5,Gable,PConc,1247,1,1,2006,Normal,37.0,MetalSd,WD,None,Attchd,None,2,1039,0,1247,0.83319967923015237,84,1,0.37605548854041015,1,1,1,0,2.5,0,0.86602540378443871,-0.49999999999999978,1,0,84,1,1,1,1,4,3,4,5,4,4,7,1,1,2,3,2,2,2,12.190959007720126,2,0,0,0
830,2544,Lvl,Inside,Somerst,Twnhs,2Story,7,5,Gable,PConc,1223,2,0,2006,Normal,24.0,MetalSd,WD,None,Detchd,None,2,0,0,600,0.0,166,1,0.48073899371069184,1,1,1,0,2.5,0,-0.49999999999999972,-0.86602540378443882,1,0,166,1,1,1,1,4,3,4,5,4,0,7,1,1,3,2,2,2,2,11.900905258737373,2,0,0,0
763,8640,Lvl,Inside,Somerst,1Fam,2Story,7,5,Gable,PConc,1547,3,0,2010,Normal,72.0,VinylSd,Con,None,Attchd,None,2,24,0,756,0.031746031746031744,214,1,0.17905092592592592,1,1,1,0,2.5,0,1.2246467991473532e-16,-1.0,1,0,214,1,1,1,1,3,3,4,5,4,0,7,1,2,3,1,2,2,0,12.279323107269766,2,0,0,0
48,11096,Lvl,Inside,Somerst,1Fam,1Story,8,5,Gable,PConc,1656,3,0,2007,Normal,84.0,VinylSd,WD,None,Attchd,None,3,24,0,1656,0.014492753623188406,146,1,0.14924297043979812,1,1,1,0,2.0,0,-0.49999999999999972,-0.86602540378443882,1,0,146,1,1,1,1,4,3,4,5,4,0,7,1,3,3,2,2,2,0,12.428015476267865,2,0,0,0
454,9000,Lvl,Inside,Somerst,1Fam,2Story,8,5,Gable,PConc,1590,3,0,2009,Normal,75.0,VinylSd,WD,None,Attchd,None,2,0,0,768,0.0,30,1,0.17666666666666667,1,1,1,0,2.5,0,1.2246467991473532e-16,-1.0,1,0,30,1,1,1,1,4,3,4,5,4,0,7,1,1,3,2,2,2,0,12.254862809699606,2,0,0,0
1173,4017,Lvl,Inside,Somerst,TwnhsE,2Story,7,5,Gable,PConc,1250,2,0,2008,Normal,35.0,MetalSd,WD,None,Detchd,None,2,0,0,625,0.0,54,1,0.31117749564351505,2,2,1,1,2.5,0,1.0,6.123233995736766e-17,0,0,54,1,1,1,1,4,3,4,5,4,0,7,1,1,2,3,2,2,2,12.05466819137094,2,0,1,0
1003,11957,Lvl,Inside,Somerst,1Fam,1Story,8,5,Gable,PConc,1574,3,1,2008,Normal,75.0,VinylSd,WD,None,Attchd,BrkFace,3,24,0,1574,0.015247776365946633,248,1,0.13163837082880323,2,2,2,0,2.0,1,-0.49999999999999972,-0.86602540378443882,1,0,248,1,1,1,1,4,3,4,5,4,4,7,1,1,2,2,2,2,0,12.354492650648448,2,0,0,0
241,9000,Lvl,Inside,Somerst,1Fam,1Story,8,5,Gable,PConc,1566,3,0,2010,Normal,75.0,VinylSd,WD,None,Attchd,Stone,2,1078,0,1566,0.68837803320561941,312,1,0.174,2,2,2,0,3.0,0,0.86602540378443871,-0.49999999999999978,1,0,312,1,1,1,1,4,3,4,5,4,0,7,1,3,3,2,2,2,0,12.478006361013815,2,0,0,0
7,10084,Lvl,Inside,Somerst,1Fam,1Story,8,5,Gable,PConc,1694,3,1,2007,Normal,75.0,VinylSd,WD,None,Attchd,Stone,2,1369,0,1686,0.81198102016607354,312,1,0.16798889329631098,3,3,2,1,3.0,0,-0.86602540378443837,-0.50000000000000044,0,0,312,1,1,1,1,4,3,5,5,4,4,7,1,3,3,2,2,2,0,12.634603026569334,2,0,1,0
688,5105,Lvl,FR2,Somerst,TwnhsE,2Story,7,5,Gable,PConc,1102,2,0,2007,Normal,73.5,MetalSd,WD,None,Detchd,None,2,239,0,551,0.43375680580762249,60,1,0.21586679725759059,3,3,3,0,2.5,0,1.0,6.123233995736766e-17,0,0,60,1,1,1,1,4,3,4,5,4,0,7,1,1,1,1,2,2,0,11.910358401381128,2,0,0,0
378,11143,Lvl,Corner,Somerst,1Fam,2Story,8,5,Gable,PConc,2466,4,1,2007,Normal,102.0,CemntBd,WD,None,Attchd,None,2,0,0,1580,0.0,373,1,0.2213048550659607,3,3,2,1,3.0,0,-2.4492935982947064e-16,1.0,0,0,373,1,1,1,1,4,3,4,5,4,4,7,1,1,2,2,2,2,0,12.736700896592344,2,0,1,0
400,8125,Lvl,Inside,Somerst,1Fam,2Story,7,5,Gable,PConc,1550,2,0,2009,Normal,65.0,CemntBd,WD,None,Attchd,Stone,2,812,0,1092,0.74358974358974361,168,1,0.19076923076923077,2,3,2,1,3.0,0,-0.8660254037844386,0.50000000000000011,0,0,168,1,1,1,1,4,3,4,5,4,0,7,1,1,3,3,2,2,0,12.392552212472792,2,0,1,0
502,9803,Lvl,Inside,Somerst,1Fam,2Story,7,5,Gable,PConc,1768,3,0,2008,Normal,75.0,VinylSd,WD,None,Attchd,None,2,400,0,866,0.46189376443418012,108,1,0.1803529531775987,3,3,3,0,2.5,0,0.8660254037844386,0.50000000000000011,0,0,108,1,1,1,1,4,3,4,4,4,0,7,1,1,3,2,2,2,0,12.331382836495621,3,0,0,0
1375,10625,Lvl,Inside,Somerst,1Fam,2Story,7,5,Gable,PConc,1958,3,1,2008,Normal,85.0,CemntBd,WD,None,Attchd,None,3,0,0,1026,0.0,364,1,0.18428235294117648,3,3,3,0,2.5,0,-0.49999999999999972,-0.86602540378443882,1,0,364,1,1,1,1,4,3,4,5,4,4,7,1,1,3,3,2,2,0,12.429216196844383,2,0,0,0
700,4282,Lvl,Inside,Somerst,TwnhsE,1Story,7,5,Gable,PConc,1391,2,0,2008,Normal,59.0,MetalSd,WD,None,Attchd,None,2,16,0,1391,0.011502516175413372,314,1,0.32484820177487156,4,4,4,0,2.0,0,-0.49999999999999972,-0.86602540378443882,1,0,314,1,1,1,1,4,3,4,5,4,0,7,1,2,1,2,2,2,2,12.185869938212655,2,0,0,0
1088,10574,Lvl,Inside,Somerst,1Fam,2Story,8,5,Gable,PConc,1953,3,1,2009,Normal,85.0,VinylSd,WD,None,Attchd,None,3,0,0,1082,0.0,210,1,0.18469831662568564,4,4,3,1,2.5,0,0.49999999999999994,-0.86602540378443871,1,0,210,1,1,1,1,4,3,4,5,4,4,7,1,2,3,2,2,2,0,12.437184366493561,2,0,1,0
938,9675,Lvl,Inside,Somerst,1Fam,2Story,7,5,Gable,PConc,1971,3,1,2009,Normal,75.0,VinylSd,WD,None,Attchd,None,2,341,0,1113,0.30637915543575922,48,1,0.20372093023255813,4,4,4,0,2.5,0,0.8660254037844386,0.50000000000000011,0,0,48,1,1,1,1,4,3,4,5,4,4,7,1,2,3,2,2,2,0,12.441144767709657,2,0,0,0
106,9375,Lvl,Inside,Somerst,1Fam,2Story,8,5,Hip,PConc,1992,3,1,2008,Normal,75.0,VinylSd,WD,None,Attchd,BrkFace,2,0,0,1053,0.0,185,1,0.21248,5,5,4,1,2.5,0,-0.86602540378443837,-0.50000000000000044,0,0,185,1,1,1,1,4,3,5,5,4,4,7,1,1,3,2,2,2,0,12.429216196844383,2,0,1,0
1455,7500,Lvl,Inside,Somerst,1Fam,1Story,7,5,Gable,PConc,1221,2,0,2009,Normal,62.0,VinylSd,WD,None,Attchd,None,2,410,0,1221,0.33579033579033579,113,1,0.1628,5,5,4,1,3.0,0,-0.8660254037844386,0.50000000000000011,0,0,113,1,1,1,1,4,3,4,5,4,0,7,1,1,3,2,2,2,2,12.128111104060462,2,0,1,0
257,8791,Lvl,Inside,Somerst,1Fam,2Story,6,5,Gable,PConc,1728,3,0,2008,Normal,64.0,VinylSd,WD,None,Attchd,None,2,503,0,864,0.58217592592592593,272,1,0.19656466841087475,5,5,5,0,2.5,0,0.49999999999999994,-0.86602540378443871,1,0,272,1,1,1,1,4,3,4,5,4,0,7,1,1,2,2,2,2,0,12.242886618652889,2,0,0,0
976,2651,Lvl,FR2,Somerst,Twnhs,2Story,7,5,Gable,PConc,1382,3,0,2006,Normal,73.5,MetalSd,WD,None,Detchd,None,2,641,0,673,0.95245170876671614,203,1,0.52131271218408148,6,6,6,0,3.5,0,0.86602540378443871,-0.49999999999999978,1,0,203,1,1,1,1,4,3,4,5,4,0,7,1,1,3,1,2,2,0,12.013700752882718,2,0,0,0
604,3182,Lvl,Inside,Somerst,TwnhsE,2Story,7,5,Gable,PConc,1200,2,0,2010,Normal,30.0,MetalSd,WD,None,Detchd,None,2,0,0,600,0.0,172,1,0.37712130735386551,6,6,5,1,2.5,0,1.2246467991473532e-16,-1.0,1,0,172,1,1,1,1,4,3,4,5,4,0,7,1,1,3,2,2,2,2,11.925035115797062,2,0,1,0
642,7050,Lvl,Inside,Somerst,1Fam,2Story,7,5,Gable,PConc,1929,3,1,2007,Normal,73.5,VinylSd,WD,None,Attchd,None,2,738,0,1057,0.69820245979186379,235,1,0.27361702127659576,6,6,6,0,3.5,0,0.49999999999999994,-0.86602540378443871,1,0,235,1,1,1,1,4,3,4,5,4,3,7,1,1,3,3,2,2,0,12.328290278254423,2,0,0,0
159,12552,Lvl,Corner,Somerst,1Fam,2Story,7,5,Gable,PConc,1947,3,1,2010,Normal,100.0,VinylSd,WD,GdWo,Attchd,None,2,222,0,991,0.22401614530776992,136,1,0.15511472275334609,6,6,5,1,2.5,0,0.49999999999999994,-0.86602540378443871,1,0,136,1,1,1,1,4,3,4,5,4,4,7,1,1,3,2,2,2,0,12.448626590364206,2,0,1,0
550,9375,Lvl,Inside,Somerst,1Fam,2Story,7,5,Gable,PConc,2094,4,1,2009,Normal,75.0,VinylSd,WD,None,BuiltIn,None,2,0,0,912,0.0,364,1,0.22336,6,6,5,1,2.5,0,-0.50000000000000044,0.86602540378443837,0,0,364,1,1,1,1,4,3,4,5,4,4,7,1,1,3,3,2,2,0,12.479909311159902,2,0,1,0
181,2117,Lvl,Inside,Somerst,Twnhs,2Story,6,5,Gable,PConc,1525,3,1,2007,Normal,73.5,MetalSd,WD,None,Detchd,BrkFace,2,436,0,756,0.57671957671957674,0,0,0.72035899858290031,7,7,7,0,2.5,0,1.2246467991473532e-16,-1.0,1,0,0,1,1,1,1,4,3,4,5,4,3,7,1,1,3,1,2,2,0,12.083905011555967,2,0,0,0
1266,3735,Lvl,FR3,Somerst,TwnhsE,2Story,7,5,Hip,PConc,1452,3,0,2006,Normal,35.0,MetalSd,WD,None,Detchd,BrkFace,2,450,0,691,0.65123010130246017,34,1,0.38875502008032131,7,7,7,0,3.5,0,1.0,6.123233995736766e-17,0,0,34,1,1,1,1,4,3,4,5,4,0,7,1,1,3,1,2,2,0,12.122147410592412,2,0,0,0
624,2117,Lvl,Inside,Somerst,TwnhsE,2Story,6,5,Gable,PConc,1512,2,1,2007,Normal,73.5,MetalSd,WD,None,Detchd,BrkFace,2,420,0,756,0.55555555555555558,32,1,0.71421823334907886,7,7,7,0,2.5,0,1.2246467991473532e-16,-1.0,1,0,32,1,1,1,1,4,3,4,5,4,3,7,1,1,3,1,2,2,0,12.034691028774553,2,0,0,0
116,3230,Lvl,Corner,Somerst,TwnhsE,2Story,6,5,Gable,PConc,1458,2,1,2007,Normal,34.0,MetalSd,WD,None,Detchd,BrkFace,2,419,0,729,0.57475994513031547,32,1,0.45139318885448915,8,8,8,0,2.5,0,1.2246467991473532e-16,-1.0,1,0,32,1,1,1,1,3,3,4,4,3,2,7,1,1,3,1,2,2,2,12.078239274020289,3,0,0,0
1192,2645,Lvl,Inside,Somerst,Twnhs,2Story,8,5,Gable,PConc,1441,2,0,2007,Normal,24.0,MetalSd,WD,None,Detchd,BrkFace,2,0,0,776,0.0,206,1,0.54480151228733464,8,8,7,1,2.5,0,-0.50000000000000044,0.86602540378443837,0,0,206,1,1,1,1,4,3,4,5,4,0,7,1,1,3,1,2,2,2,12.066810578196666,2,0,1,0
759,2280,Lvl,Inside,Somerst,Twnhs,2Story,7,5,Gable,PConc,1501,3,0,2008,Normal,24.0,MetalSd,WD,None,Detchd,BrkFace,2,549,0,744,0.73790322580645162,0,0,0.65833333333333333,9,9,9,0,2.5,0,-0.86602540378443837,-0.50000000000000044,0,0,0,1,1,1,1,3,3,4,4,3,0,7,1,1,3,1,2,2,2,12.097373228606832,3,0,0,0
886,5119,Lvl,CulDSac,Somerst,TwnhsE,1Story,9,5,Gable,PConc,1709,2,1,2008,Abnorml,50.0,MetalSd,CWD,None,Attchd,BrkFace,2,1238,0,1698,0.72909305064782093,162,1,0.33385426841179916,9,9,8,1,3.0,0,0.49999999999999994,0.86602540378443871,0,0,162,1,1,1,1,4,3,5,5,4,3,7,1,3,2,3,2,2,0,12.703509032177148,2,0,1,0
1092,2160,Lvl,Inside,Somerst,Twnhs,2Story,7,5,Gable,PConc,1252,2,0,2008,Normal,24.0,MetalSd,WD,None,Detchd,BrkFace,2,510,0,600,0.85,48,1,0.57962962962962961,9,9,8,1,3.5,0,1.0,6.123233995736766e-17,0,0,48,1,1,1,1,4,3,4,5,4,0,7,1,1,3,1,2,2,2,11.982929094215963,2,0,1,0
1366,7500,Lvl,Inside,Somerst,1Fam,2Story,7,5,Gable,PConc,1674,3,0,2010,Normal,73.5,VinylSd,WD,None,Attchd,None,2,533,0,814,0.65479115479115479,96,1,0.2232,10,10,10,0,3.5,0,0.49999999999999994,0.86602540378443871,0,0,96,1,1,1,1,4,3,4,5,4,0,7,1,1,3,2,2,2,0,12.283033686666302,2,0,0,0
756,3230,Lvl,Inside,Somerst,TwnhsE,2Story,6,5,Gable,PConc,1471,3,0,2009,Normal,34.0,MetalSd,WD,None,Detchd,BrkFace,2,381,0,729,0.522633744855967,24,1,0.45541795665634677,10,10,10,0,2.5,0,1.0,6.123233995736766e-17,0,0,24,1,1,1,1,3,3,4,4,3,0,7,1,1,3,1,2,2,2,12.058152515453552,3,0,0,0
298,7399,Lvl,Inside,Somerst,1Fam,2Story,7,5,Hip,PConc,1950,3,1,2007,Normal,66.0,VinylSd,WD,None,Detchd,BrkFace,2,649,0,975,0.66564102564102567,208,1,0.26354912826057575,10,10,9,1,2.5,0,1.2246467991473532e-16,-1.0,1,198,10,1,1,1,1,4,3,4,5,4,3,7,1,1,2,2,2,2,2,12.384218830913648,2,0,1,0
57,2645,Lvl,Inside,Somerst,Twnhs,2Story,8,5,Gable,PConc,1739,3,0,2009,Abnorml,24.0,MetalSd,WD,None,Attchd,BrkFace,2,649,0,970,0.66907216494845356,115,1,0.65746691871455576,10,10,9,1,3.5,0,-0.86602540378443837,-0.50000000000000044,0,0,115,1,1,1,1,4,3,4,5,4,0,7,1,1,3,3,2,2,2,12.058152515453552,2,0,1,0
1359,2117,Lvl,Inside,Somerst,Twnhs,2Story,6,5,Gable,PConc,1573,3,0,2010,Normal,73.5,MetalSd,WD,None,Detchd,BrkFace,2,378,0,756,0.5,32,1,0.74303259329239491,10,10,10,0,2.5,0,1.2246467991473532e-16,-1.0,1,0,32,1,1,1,1,4,3,4,5,4,0,7,1,1,3,1,2,2,0,12.086725887897607,2,0,0,0
960,2572,Lvl,FR2,Somerst,Twnhs,2Story,7,5,Hip,PConc,1416,3,0,2010,Normal,24.0,MetalSd,WD,None,Detchd,None,2,604,0,696,0.867816091954023,44,1,0.55054432348367033,11,11,11,0,3.5,0,0.49999999999999994,-0.86602540378443871,1,0,44,1,1,1,1,4,3,4,5,4,0,7,1,1,3,1,2,2,0,11.951180395901384,2,0,0,0
59,13682,HLS,CulDSac,StoneBr,1Fam,2Story,10,5,Hip,PConc,2945,3,1,2006,Partial,66.0,VinylSd,New,None,BuiltIn,BrkFace,3,0,0,1410,0.0,229,1,0.21524630901914923,0,0,0,0,3.5,0,-0.8660254037844386,0.50000000000000011,0,37,192,1,1,1,1,5,3,5,5,4,4,7,1,4,1,3,2,2,0,12.991753427493052,2,0,0,0
689,8089,HLS,Inside,StoneBr,1Fam,1Story,8,6,Gable,PConc,1419,2,1,2007,Partial,60.0,MetalSd,New,None,Attchd,BrkFace,2,945,0,1419,0.66596194503171247,140,1,0.17542341451353691,0,0,0,0,3.0,0,-0.8660254037844386,0.50000000000000011,0,0,140,1,1,1,1,4,3,4,5,4,4,7,1,3,3,2,2,2,0,12.8790171187726,2,0,0,0
703,12438,Lvl,Inside,StoneBr,1Fam,2Story,8,5,Hip,PConc,2576,4,1,2006,Partial,82.0,VinylSd,New,None,BuiltIn,BrkFace,3,0,0,1234,0.0,424,1,0.20710725196977006,0,0,0,0,2.5,0,-0.49999999999999972,-0.86602540378443882,1,0,424,1,1,1,1,5,3,5,5,5,4,7,1,1,2,3,2,2,0,12.799175708864519,2,0,0,0
379,11394,Lvl,Corner,StoneBr,1Fam,1Story,9,2,Hip,PConc,1856,1,1,2010,Partial,88.0,VinylSd,New,None,Attchd,Stone,3,1445,0,1856,0.77855603448275867,113,1,0.1628927505704757,0,0,0,0,2.5,0,1.2246467991473532e-16,-1.0,1,0,113,1,1,1,1,4,3,5,5,5,5,7,1,3,3,3,2,2,0,12.885202034321916,2,0,0,0
679,11844,Lvl,Inside,StoneBr,1Fam,1Story,8,5,Hip,PConc,2046,3,1,2009,Partial,80.0,VinylSd,New,None,Attchd,Stone,3,0,0,2046,0.0,404,1,0.17274569402228976,1,1,1,0,2.5,0,-0.49999999999999972,-0.86602540378443882,1,0,404,1,1,1,1,4,3,5,5,4,4,7,1,2,2,3,2,2,0,12.827992316801751,2,0,0,0
179,17423,Lvl,CulDSac,StoneBr,1Fam,1Story,9,5,Hip,PConc,2234,1,1,2009,Partial,63.0,VinylSd,New,None,Attchd,Stone,3,1904,0,2216,0.8592057761732852,60,1,0.12822131665040465,0,1,0,1,3.0,0,-0.49999999999999972,-0.86602540378443882,1,0,60,1,1,1,1,5,3,5,5,5,4,7,1,1,2,3,2,2,0,13.1260306447518,2,0,1,0
596,11302,Lvl,Inside,StoneBr,1Fam,1Story,8,5,Gable,PConc,1826,3,1,2006,Partial,69.0,VinylSd,New,None,Attchd,BrkFace,3,1422,0,1814,0.78390297684674748,375,1,0.1615643248982481,1,1,0,1,3.0,0,-0.86602540378443837,-0.50000000000000044,0,120,255,1,1,1,1,4,3,4,5,4,3,7,1,4,2,3,2,2,0,12.672946381766982,2,0,1,0
1047,16056,Lvl,Inside,StoneBr,1Fam,2Story,9,5,Hip,PConc,2868,4,1,2006,Partial,85.0,CemntBd,New,None,BuiltIn,Stone,3,240,0,1992,0.12048192771084337,322,1,0.17862481315396114,1,1,0,1,3.5,0,-0.49999999999999972,-0.86602540378443882,1,0,322,1,1,1,1,4,3,5,5,5,4,7,1,3,2,3,2,2,0,13.229567991666638,2,0,1,0
337,14157,HLS,Corner,StoneBr,1Fam,1Story,9,5,Hip,PConc,1922,3,1,2007,Normal,86.0,VinylSd,WD,None,Attchd,Stone,3,1249,0,1922,0.649843912591051,229,1,0.13576322667231758,2,2,1,1,3.0,0,-0.49999999999999972,-0.86602540378443882,1,0,229,1,1,1,1,4,3,5,5,4,4,7,1,4,2,3,2,2,0,12.841129801965447,2,0,1,0
567,11198,Lvl,Inside,StoneBr,1Fam,2Story,9,5,Hip,PConc,2504,4,1,2008,Normal,77.0,VinylSd,WD,None,BuiltIn,BrkFace,3,0,0,1122,0.0,183,1,0.22361135917128058,3,3,1,1,2.5,0,1.2246467991473532e-16,-1.0,1,0,183,1,1,1,1,4,3,4,5,5,4,7,1,1,2,3,2,2,0,12.691580461311874,2,0,2,0
1362,16158,Low,Inside,StoneBr,1Fam,1Story,7,5,Hip,PConc,1530,3,1,2009,Normal,124.0,VinylSd,WD,None,Attchd,Stone,2,1274,0,1530,0.83267973856209154,204,1,0.094689936873375416,4,4,4,0,3.0,0,1.2246467991473532e-16,-1.0,1,0,204,1,1,1,1,4,3,5,5,4,4,7,1,3,2,3,2,1,0,12.468436909997665,2,0,0,0
770,53504,HLS,CulDSac,StoneBr,1Fam,2Story,8,5,Hip,PConc,3279,4,1,2010,Normal,47.0,CemntBd,WD,None,BuiltIn,BrkFace,3,1416,0,1650,0.85818181818181816,749,1,0.061285137559808613,7,7,7,0,4.5,0,1.2246467991473532e-16,-1.0,1,210,539,1,1,1,1,5,3,4,5,5,4,4,1,4,1,3,2,1,0,13.195613839143922,2,0,0,0
475,5330,Lvl,Inside,StoneBr,TwnhsE,1Story,8,5,Gable,PConc,1652,2,0,2007,Normal,41.0,CemntBd,WD,None,Attchd,None,2,1196,0,1494,0.80053547523427038,144,1,0.30994371482176358,7,7,7,0,3.0,0,-0.86602540378443837,-0.50000000000000044,0,0,144,1,1,1,1,4,3,4,5,5,0,7,1,3,3,2,2,2,0,12.43320821811392,2,0,0,0
190,4923,Lvl,Inside,StoneBr,TwnhsE,1Story,8,5,Gable,PConc,1593,0,1,2008,Normal,41.0,CemntBd,WD,None,Attchd,None,2,1153,0,1593,0.72379158819836786,344,1,0.3235831809872029,7,7,6,1,2.5,0,-0.86602540378443837,-0.50000000000000044,0,224,120,1,1,1,1,4,3,5,5,5,4,7,1,3,3,3,2,2,0,12.563747089801989,2,0,1,0
1061,4920,Lvl,Inside,StoneBr,TwnhsE,1Story,8,5,Gable,PConc,1338,2,0,2010,Normal,41.0,CemntBd,WD,None,Attchd,None,2,616,0,1338,0.46038863976083705,170,1,0.27195121951219514,9,9,9,0,3.0,0,0.86602540378443871,-0.49999999999999978,1,170,0,1,1,1,1,4,3,4,5,4,0,7,1,2,3,3,2,2,0,12.271392111650817,2,0,0,0
1289,5664,Lvl,Inside,StoneBr,TwnhsE,1Story,8,5,Gable,PConc,1659,2,1,2009,Normal,40.0,CemntBd,WD,None,Attchd,None,2,1158,0,1501,0.77148567621585606,271,1,0.29290254237288138,9,9,9,0,3.0,0,-0.8660254037844386,0.50000000000000011,0,0,271,1,1,1,1,4,3,4,5,5,5,7,1,1,2,3,2,2,0,12.535376392672774,2,0,0,0
745,5395,HLS,Inside,StoneBr,TwnhsE,1Story,8,5,Gable,PConc,1337,2,1,2008,Normal,41.0,HdBoard,WD,None,Attchd,None,2,733,0,1337,0.54824233358264773,334,1,0.24782205746061167,15,15,15,0,3.0,0,-0.8660254037844386,0.50000000000000011,0,238,96,1,1,1,1,4,3,4,4,4,3,7,1,1,2,2,2,2,0,12.100712129872347,3,0,0,0
731,5389,Lvl,Inside,StoneBr,TwnhsE,1Story,8,5,Gable,PConc,1616,2,1,2010,Normal,39.0,CemntBd,WD,None,Attchd,None,2,1180,0,1595,0.7398119122257053,389,1,0.299870105771015,15,15,14,1,3.0,0,1.0,6.123233995736766e-17,0,0,389,1,1,1,1,4,3,4,5,4,3,7,1,1,2,2,2,2,0,12.373703486914124,2,0,1,0
173,5306,Lvl,Inside,StoneBr,TwnhsE,2Story,7,7,Gable,PConc,1767,2,1,2006,Normal,44.0,HdBoard,WD,None,Attchd,None,2,495,215,1064,0.66729323308270672,476,1,0.33301922352054281,19,19,19,0,3.0,0,1.2246467991473532e-16,-1.0,1,0,476,1,1,1,1,4,4,4,4,4,3,7,3,1,2,2,2,2,0,12.384218830913648,2,0,0,0
713,4671,HLS,Inside,StoneBr,TwnhsE,1Story,8,5,Gable,PConc,1228,2,1,2008,Normal,40.0,HdBoard,WD,None,Attchd,None,2,767,0,1228,0.62459283387622155,288,1,0.26289873688717619,20,20,19,1,3.0,0,-0.8660254037844386,0.50000000000000011,0,0,288,1,1,1,1,4,3,4,4,4,4,7,1,2,2,3,2,2,0,12.149502294041779,3,0,1,0
721,6563,Low,CulDSac,StoneBr,1Fam,1Story,8,5,Gable,PConc,1742,2,1,2006,Normal,61.5,HdBoard,WD,None,Attchd,None,2,1148,0,1742,0.65901262916188286,376,1,0.2654273960079232,21,21,21,0,3.0,0,-2.4492935982947064e-16,1.0,0,234,142,1,1,1,1,4,3,4,3,4,3,7,1,4,2,2,2,1,0,12.524526376648708,4,0,0,0
1098,3696,Lvl,Inside,StoneBr,TwnhsE,1Story,8,5,Gable,CBlock,1088,2,0,2007,Normal,61.5,HdBoard,WD,None,Attchd,None,2,0,0,1074,0.0,211,1,0.2943722943722944,20,21,21,0,1.5,0,-0.8660254037844386,0.50000000000000011,0,137,74,1,1,1,1,4,3,4,5,4,0,7,1,1,3,2,2,2,0,12.043553716032399,2,0,0,0
686,5062,Lvl,CulDSac,StoneBr,TwnhsE,2Story,7,5,Gable,CBlock,2090,3,1,2007,Normal,61.5,HdBoard,WD,None,Attchd,None,2,828,182,1190,0.84873949579831931,219,1,0.41288028447254049,23,23,23,0,3.0,0,-1.0,-1.8369701987210297e-16,0,0,219,1,1,1,1,4,3,4,4,4,3,6,2,2,2,3,2,2,0,12.242886618652889,3,0,0,0
1018,5814,Lvl,CulDSac,StoneBr,TwnhsE,1Story,8,5,Gable,CBlock,1360,1,1,2009,Abnorml,61.5,HdBoard,COD,None,Attchd,None,2,1036,0,1220,0.84918032786885245,63,1,0.23391812865497075,25,25,25,0,2.0,0,-0.86602540378443837,-0.50000000000000044,0,0,63,1,1,1,1,4,3,4,4,4,5,7,1,3,2,2,2,2,0,12.141534124392603,3,0,0,0
471,6820,Lvl,Corner,StoneBr,TwnhsE,1Story,8,5,Gable,PConc,1502,1,0,2010,Normal,61.5,HdBoard,WD,None,Attchd,None,2,368,1120,1488,1.0,194,1,0.22023460410557186,25,25,25,0,2.5,0,1.2246467991473532e-16,-1.0,1,140,54,1,1,1,1,4,3,4,3,4,0,7,4,3,2,2,2,2,0,12.26434155365415,4,0,0,0
573,13159,HLS,Corner,Timber,1Fam,2Story,7,5,Gable,PConc,1692,3,0,2009,Partial,83.0,VinylSd,New,None,Attchd,None,2,0,0,846,0.0,322,1,0.12858119917926894,0,0,0,0,2.5,0,-0.49999999999999972,-0.86602540378443882,1,0,322,1,1,1,1,3,3,5,4,4,0,7,1,3,2,2,2,2,0,12.321630986164447,3,0,0,0
1376,10991,HLS,Inside,Timber,1Fam,1Story,8,5,Gable,PConc,1571,3,1,2007,Partial,89.0,VinylSd,New,None,Attchd,BrkFace,3,0,0,1571,0.0,136,1,0.14293512874169775,0,0,0,0,2.0,0,-2.4492935982947064e-16,1.0,0,0,136,1,1,1,1,4,3,4,5,4,4,7,1,4,2,3,2,2,0,12.384218830913648,2,0,0,0
867,10656,HLS,Inside,Timber,1Fam,1Story,8,5,Gable,PConc,1646,3,1,2007,Partial,67.0,VinylSd,New,None,Attchd,Stone,3,0,0,1638,0.0,272,1,0.15446696696696696,0,1,0,1,2.0,0,-0.50000000000000044,0.86602540378443837,0,0,272,1,1,1,1,4,3,4,5,4,4,7,1,3,2,2,2,2,0,12.424806488355683,2,0,1,0
586,11443,Lvl,Inside,Timber,1Fam,1Story,8,5,Hip,PConc,2028,2,2,2006,Partial,88.0,VinylSd,New,None,Attchd,BrkFace,3,1460,0,1868,0.78158458244111351,392,1,0.1772262518570305,1,1,0,1,3.0,0,1.0,6.123233995736766e-17,0,0,392,1,1,1,1,4,3,5,5,4,4,7,1,4,3,2,2,2,0,12.820987977820545,2,0,1,0
158,12003,Lvl,Corner,Timber,1Fam,2Story,8,5,Gable,PConc,1968,4,1,2010,Partial,92.0,VinylSd,New,None,BuiltIn,BrkFace,3,0,0,774,0.0,75,1,0.16395901024743814,1,1,0,1,2.5,0,0.49999999999999994,-0.86602540378443871,1,0,75,1,1,1,1,4,3,5,5,5,4,7,1,1,3,3,2,2,0,12.504323669331189,2,0,1,0
1028,9520,HLS,Inside,Timber,1Fam,1Story,8,5,Gable,PConc,1646,3,1,2008,Partial,71.0,VinylSd,New,None,Attchd,Stone,3,1513,0,1638,0.92368742368742374,236,1,0.17289915966386554,0,1,0,1,3.0,0,0.86602540378443871,-0.49999999999999978,1,0,236,1,1,1,1,4,3,4,5,4,4,7,1,4,2,2,2,2,0,12.588190652108505,2,0,1,0
1240,9037,HLS,Inside,Timber,1Fam,1Story,8,5,Hip,PConc,1484,2,1,2007,Normal,64.0,VinylSd,WD,None,Attchd,BrkFace,2,428,0,1476,0.28997289972899731,153,1,0.16421378776142526,1,1,1,0,2.0,0,-2.4492935982947064e-16,1.0,0,0,153,1,1,1,1,4,3,4,5,5,4,7,1,3,2,2,2,2,0,12.490875577231112,2,0,0,0
1348,15306,HLS,Corner,Timber,1Fam,1Story,8,5,Gable,PConc,1776,3,1,2007,Partial,93.0,VinylSd,New,None,Attchd,Stone,3,80,0,1732,0.046189376443418015,0,0,0.11603292826342611,1,1,0,1,3.0,0,0.49999999999999994,-0.86602540378443871,1,0,0,1,1,1,1,4,3,5,5,4,4,7,1,4,2,3,2,2,0,12.554836882168736,2,0,1,0
931,8925,HLS,Inside,Timber,1Fam,1Story,8,5,Gable,PConc,1466,3,0,2009,Normal,73.0,VinylSd,WD,None,Attchd,None,3,16,0,1466,0.010914051841746248,118,1,0.1642577030812325,2,2,2,0,2.0,0,-0.49999999999999972,-0.86602540378443882,1,0,118,1,1,1,1,4,3,4,5,4,0,7,1,3,2,3,2,2,0,12.211060187041213,2,0,0,0
1380,9735,Lvl,Inside,Timber,1Fam,SLvl,5,5,Gable,PConc,1394,3,0,2008,Normal,73.0,VinylSd,WD,None,BuiltIn,None,2,0,0,384,0.0,100,1,0.14319465844889573,1,2,1,1,2.5,0,0.49999999999999994,-0.86602540378443871,1,0,100,1,1,1,1,3,3,4,4,4,0,7,1,1,3,3,2,2,0,12.028738630247258,3,0,1,0
1268,13214,HLS,Inside,Timber,1Fam,1Story,9,5,Hip,PConc,2018,3,1,2010,Normal,89.0,Stucco,WD,None,Attchd,None,3,0,0,2002,0.0,220,1,0.15271681549871349,1,2,1,1,2.0,0,0.49999999999999994,-0.86602540378443871,1,0,220,1,1,1,1,5,3,5,5,5,4,7,1,4,2,3,2,2,0,12.84397135185964,2,0,1,0
1396,12665,Lvl,Inside,Timber,1Fam,2Story,8,5,Hip,PConc,2482,4,1,2007,Normal,88.0,VinylSd,WD,None,BuiltIn,BrkFace,3,0,0,1094,0.0,183,1,0.19597315436241611,2,2,1,1,2.5,0,0.8660254037844386,0.50000000000000011,0,0,183,1,1,1,1,4,3,4,5,4,4,7,1,4,2,3,2,2,0,12.54686766829102,2,0,1,0
1037,12898,HLS,Inside,Timber,1Fam,1Story,9,5,Hip,PConc,1620,2,1,2009,Normal,89.0,VinylSd,WD,None,Attchd,Stone,3,1022,0,1620,0.6308641975308642,228,1,0.12560086835168244,1,2,1,1,3.0,0,-1.0,-1.8369701987210297e-16,0,0,228,1,1,1,1,4,3,5,5,5,5,7,1,4,2,3,2,2,0,12.661913960963405,2,0,1,0
541,14601,Lvl,Inside,Timber,1Fam,1Story,9,5,Hip,PConc,1838,2,1,2009,Normal,85.0,VinylSd,WD,None,Attchd,BrkFace,3,1260,0,1838,0.68552774755168666,338,1,0.12588178891856722,3,3,3,0,3.0,0,1.0,6.123233995736766e-17,0,0,338,1,1,1,1,5,3,5,5,5,4,7,1,3,3,3,2,2,0,12.66032791780777,2,0,0,0
732,9590,Lvl,Corner,Timber,1Fam,SLvl,7,5,Gable,PConc,1146,3,1,2007,Normal,73.0,VinylSd,WD,None,Attchd,BrkFace,2,786,0,868,0.90552995391705071,182,1,0.11949947862356622,4,4,4,0,3.0,0,0.49999999999999994,-0.86602540378443871,1,0,182,1,1,1,1,4,3,5,5,4,4,7,1,3,2,3,2,2,0,12.141534124392603,2,0,0,0
701,14331,Lvl,Inside,Timber,1Fam,1Story,8,5,Hip,PConc,1800,3,1,2006,Normal,85.0,VinylSd,WD,None,Attchd,BrkFace,3,1274,0,1800,0.70777777777777773,348,1,0.1256018421603517,4,4,4,0,3.0,0,0.49999999999999994,-0.86602540378443871,1,0,348,1,1,1,1,4,3,5,5,4,4,7,1,4,3,3,2,2,0,12.652359748158593,2,0,0,0
948,14536,Lvl,Inside,Timber,1Fam,1Story,8,5,Hip,PConc,1629,3,1,2007,Normal,85.0,VinylSd,WD,None,Attchd,BrkFace,3,1300,0,1616,0.8044554455445545,252,1,0.11206659328563566,5,5,4,1,3.0,0,-0.50000000000000044,0.86602540378443837,0,0,252,1,1,1,1,4,3,4,5,4,4,7,1,3,3,3,2,2,0,12.506177237980511,2,0,1,0
620,12244,Lvl,Inside,Timber,1Fam,2Story,8,5,Hip,PConc,2262,4,2,2008,Normal,85.0,VinylSd,WD,None,Attchd,Stone,3,871,0,1482,0.58771929824561409,168,1,0.18474354786017641,5,5,5,0,3.5,0,-0.86602540378443837,-0.50000000000000044,0,0,168,1,1,1,1,4,3,4,5,4,4,7,1,4,3,3,2,2,0,12.628067055589549,2,0,0,0
134,6853,Lvl,Inside,Timber,1Fam,1Story,8,5,Gable,PConc,1296,2,0,2009,Normal,85.0,VinylSd,WD,None,Attchd,BrkFace,2,1005,0,1267,0.79321231254932911,217,1,0.18911425652998687,8,8,7,1,3.0,0,1.2246467991473532e-16,-1.0,1,0,217,1,1,1,1,4,3,5,5,4,0,7,1,1,2,3,2,2,0,12.301382825334498,2,0,1,0
965,11316,Lvl,Corner,Timber,1Fam,2Story,7,5,Gable,PConc,1894,4,1,2010,Normal,80.0,VinylSd,WD,None,BuiltIn,BrkFace,2,624,0,817,0.76376988984088123,40,1,0.16737363025804172,8,8,7,1,3.5,0,0.8660254037844386,0.50000000000000011,0,0,40,1,1,1,1,4,3,4,5,4,4,7,1,1,3,3,2,2,0,12.277928082630602,2,0,1,0
341,14191,Lvl,Inside,Timber,1Fam,2Story,8,5,Gable,PConc,1908,4,0,2010,Normal,85.0,VinylSd,WD,None,Attchd,None,2,0,0,967,0.0,135,1,0.13445141286731027,8,8,8,0,2.5,0,0.86602540378443871,-0.49999999999999978,1,0,135,1,1,1,1,4,3,4,5,4,0,7,1,1,3,3,2,2,0,12.220468525813907,2,0,0,0
453,9303,Lvl,Corner,Timber,1Fam,2Story,6,5,Hip,PConc,1756,3,0,2007,Normal,85.0,VinylSd,WD,None,Attchd,BrkFace,2,742,0,872,0.8509174311926605,266,1,0.18875631516715038,11,11,10,1,3.5,0,-0.49999999999999972,-0.86602540378443882,1,0,266,1,1,1,1,4,3,5,5,3,0,7,1,1,2,3,2,2,0,12.225875272826354,2,0,1,0
1282,8049,Lvl,CulDSac,Timber,1Fam,1Story,7,5,Hip,CBlock,1339,2,1,2006,Normal,50.0,HdBoard,WD,None,Attchd,BrkFace,2,1053,0,1309,0.80443086325439261,148,1,0.16635606907690395,16,16,16,0,3.0,0,-0.49999999999999972,-0.86602540378443882,1,90,58,1,1,1,1,3,3,4,3,3,3,7,1,1,2,3,2,2,0,12.100712129872347,4,0,0,0
1181,11170,Lvl,Corner,Timber,1Fam,2Story,7,5,Gable,Wood,2514,4,0,2006,Normal,85.0,MetalSd,WD,GdPrv,Attchd,None,2,1216,0,1216,1.0,0,0,0.22506714413607878,16,16,15,1,2.5,0,0.86602540378443871,-0.49999999999999978,1,0,0,1,1,1,1,3,3,4,5,3,0,7,1,1,1,3,2,2,0,12.429216196844383,2,0,1,0
882,13758,Lvl,CulDSac,Timber,1Fam,1.5Fin,7,5,Gable,CBlock,1717,3,1,2007,Normal,44.0,HdBoard,WD,None,Attchd,BrkFace,2,902,0,1156,0.7802768166089965,204,1,0.12480011629597325,17,17,16,1,2.5,0,0.86602540378443871,-0.49999999999999978,1,0,204,1,1,1,1,4,4,4,5,4,3,7,1,2,2,2,2,2,0,12.141534124392603,1,0,1,0
693,26178,Lvl,Inside,Timber,1Fam,2Story,7,5,Hip,PConc,2519,4,2,2006,Normal,42.0,MetalSd,WD,None,Attchd,BrkFace,2,965,0,1210,0.7975206611570248,347,1,0.096225838490335391,17,17,16,1,3.5,0,0.86602540378443871,-0.49999999999999978,1,0,347,1,1,1,1,4,3,4,5,4,4,7,1,4,2,2,2,1,0,12.721885810807203,2,0,1,0
696,13811,Lvl,Inside,Timber,1Fam,1Story,6,6,Gable,CBlock,1137,2,1,2006,Normal,54.0,HdBoard,WD,None,Attchd,BrkFace,2,980,40,1112,0.91726618705035967,125,1,0.0823256824270509,19,19,19,0,3.0,0,-0.49999999999999972,-0.86602540378443882,1,0,125,1,1,1,1,3,3,4,4,4,3,7,2,1,2,1,2,2,0,12.078239274020289,3,0,0,0
531,10200,Lvl,Inside,Timber,1Fam,SLvl,6,5,Gable,CBlock,1509,3,1,2008,Abnorml,85.0,HdBoard,WD,None,Attchd,BrkFace,2,783,0,1461,0.53593429158110883,224,1,0.14794117647058824,20,20,19,1,3.0,0,-0.86602540378443837,-0.50000000000000044,0,0,224,1,1,1,1,4,3,4,5,4,2,7,1,3,3,2,2,2,0,12.072541252905651,2,0,1,0
430,11457,Lvl,Corner,Timber,1Fam,1Story,6,5,Gable,CBlock,1412,3,1,2009,Normal,130.0,HdBoard,WD,None,Attchd,None,2,1005,0,1392,0.72198275862068961,169,1,0.12324343196299206,21,21,21,0,3.0,0,1.0,6.123233995736766e-17,0,169,0,1,1,1,1,3,3,4,3,4,3,7,1,2,2,1,2,2,0,12.072541252905651,4,0,0,0
175,12416,Lvl,Inside,Timber,1Fam,1Story,6,5,Gable,CBlock,1651,3,1,2008,Normal,47.0,VinylSd,WD,None,Attchd,Stone,2,1398,208,1606,1.0,192,1,0.1329735824742268,22,22,22,0,3.0,0,-0.50000000000000044,0.86602540378443837,0,0,192,1,1,1,1,3,3,4,3,3,3,5,2,1,2,3,2,2,0,12.122691036591123,4,0,0,0
170,16669,Lvl,Corner,Timber,1Fam,1Story,8,6,Hip,CBlock,1707,2,1,2006,Normal,85.0,Plywood,WD,None,Attchd,BrkFace,2,0,0,1686,0.0,638,1,0.102405663207151,25,25,25,0,2.5,0,0.49999999999999994,0.86602540378443871,0,0,638,1,1,1,1,4,3,4,3,3,3,7,1,1,2,2,2,2,0,12.337100907936577,4,0,0,0
1025,15498,Lvl,Corner,Timber,1Fam,1Story,8,6,Hip,CBlock,2898,2,1,2008,Abnorml,85.0,Stone,COD,None,Attchd,None,2,1165,400,1565,1.0,246,1,0.18699186991869918,32,32,32,0,3.0,0,0.49999999999999994,-0.86602540378443871,1,174,72,1,1,1,1,4,3,4,3,4,4,7,2,3,2,3,2,2,0,12.567237494741757,4,0,0,0
336,164660,HLS,Corner,Timber,2fmCon,1.5Fin,5,6,Gable,CBlock,1786,3,2,2008,Normal,85.0,Plywood,WD,None,Attchd,None,2,1249,147,1499,0.93128752501667778,670,1,0.010846592979472854,43,43,43,0,4.0,0,-0.86602540378443837,-0.50000000000000044,0,0,670,1,1,1,1,3,3,3,5,3,4,7,4,4,2,3,2,0,0,12.341258918085241,2,0,0,0
314,215245,Low,Inside,Timber,1Fam,1Story,7,5,Hip,CBlock,2036,3,2,2009,Normal,150.0,BrkFace,WD,None,Attchd,None,2,1236,820,2136,0.96254681647940077,0,0,0.0094589885943924361,44,44,44,0,4.0,0,1.2246467991473532e-16,-1.0,1,0,0,0,1,1,1,3,3,4,3,3,4,7,3,4,0,2,2,0,0,12.834681304952548,4,0,0,0
1185,35133,Lvl,Inside,Timber,1Fam,1Story,5,4,Hip,CBlock,1572,3,2,2007,Normal,50.0,MetalSd,WD,None,2Types,BrkFace,3,1159,0,1572,0.73727735368956748,526,1,0.044744257535650242,44,44,44,0,2.5,0,0.49999999999999994,-0.86602540378443871,1,263,263,1,1,1,1,3,3,3,4,3,3,7,1,4,3,2,2,1,0,12.137258329529814,3,0,0,0
42,16905,Lvl,Inside,Timber,1Fam,1Story,5,6,Gable,CBlock,1328,2,2,2007,Normal,115.0,VinylSd,WD,None,Attchd,None,1,967,0,1350,0.71629629629629632,104,1,0.078556640047323281,48,48,48,0,2.0,0,-0.49999999999999972,-0.86602540378443882,1,0,104,1,1,1,1,3,4,3,4,3,4,7,1,4,3,2,1,2,0,12.043553716032399,2,0,0,0
945,14375,Lvl,CulDSac,Timber,1Fam,SLvl,6,6,Gable,CBlock,1344,3,1,2009,Abnorml,85.0,HdBoard,COD,None,Basment,BrkFace,2,111,354,819,0.56776556776556775,351,1,0.093495652173913049,51,51,51,0,1.5,0,0.49999999999999994,0.86602540378443871,0,233,118,1,1,1,0,3,3,3,4,4,4,7,3,1,2,2,2,2,0,11.831379196088763,3,0,0,0
1397,57200,Bnk,Inside,Timber,1Fam,1Story,5,5,Gable,CBlock,1687,3,2,2010,Normal,85.0,Wd Sdng,WD,None,Detchd,None,2,353,334,747,0.91967871485943775,50,1,0.029493006993006991,44,62,60,1,2.0,0,1.2246467991473532e-16,-1.0,1,50,0,1,1,1,1,3,3,3,3,3,3,6,3,3,2,1,0,0,0,11.982929094215963,4,0,2,0
765,9549,Lvl,CulDSac,Veenker,TwnhsE,1Story,8,5,Hip,PConc,1494,2,1,2006,Normal,30.0,BrkFace,WD,None,Attchd,None,2,437,1057,1494,1.0,246,1,0.15645617342130066,11,11,10,1,2.5,0,0.86602540378443871,-0.49999999999999978,1,216,30,1,1,1,1,4,4,4,5,5,4,7,6,3,2,3,2,2,0,12.506177237980511,1,0,1,0
401,14963,Lvl,Inside,Veenker,TwnhsE,1Story,8,5,Gable,PConc,1288,1,2,2008,Normal,38.0,BrkFace,WD,None,Attchd,None,2,786,0,1260,0.62380952380952381,374,1,0.086078994853973134,12,12,12,0,2.5,0,-2.4492935982947064e-16,1.0,0,224,150,1,1,1,1,4,3,4,5,5,4,7,1,1,1,3,2,2,0,12.411052226216713,2,0,0,0
327,10846,Lvl,CulDSac,Veenker,TwnhsE,1Story,8,5,Gable,PConc,1719,1,2,2008,Normal,32.0,BrkFace,Con,None,Attchd,None,2,1619,0,1719,0.941826643397324,152,1,0.15849160981006824,15,15,15,0,3.5,0,0.49999999999999994,-0.86602540378443871,1,0,152,1,1,1,1,4,3,4,5,4,4,7,1,4,2,3,2,2,0,12.688498794774466,2,0,0,0
161,11120,Lvl,CulDSac,Veenker,1Fam,1Story,6,6,Gable,PConc,1232,3,0,2008,Normal,68.0,Plywood,WD,None,Attchd,None,2,660,0,1232,0.5357142857142857,0,0,0.11079136690647481,24,24,24,0,2.0,0,1.2246467991473532e-16,-1.0,1,0,0,1,1,1,1,3,3,4,3,3,0,7,1,1,2,1,2,2,0,11.998433280751929,4,0,0,0
54,50271,Low,Inside,Veenker,1Fam,1Story,9,5,Gable,CBlock,1842,0,1,2006,Normal,68.0,WdShing,WD,None,Attchd,None,3,1810,0,1842,0.98262757871878392,929,1,0.036641403592528494,25,25,19,1,2.5,0,-0.50000000000000044,0.86602540378443837,0,0,929,1,1,1,1,4,3,5,4,4,4,7,1,4,2,3,2,2,0,12.860998613269921,3,0,6,0
1165,16157,Lvl,FR2,Veenker,1Fam,SLvl,5,7,Gable,PConc,1432,2,1,2007,Normal,68.0,Plywood,WD,None,Attchd,None,2,680,391,1360,0.7875,348,1,0.0886303150337315,29,29,29,0,2.5,1,1.2246467991473532e-16,-1.0,1,0,348,1,1,1,1,3,3,4,5,4,3,7,3,4,2,1,2,2,0,12.175613438045465,2,0,0,0
673,11250,Lvl,Inside,Veenker,1Fam,1Story,6,6,Gable,CBlock,1208,3,1,2006,Normal,68.0,Plywood,WD,None,Attchd,None,2,767,0,1208,0.63493377483443714,240,1,0.10737777777777778,29,29,29,0,2.5,0,1.2246467991473532e-16,-1.0,1,0,240,1,1,1,1,4,3,4,3,3,3,7,1,1,2,2,2,2,0,12.013700752882718,4,0,0,0
2,9600,Lvl,FR2,Veenker,1Fam,1Story,6,8,Gable,CBlock,1262,3,1,2007,Normal,80.0,MetalSd,WD,None,Attchd,None,2,978,0,1262,0.77496038034865289,298,1,0.13145833333333334,31,31,31,0,2.5,1,0.49999999999999994,-0.86602540378443871,1,0,298,1,1,1,1,3,3,4,5,3,3,7,1,4,3,2,2,2,0,12.109010932687042,2,0,0,0
1156,10768,Lvl,Corner,Veenker,1Fam,1Story,5,8,Gable,CBlock,1437,3,1,2007,Normal,90.0,Plywood,WD,None,Attchd,None,2,1157,0,1437,0.8051496172581768,201,1,0.13345096582466567,31,31,3,1,3.0,0,-0.49999999999999972,-0.86602540378443882,1,180,21,1,1,1,1,4,4,4,3,4,2,7,1,4,2,2,2,2,0,12.292250341771226,3,0,28,0
850,9600,Lvl,FR2,Veenker,1Fam,SLvl,6,7,Hip,CBlock,1855,3,1,2007,Normal,80.0,Plywood,WD,None,Attchd,BrkFace,2,0,0,528,0.0,213,1,0.19322916666666667,31,31,13,1,2.5,1,-0.86602540378443837,-0.50000000000000044,0,0,213,1,1,1,1,4,4,3,5,3,3,7,1,1,3,2,2,2,0,12.138863895836725,1,0,18,0
1254,17542,Lvl,Inside,Veenker,1Fam,2Story,7,7,Gable,CBlock,2167,3,2,2007,Normal,68.0,Wd Sdng,WD,MnPrv,Attchd,None,2,125,1031,1192,0.96979865771812079,267,1,0.12353209440200662,33,33,4,1,3.5,0,-0.49999999999999972,-0.86602540378443882,1,0,267,1,1,1,1,4,3,3,3,4,4,7,5,4,2,2,2,2,0,12.591335046320818,4,0,29,0